2026-06-22 21:46:24.875 | INFO     | __main__:run_full_ingestion:25 - Запуск ініціалізації бази даних згідно з оновленою схемою дат...
2026-06-22 21:46:24.980 | INFO     | src.scraper.hackathon_list_scraper:fetch_ended_hackathons:16 - Запуск збору списку хакатонів. Заплановано сторінок: 1
2026-06-22 21:46:24.981 | INFO     | src.scraper.hackathon_list_scraper:fetch_ended_hackathons:20 - Збір сторінки 1...
2026-06-22 21:46:26.044 | INFO     | src.scraper.hackathon_list_scraper:fetch_ended_hackathons:31 - Сторінку 1 успішно оброблено. Зчитано записів: 24
2026-06-22 21:46:28.045 | INFO     | __main__:run_full_ingestion:31 - Отримано список із 24 хакатонів. Починаємо оркестрацію...
2026-06-22 21:46:28.760 | INFO     | __main__:run_full_ingestion:46 - [1/24] Початок збору даних для: HACKFEST'26...
2026-06-22 21:46:28.761 | INFO     | src.scraper.hackathon_detail_scraper:scrape_hackathon_detail:19 - Збір деталей для хакатону за адресою: https://hackfest-26.devpost.com/
2026-06-22 21:46:29.597 | INFO     | src.scraper.projects_scraper:fetch_hackathon_projects:31 - Запуск збору проектів для субдомену: hackfest-26
2026-06-22 21:46:29.597 | INFO     | src.scraper.projects_scraper:fetch_hackathon_projects:35 - Збір проектів, сторінка 1...
2026-06-22 21:46:30.564 | INFO     | src.scraper.projects_scraper:fetch_hackathon_projects:107 - Сторінка 1: успішно зчитано 24 проектів.
2026-06-22 21:46:32.564 | INFO     | src.scraper.projects_scraper:fetch_hackathon_projects:35 - Збір проектів, сторінка 2...
2026-06-22 21:46:33.753 | INFO     | src.scraper.projects_scraper:fetch_hackathon_projects:107 - Сторінка 2: успішно зчитано 24 проектів.
2026-06-22 21:46:35.754 | INFO     | src.scraper.projects_scraper:fetch_hackathon_projects:35 - Збір проектів, сторінка 3...
2026-06-22 21:46:36.589 | INFO     | src.scraper.projects_scraper:fetch_hackathon_projects:107 - Сторінка 3: успішно зчитано 7 проектів.
2026-06-22 21:46:38.589 | INFO     | src.scraper.projects_scraper:fetch_hackathon_projects:35 - Збір проектів, сторінка 4...
2026-06-22 21:46:39.332 | INFO     | src.scraper.projects_scraper:fetch_hackathon_projects:52 - На сторінці 4 більше немає карток проектів. Завершуємо збір.
2026-06-22 21:46:39.333 | INFO     | __main__:run_full_ingestion:72 - Знайдено проектів для обробки: 55
2026-06-22 21:46:39.333 | INFO     | src.scraper.project_detail_scraper:scrape_project_detail:23 - Збір деталей проекту за адресою: https://devpost.com/software/stroke-predicticn
2026-06-22 21:46:41.218 | INFO     | src.scraper.project_detail_scraper:scrape_project_detail:23 - Збір деталей проекту за адресою: https://devpost.com/software/inventory-management-system-rs5koe
2026-06-22 21:46:43.290 | INFO     | src.scraper.project_detail_scraper:scrape_project_detail:23 - Збір деталей проекту за адресою: https://devpost.com/software/root-cause-uiv04l
2026-06-22 21:46:45.113 | INFO     | src.scraper.project_detail_scraper:scrape_project_detail:23 - Збір деталей проекту за адресою: https://devpost.com/software/tinyml-predictive-maintenance
2026-06-22 21:46:47.129 | INFO     | src.scraper.project_detail_scraper:scrape_project_detail:23 - Збір деталей проекту за адресою: https://devpost.com/software/clinika
2026-06-22 21:46:49.090 | INFO     | src.scraper.project_detail_scraper:scrape_project_detail:23 - Збір деталей проекту за адресою: https://devpost.com/software/mediverify-pro-hgeiqt
2026-06-22 21:46:51.145 | INFO     | src.scraper.project_detail_scraper:scrape_project_detail:23 - Збір деталей проекту за адресою: https://devpost.com/software/sentineliq-nlp-cyber-threat-phishing-detection
2026-06-22 21:46:53.263 | INFO     | src.scraper.project_detail_scraper:scrape_project_detail:23 - Збір деталей проекту за адресою: https://devpost.com/software/omegaos
2026-06-22 21:46:55.621 | INFO     | src.scraper.project_detail_scraper:scrape_project_detail:23 - Збір деталей проекту за адресою: https://devpost.com/software/smart-grid-optimisation-system
2026-06-22 21:46:57.551 | INFO     | src.scraper.project_detail_scraper:scrape_project_detail:23 - Збір деталей проекту за адресою: https://devpost.com/software/nivesh-ai
2026-06-22 21:46:59.835 | INFO     | src.scraper.project_detail_scraper:scrape_project_detail:23 - Збір деталей проекту за адресою: https://devpost.com/software/neuroflow-ai-m4h6pi
2026-06-22 21:47:02.013 | INFO     | src.scraper.project_detail_scraper:scrape_project_detail:23 - Збір деталей проекту за адресою: https://devpost.com/software/shieldnet-cagprz
2026-06-22 21:47:04.361 | INFO     | src.scraper.project_detail_scraper:scrape_project_detail:23 - Збір деталей проекту за адресою: https://devpost.com/software/fin-wise-o9p4av
2026-06-22 21:47:06.522 | INFO     | src.scraper.project_detail_scraper:scrape_project_detail:23 - Збір деталей проекту за адресою: https://devpost.com/software/nexusai-autonomous-fintech-command-center
2026-06-22 21:47:08.980 | INFO     | src.scraper.project_detail_scraper:scrape_project_detail:23 - Збір деталей проекту за адресою: https://devpost.com/software/pulse-link-an-ai-integrated-blood-donating-platform
2026-06-22 21:47:10.831 | INFO     | src.scraper.project_detail_scraper:scrape_project_detail:23 - Збір деталей проекту за адресою: https://devpost.com/software/civiclens-9tghum
2026-06-22 21:47:13.114 | INFO     | src.scraper.project_detail_scraper:scrape_project_detail:23 - Збір деталей проекту за адресою: https://devpost.com/software/ai-test-gen
2026-06-22 21:47:15.234 | INFO     | src.scraper.project_detail_scraper:scrape_project_detail:23 - Збір деталей проекту за адресою: https://devpost.com/software/civicpulse-ai-public-issue-auto-escalation-system
2026-06-22 21:47:16.652 | INFO     | src.scraper.project_detail_scraper:scrape_project_detail:23 - Збір деталей проекту за адресою: https://devpost.com/software/crime-pattern-and-public-safety-analysis-system
2026-06-22 21:47:18.660 | INFO     | src.scraper.project_detail_scraper:scrape_project_detail:23 - Збір деталей проекту за адресою: https://devpost.com/software/healthbuddy-ai-cz6afj
2026-06-22 21:47:20.784 | INFO     | src.scraper.project_detail_scraper:scrape_project_detail:23 - Збір деталей проекту за адресою: https://devpost.com/software/axomed-prototype-1
2026-06-22 21:47:23.569 | INFO     | src.scraper.project_detail_scraper:scrape_project_detail:23 - Збір деталей проекту за адресою: https://devpost.com/software/agrimon-pro-ai-powered-smart-farming-1y0u9z
2026-06-22 21:47:26.475 | INFO     | src.scraper.project_detail_scraper:scrape_project_detail:23 - Збір деталей проекту за адресою: https://devpost.com/software/ai-based-personalized-learning-platform
2026-06-22 21:47:28.869 | INFO     | src.scraper.project_detail_scraper:scrape_project_detail:23 - Збір деталей проекту за адресою: https://devpost.com/software/decisioniq-ai-decision-intelligence-platform-7m0vqs
2026-06-22 21:47:32.679 | INFO     | src.scraper.project_detail_scraper:scrape_project_detail:23 - Збір деталей проекту за адресою: https://devpost.com/software/kavach-upi-remote-fraud-security-shield
2026-06-22 21:47:35.625 | INFO     | src.scraper.project_detail_scraper:scrape_project_detail:23 - Збір деталей проекту за адресою: https://devpost.com/software/needbridge
2026-06-22 21:47:38.119 | INFO     | src.scraper.project_detail_scraper:scrape_project_detail:23 - Збір деталей проекту за адресою: https://devpost.com/software/civora
2026-06-22 21:47:41.302 | INFO     | src.scraper.project_detail_scraper:scrape_project_detail:23 - Збір деталей проекту за адресою: https://devpost.com/software/nyayasathi-your-intelligent-partner-in-justice
2026-06-22 21:47:42.476 | INFO     | src.scraper.project_detail_scraper:scrape_project_detail:23 - Збір деталей проекту за адресою: https://devpost.com/software/sustain-a-thon
2026-06-22 21:47:45.839 | INFO     | src.scraper.project_detail_scraper:scrape_project_detail:23 - Збір деталей проекту за адресою: https://devpost.com/software/mediwise-ai-0351mg
2026-06-22 21:47:48.386 | INFO     | src.scraper.project_detail_scraper:scrape_project_detail:23 - Збір деталей проекту за адресою: https://devpost.com/software/areapulse-kel509
2026-06-22 21:47:49.612 | INFO     | src.scraper.project_detail_scraper:scrape_project_detail:23 - Збір деталей проекту за адресою: https://devpost.com/software/air-canvas-5xn8l0
2026-06-22 21:47:51.480 | INFO     | src.scraper.project_detail_scraper:scrape_project_detail:23 - Збір деталей проекту за адресою: https://devpost.com/software/forze-ide-h4esa8
2026-06-22 21:47:53.567 | INFO     | src.scraper.project_detail_scraper:scrape_project_detail:23 - Збір деталей проекту за адресою: https://devpost.com/software/areapulse-f4adlm
2026-06-22 21:47:54.708 | INFO     | src.scraper.project_detail_scraper:scrape_project_detail:23 - Збір деталей проекту за адресою: https://devpost.com/software/medishield-gimysl
2026-06-22 21:47:56.729 | INFO     | src.scraper.project_detail_scraper:scrape_project_detail:23 - Збір деталей проекту за адресою: https://devpost.com/software/nagrik360
2026-06-22 21:47:58.661 | INFO     | src.scraper.project_detail_scraper:scrape_project_detail:23 - Збір деталей проекту за адресою: https://devpost.com/software/medsafe-ai-drug-interaction-checker
2026-06-22 21:48:00.527 | INFO     | src.scraper.project_detail_scraper:scrape_project_detail:23 - Збір деталей проекту за адресою: https://devpost.com/software/bookmaster
2026-06-22 21:48:02.723 | INFO     | src.scraper.project_detail_scraper:scrape_project_detail:23 - Збір деталей проекту за адресою: https://devpost.com/software/saarthi-fr6sle
2026-06-22 21:48:04.696 | INFO     | src.scraper.project_detail_scraper:scrape_project_detail:23 - Збір деталей проекту за адресою: https://devpost.com/software/vanguard-h7fpc9
2026-06-22 21:48:06.651 | INFO     | src.scraper.project_detail_scraper:scrape_project_detail:23 - Збір деталей проекту за адресою: https://devpost.com/software/a-dap-t
2026-06-22 21:48:08.588 | INFO     | src.scraper.project_detail_scraper:scrape_project_detail:23 - Збір деталей проекту за адресою: https://devpost.com/software/singular-icmku2
2026-06-22 21:48:10.649 | INFO     | src.scraper.project_detail_scraper:scrape_project_detail:23 - Збір деталей проекту за адресою: https://devpost.com/software/icu-ai-monitor
2026-06-22 21:48:12.814 | INFO     | src.scraper.project_detail_scraper:scrape_project_detail:23 - Збір деталей проекту за адресою: https://devpost.com/software/cogniflow-ai-29ah3z
2026-06-22 21:48:14.854 | INFO     | src.scraper.project_detail_scraper:scrape_project_detail:23 - Збір деталей проекту за адресою: https://devpost.com/software/career-copilot-ai-aqfsmv
2026-06-22 21:48:16.868 | INFO     | src.scraper.project_detail_scraper:scrape_project_detail:23 - Збір деталей проекту за адресою: https://devpost.com/software/smartcareer-ai
2026-06-22 21:48:18.712 | INFO     | src.scraper.project_detail_scraper:scrape_project_detail:23 - Збір деталей проекту за адресою: https://devpost.com/software/iris-ai-powered-eye-screening-partner
2026-06-22 21:48:20.830 | INFO     | src.scraper.project_detail_scraper:scrape_project_detail:23 - Збір деталей проекту за адресою: https://devpost.com/software/docurec-ai-intelligent-indian-document-processing-qe6sfv
2026-06-22 21:48:22.921 | INFO     | src.scraper.project_detail_scraper:scrape_project_detail:23 - Збір деталей проекту за адресою: https://devpost.com/software/ecotrace-y127pa
2026-06-22 21:48:24.830 | INFO     | src.scraper.project_detail_scraper:scrape_project_detail:23 - Збір деталей проекту за адресою: https://devpost.com/software/nuroai
2026-06-22 21:48:25.988 | INFO     | src.scraper.project_detail_scraper:scrape_project_detail:23 - Збір деталей проекту за адресою: https://devpost.com/software/healthtwin-guardian-ai-o1x7kg
2026-06-22 21:48:28.025 | INFO     | src.scraper.project_detail_scraper:scrape_project_detail:23 - Збір деталей проекту за адресою: https://devpost.com/software/healthy-health-v9myj8
2026-06-22 21:48:29.934 | INFO     | src.scraper.project_detail_scraper:scrape_project_detail:23 - Збір деталей проекту за адресою: https://devpost.com/software/aftermind-jh4ksd
2026-06-22 21:48:32.168 | INFO     | src.scraper.project_detail_scraper:scrape_project_detail:23 - Збір деталей проекту за адресою: https://devpost.com/software/kisansetu-ai-4pekcf
2026-06-22 21:48:34.247 | INFO     | src.scraper.project_detail_scraper:scrape_project_detail:23 - Збір деталей проекту за адресою: https://devpost.com/software/xcrunchhub
2026-06-22 21:48:36.340 | INFO     | __main__:run_full_ingestion:115 - Успішно імпортовано хакатон: HACKFEST'26 (55 проектів).
2026-06-22 21:48:38.342 | INFO     | __main__:run_full_ingestion:46 - [2/24] Початок збору даних для: HackMars 3.0: NEON...
2026-06-22 21:48:38.344 | INFO     | src.scraper.hackathon_detail_scraper:scrape_hackathon_detail:19 - Збір деталей для хакатону за адресою: https://hackmars-3-0-neon.devpost.com/
2026-06-22 21:48:39.319 | INFO     | src.scraper.projects_scraper:fetch_hackathon_projects:31 - Запуск збору проектів для субдомену: hackmars-3-0-neon
2026-06-22 21:48:39.320 | INFO     | src.scraper.projects_scraper:fetch_hackathon_projects:35 - Збір проектів, сторінка 1...
2026-06-22 21:48:40.502 | INFO     | src.scraper.projects_scraper:fetch_hackathon_projects:107 - Сторінка 1: успішно зчитано 24 проектів.
2026-06-22 21:48:42.502 | INFO     | src.scraper.projects_scraper:fetch_hackathon_projects:35 - Збір проектів, сторінка 2...
2026-06-22 21:48:43.639 | INFO     | src.scraper.projects_scraper:fetch_hackathon_projects:107 - Сторінка 2: успішно зчитано 23 проектів.
2026-06-22 21:48:45.639 | INFO     | src.scraper.projects_scraper:fetch_hackathon_projects:35 - Збір проектів, сторінка 3...
2026-06-22 21:48:46.948 | INFO     | src.scraper.projects_scraper:fetch_hackathon_projects:107 - Сторінка 3: успішно зчитано 20 проектів.
2026-06-22 21:48:48.949 | INFO     | src.scraper.projects_scraper:fetch_hackathon_projects:35 - Збір проектів, сторінка 4...
2026-06-22 21:48:49.685 | INFO     | src.scraper.projects_scraper:fetch_hackathon_projects:52 - На сторінці 4 більше немає карток проектів. Завершуємо збір.
2026-06-22 21:48:49.685 | INFO     | __main__:run_full_ingestion:72 - Знайдено проектів для обробки: 67
2026-06-22 21:48:49.686 | INFO     | src.scraper.project_detail_scraper:scrape_project_detail:23 - Збір деталей проекту за адресою: https://devpost.com/software/btechauto
2026-06-22 21:48:50.748 | INFO     | src.scraper.project_detail_scraper:scrape_project_detail:23 - Збір деталей проекту за адресою: https://devpost.com/software/stroke-predicticn
2026-06-22 21:48:52.568 | INFO     | src.scraper.project_detail_scraper:scrape_project_detail:23 - Збір деталей проекту за адресою: https://devpost.com/software/studybuddy-ai-telegram-bot
2026-06-22 21:48:54.386 | INFO     | src.scraper.project_detail_scraper:scrape_project_detail:23 - Збір деталей проекту за адресою: https://devpost.com/software/studymate-ai-dza8te
2026-06-22 21:48:55.548 | INFO     | src.scraper.project_detail_scraper:scrape_project_detail:23 - Збір деталей проекту за адресою: https://devpost.com/software/cura-ai-byhs28
2026-06-22 21:48:57.491 | INFO     | src.scraper.project_detail_scraper:scrape_project_detail:23 - Збір деталей проекту за адресою: https://devpost.com/software/cure-ai-iz5cer
2026-06-22 21:48:59.639 | INFO     | src.scraper.project_detail_scraper:scrape_project_detail:23 - Збір деталей проекту за адресою: https://devpost.com/software/guardsight
2026-06-22 21:49:01.852 | INFO     | src.scraper.project_detail_scraper:scrape_project_detail:23 - Збір деталей проекту за адресою: https://devpost.com/software/lumen-hzr3pw
2026-06-22 21:49:03.775 | INFO     | src.scraper.project_detail_scraper:scrape_project_detail:23 - Збір деталей проекту за адресою: https://devpost.com/software/questai-da107e
2026-06-22 21:49:04.831 | INFO     | src.scraper.project_detail_scraper:scrape_project_detail:23 - Збір деталей проекту за адресою: https://devpost.com/software/sustain-a-thon
2026-06-22 21:49:06.956 | INFO     | src.scraper.project_detail_scraper:scrape_project_detail:23 - Збір деталей проекту за адресою: https://devpost.com/software/vuln-analyzer
2026-06-22 21:49:09.047 | INFO     | src.scraper.project_detail_scraper:scrape_project_detail:23 - Збір деталей проекту за адресою: https://devpost.com/software/swipeclean-xeglkp
2026-06-22 21:49:11.138 | INFO     | src.scraper.project_detail_scraper:scrape_project_detail:23 - Збір деталей проекту за адресою: https://devpost.com/software/axomed-prototype-1
2026-06-22 21:49:12.953 | INFO     | src.scraper.project_detail_scraper:scrape_project_detail:23 - Збір деталей проекту за адресою: https://devpost.com/software/eyerion
2026-06-22 21:49:14.060 | INFO     | src.scraper.project_detail_scraper:scrape_project_detail:23 - Збір деталей проекту за адресою: https://devpost.com/software/sidework
2026-06-22 21:49:15.215 | INFO     | src.scraper.project_detail_scraper:scrape_project_detail:23 - Збір деталей проекту за адресою: https://devpost.com/software/usaid-wmxu54
2026-06-22 21:49:17.093 | INFO     | src.scraper.project_detail_scraper:scrape_project_detail:23 - Збір деталей проекту за адресою: https://devpost.com/software/calendar-ai-tool
2026-06-22 21:49:19.441 | INFO     | src.scraper.project_detail_scraper:scrape_project_detail:23 - Збір деталей проекту за адресою: https://devpost.com/software/care-connect-gh1q0b
2026-06-22 21:49:21.347 | INFO     | src.scraper.project_detail_scraper:scrape_project_detail:23 - Збір деталей проекту за адресою: https://devpost.com/software/kavach-rpq9co
2026-06-22 21:49:23.398 | INFO     | src.scraper.project_detail_scraper:scrape_project_detail:23 - Збір деталей проекту за адресою: https://devpost.com/software/market_pulse
2026-06-22 21:49:25.859 | INFO     | src.scraper.project_detail_scraper:scrape_project_detail:23 - Збір деталей проекту за адресою: https://devpost.com/software/pathfinder-c19ie4
2026-06-22 21:49:27.108 | INFO     | src.scraper.project_detail_scraper:scrape_project_detail:23 - Збір деталей проекту за адресою: https://devpost.com/software/college-help-9ecut6
2026-06-22 21:49:29.715 | INFO     | src.scraper.project_detail_scraper:scrape_project_detail:23 - Збір деталей проекту за адресою: https://devpost.com/software/smart-route-ai-jpz7u5
2026-06-22 21:49:30.968 | INFO     | src.scraper.project_detail_scraper:scrape_project_detail:23 - Збір деталей проекту за адресою: https://devpost.com/software/vanguard-h7fpc9
2026-06-22 21:49:33.177 | INFO     | src.scraper.project_detail_scraper:scrape_project_detail:23 - Збір деталей проекту за адресою: https://devpost.com/software/sciforge-ai
2026-06-22 21:49:35.293 | INFO     | src.scraper.project_detail_scraper:scrape_project_detail:23 - Збір деталей проекту за адресою: https://devpost.com/software/decisioniq-ai-decision-intelligence-platform-gpjir6
2026-06-22 21:49:37.153 | INFO     | src.scraper.project_detail_scraper:scrape_project_detail:23 - Збір деталей проекту за адресою: https://devpost.com/software/neuroflow-ai-m4h6pi
2026-06-22 21:49:39.194 | INFO     | src.scraper.project_detail_scraper:scrape_project_detail:23 - Збір деталей проекту за адресою: https://devpost.com/software/neurosketch
2026-06-22 21:49:41.635 | INFO     | src.scraper.project_detail_scraper:scrape_project_detail:23 - Збір деталей проекту за адресою: https://devpost.com/software/nexus-ai-f1bc30
2026-06-22 21:49:44.089 | INFO     | src.scraper.project_detail_scraper:scrape_project_detail:23 - Збір деталей проекту за адресою: https://devpost.com/software/nexusai-autonomous-fintech-command-center
2026-06-22 21:49:46.239 | INFO     | src.scraper.project_detail_scraper:scrape_project_detail:23 - Збір деталей проекту за адресою: https://devpost.com/software/rex-m3y8u9
2026-06-22 21:49:48.614 | INFO     | src.scraper.project_detail_scraper:scrape_project_detail:23 - Збір деталей проекту за адресою: https://devpost.com/software/senseai-l2n0xe
2026-06-22 21:49:50.858 | INFO     | src.scraper.project_detail_scraper:scrape_project_detail:23 - Збір деталей проекту за адресою: https://devpost.com/software/sensease
2026-06-22 21:49:52.245 | INFO     | src.scraper.project_detail_scraper:scrape_project_detail:23 - Збір деталей проекту за адресою: https://devpost.com/software/sentineliq-nlp-cyber-threat-phishing-detection
2026-06-22 21:49:54.602 | INFO     | src.scraper.project_detail_scraper:scrape_project_detail:23 - Збір деталей проекту за адресою: https://devpost.com/software/test-the-world
2026-06-22 21:49:57.255 | INFO     | src.scraper.project_detail_scraper:scrape_project_detail:23 - Збір деталей проекту за адресою: https://devpost.com/software/zenfocus
2026-06-22 21:49:59.502 | INFO     | src.scraper.project_detail_scraper:scrape_project_detail:23 - Збір деталей проекту за адресою: https://devpost.com/software/zerorisk-sentinel-d3zc90
2026-06-22 21:50:01.926 | INFO     | src.scraper.project_detail_scraper:scrape_project_detail:23 - Збір деталей проекту за адресою: https://devpost.com/software/shieldnet-cagprz
2026-06-22 21:50:04.570 | INFO     | src.scraper.project_detail_scraper:scrape_project_detail:23 - Збір деталей проекту за адресою: https://devpost.com/software/shipsense
2026-06-22 21:50:06.831 | INFO     | src.scraper.project_detail_scraper:scrape_project_detail:23 - Збір деталей проекту за адресою: https://devpost.com/software/the-whispering-orb
2026-06-22 21:50:09.142 | INFO     | src.scraper.project_detail_scraper:scrape_project_detail:23 - Збір деталей проекту за адресою: https://devpost.com/software/theioptera
2026-06-22 21:50:10.319 | INFO     | src.scraper.project_detail_scraper:scrape_project_detail:23 - Збір деталей проекту за адресою: https://devpost.com/software/fin-wise-o9p4av
2026-06-22 21:50:12.870 | INFO     | src.scraper.project_detail_scraper:scrape_project_detail:23 - Збір деталей проекту за адресою: https://devpost.com/software/fitry-47wljd
2026-06-22 21:50:14.884 | INFO     | src.scraper.project_detail_scraper:scrape_project_detail:23 - Збір деталей проекту за адресою: https://devpost.com/software/kintsugi-notes
2026-06-22 21:50:17.099 | INFO     | src.scraper.project_detail_scraper:scrape_project_detail:23 - Збір деталей проекту за адресою: https://devpost.com/software/tiretrack
2026-06-22 21:50:19.107 | INFO     | src.scraper.project_detail_scraper:scrape_project_detail:23 - Збір деталей проекту за адресою: https://devpost.com/software/blackout-4ergbc
2026-06-22 21:50:21.199 | INFO     | src.scraper.project_detail_scraper:scrape_project_detail:23 - Збір деталей проекту за адресою: https://devpost.com/software/floodsense-ai-dl742b
2026-06-22 21:50:23.147 | INFO     | src.scraper.project_detail_scraper:scrape_project_detail:23 - Збір деталей проекту за адресою: https://devpost.com/software/slatify
2026-06-22 21:50:24.899 | INFO     | src.scraper.project_detail_scraper:scrape_project_detail:23 - Збір деталей проекту за адресою: https://devpost.com/software/omegaos
2026-06-22 21:50:26.870 | INFO     | src.scraper.project_detail_scraper:scrape_project_detail:23 - Збір деталей проекту за адресою: https://devpost.com/software/intelliclass-your-end-to-end-smart-learning-platform
2026-06-22 21:50:29.065 | INFO     | src.scraper.project_detail_scraper:scrape_project_detail:23 - Збір деталей проекту за адресою: https://devpost.com/software/intentos-gmw1ao
2026-06-22 21:50:31.098 | INFO     | src.scraper.project_detail_scraper:scrape_project_detail:23 - Збір деталей проекту за адресою: https://devpost.com/software/unipath-ai-5ujasm
2026-06-22 21:50:32.235 | INFO     | src.scraper.project_detail_scraper:scrape_project_detail:23 - Збір деталей проекту за адресою: https://devpost.com/software/cookielens-know-before-you-accept-01swdq
2026-06-22 21:50:34.296 | INFO     | src.scraper.project_detail_scraper:scrape_project_detail:23 - Збір деталей проекту за адресою: https://devpost.com/software/cos-xfbjog
2026-06-22 21:50:36.063 | INFO     | src.scraper.project_detail_scraper:scrape_project_detail:23 - Збір деталей проекту за адресою: https://devpost.com/software/doclab
2026-06-22 21:50:38.499 | INFO     | src.scraper.project_detail_scraper:scrape_project_detail:23 - Збір деталей проекту за адресою: https://devpost.com/software/formcheck-ai-1zvjcy
2026-06-22 21:50:40.425 | INFO     | src.scraper.project_detail_scraper:scrape_project_detail:23 - Збір деталей проекту за адресою: https://devpost.com/software/lorebound
2026-06-22 21:50:42.680 | INFO     | src.scraper.project_detail_scraper:scrape_project_detail:23 - Збір деталей проекту за адресою: https://devpost.com/software/name-change
2026-06-22 21:50:44.814 | INFO     | src.scraper.project_detail_scraper:scrape_project_detail:23 - Збір деталей проекту за адресою: https://devpost.com/software/sonic-writer
2026-06-22 21:50:45.875 | INFO     | src.scraper.project_detail_scraper:scrape_project_detail:23 - Збір деталей проекту за адресою: https://devpost.com/software/the-default-interface-f
2026-06-22 21:50:47.051 | INFO     | src.scraper.project_detail_scraper:scrape_project_detail:23 - Збір деталей проекту за адресою: https://devpost.com/software/upi_fraud_detection
2026-06-22 21:50:49.297 | INFO     | src.scraper.project_detail_scraper:scrape_project_detail:23 - Збір деталей проекту за адресою: https://devpost.com/software/arcademy-at32jn
2026-06-22 21:50:51.491 | INFO     | src.scraper.project_detail_scraper:scrape_project_detail:23 - Збір деталей проекту за адресою: https://devpost.com/software/crosscheck-dylgob
2026-06-22 21:50:53.506 | INFO     | src.scraper.project_detail_scraper:scrape_project_detail:23 - Збір деталей проекту за адресою: https://devpost.com/software/dr-rohit-your-health-companion
2026-06-22 21:50:54.677 | INFO     | src.scraper.project_detail_scraper:scrape_project_detail:23 - Збір деталей проекту за адресою: https://devpost.com/software/ergolearn-kp63u1
2026-06-22 21:50:56.679 | INFO     | src.scraper.project_detail_scraper:scrape_project_detail:23 - Збір деталей проекту за адресою: https://devpost.com/software/praxis-ai-native-financial-literacy-simulator-4tcj52
2026-06-22 21:50:58.892 | INFO     | src.scraper.project_detail_scraper:scrape_project_detail:23 - Збір деталей проекту за адресою: https://devpost.com/software/proofsift
2026-06-22 21:51:01.443 | INFO     | __main__:run_full_ingestion:115 - Успішно імпортовано хакатон: HackMars 3.0: NEON (67 проектів).
2026-06-22 21:51:03.446 | INFO     | __main__:run_full_ingestion:46 - [3/24] Початок збору даних для: IntelliShift Hackathon...
2026-06-22 21:51:03.447 | INFO     | src.scraper.hackathon_detail_scraper:scrape_hackathon_detail:19 - Збір деталей для хакатону за адресою: https://intellishift-hackathon.devpost.com/
2026-06-22 21:51:04.464 | INFO     | src.scraper.projects_scraper:fetch_hackathon_projects:31 - Запуск збору проектів для субдомену: intellishift-hackathon
2026-06-22 21:51:04.464 | INFO     | src.scraper.projects_scraper:fetch_hackathon_projects:35 - Збір проектів, сторінка 1...
2026-06-22 21:51:05.189 | INFO     | src.scraper.projects_scraper:fetch_hackathon_projects:52 - На сторінці 1 більше немає карток проектів. Завершуємо збір.
2026-06-22 21:51:05.189 | INFO     | __main__:run_full_ingestion:72 - Знайдено проектів для обробки: 0
2026-06-22 21:51:05.197 | INFO     | __main__:run_full_ingestion:115 - Успішно імпортовано хакатон: IntelliShift Hackathon (0 проектів).
2026-06-22 21:51:07.199 | INFO     | __main__:run_full_ingestion:46 - [4/24] Початок збору даних для: Alpha Club...
2026-06-22 21:51:07.200 | INFO     | src.scraper.hackathon_detail_scraper:scrape_hackathon_detail:19 - Збір деталей для хакатону за адресою: https://alpha-club.devpost.com/
2026-06-22 21:51:08.101 | INFO     | src.scraper.projects_scraper:fetch_hackathon_projects:31 - Запуск збору проектів для субдомену: alpha-club
2026-06-22 21:51:08.102 | INFO     | src.scraper.projects_scraper:fetch_hackathon_projects:35 - Збір проектів, сторінка 1...
2026-06-22 21:51:08.901 | INFO     | src.scraper.projects_scraper:fetch_hackathon_projects:52 - На сторінці 1 більше немає карток проектів. Завершуємо збір.
2026-06-22 21:51:08.902 | INFO     | __main__:run_full_ingestion:72 - Знайдено проектів для обробки: 0
2026-06-22 21:51:08.920 | INFO     | __main__:run_full_ingestion:115 - Успішно імпортовано хакатон: Alpha Club (0 проектів).
2026-06-22 21:51:10.927 | INFO     | __main__:run_full_ingestion:46 - [5/24] Початок збору даних для: Google Cloud Rapid Agent Hackathon...
2026-06-22 21:51:10.930 | INFO     | src.scraper.hackathon_detail_scraper:scrape_hackathon_detail:19 - Збір деталей для хакатону за адресою: https://rapid-agent.devpost.com/
2026-06-22 21:51:12.064 | INFO     | src.scraper.projects_scraper:fetch_hackathon_projects:31 - Запуск збору проектів для субдомену: rapid-agent
2026-06-22 21:51:12.065 | INFO     | src.scraper.projects_scraper:fetch_hackathon_projects:35 - Збір проектів, сторінка 1...
2026-06-22 21:51:12.795 | INFO     | src.scraper.projects_scraper:fetch_hackathon_projects:52 - На сторінці 1 більше немає карток проектів. Завершуємо збір.
2026-06-22 21:51:12.796 | INFO     | __main__:run_full_ingestion:72 - Знайдено проектів для обробки: 0
2026-06-22 21:51:12.857 | INFO     | __main__:run_full_ingestion:115 - Успішно імпортовано хакатон: Google Cloud Rapid Agent Hackathon (0 проектів).
2026-06-22 21:51:14.860 | INFO     | __main__:run_full_ingestion:46 - [6/24] Початок збору даних для: USAII® Global AI Hackathon 2026...
2026-06-22 21:51:14.862 | INFO     | src.scraper.hackathon_detail_scraper:scrape_hackathon_detail:19 - Збір деталей для хакатону за адресою: https://usaii-global-ai-hackathon-2026.devpost.com/
2026-06-22 21:51:16.012 | INFO     | src.scraper.projects_scraper:fetch_hackathon_projects:31 - Запуск збору проектів для субдомену: usaii-global-ai-hackathon-2026
2026-06-22 21:51:16.013 | INFO     | src.scraper.projects_scraper:fetch_hackathon_projects:35 - Збір проектів, сторінка 1...
2026-06-22 21:51:17.104 | INFO     | src.scraper.projects_scraper:fetch_hackathon_projects:107 - Сторінка 1: успішно зчитано 24 проектів.
2026-06-22 21:51:19.105 | INFO     | src.scraper.projects_scraper:fetch_hackathon_projects:35 - Збір проектів, сторінка 2...
2026-06-22 21:51:20.633 | INFO     | src.scraper.projects_scraper:fetch_hackathon_projects:107 - Сторінка 2: успішно зчитано 24 проектів.
2026-06-22 21:51:22.633 | INFO     | src.scraper.projects_scraper:fetch_hackathon_projects:35 - Збір проектів, сторінка 3...
2026-06-22 21:51:24.033 | INFO     | src.scraper.projects_scraper:fetch_hackathon_projects:107 - Сторінка 3: успішно зчитано 24 проектів.
2026-06-22 21:51:26.034 | INFO     | src.scraper.projects_scraper:fetch_hackathon_projects:35 - Збір проектів, сторінка 4...
2026-06-22 21:51:27.466 | INFO     | src.scraper.projects_scraper:fetch_hackathon_projects:107 - Сторінка 4: успішно зчитано 24 проектів.
2026-06-22 21:51:29.467 | INFO     | src.scraper.projects_scraper:fetch_hackathon_projects:35 - Збір проектів, сторінка 5...
2026-06-22 21:51:30.890 | INFO     | src.scraper.projects_scraper:fetch_hackathon_projects:107 - Сторінка 5: успішно зчитано 24 проектів.
2026-06-22 21:51:32.891 | INFO     | src.scraper.projects_scraper:fetch_hackathon_projects:35 - Збір проектів, сторінка 6...
2026-06-22 21:51:34.302 | INFO     | src.scraper.projects_scraper:fetch_hackathon_projects:107 - Сторінка 6: успішно зчитано 24 проектів.
2026-06-22 21:51:36.303 | INFO     | src.scraper.projects_scraper:fetch_hackathon_projects:35 - Збір проектів, сторінка 7...
2026-06-22 21:51:37.681 | INFO     | src.scraper.projects_scraper:fetch_hackathon_projects:107 - Сторінка 7: успішно зчитано 24 проектів.
2026-06-22 21:51:39.683 | INFO     | src.scraper.projects_scraper:fetch_hackathon_projects:35 - Збір проектів, сторінка 8...
2026-06-22 21:51:41.055 | INFO     | src.scraper.projects_scraper:fetch_hackathon_projects:107 - Сторінка 8: успішно зчитано 24 проектів.
2026-06-22 21:51:43.056 | INFO     | src.scraper.projects_scraper:fetch_hackathon_projects:35 - Збір проектів, сторінка 9...
2026-06-22 21:51:44.511 | INFO     | src.scraper.projects_scraper:fetch_hackathon_projects:107 - Сторінка 9: успішно зчитано 24 проектів.
2026-06-22 21:51:46.512 | INFO     | src.scraper.projects_scraper:fetch_hackathon_projects:35 - Збір проектів, сторінка 10...
2026-06-22 21:51:47.748 | INFO     | src.scraper.projects_scraper:fetch_hackathon_projects:107 - Сторінка 10: успішно зчитано 24 проектів.
2026-06-22 21:51:49.748 | INFO     | src.scraper.projects_scraper:fetch_hackathon_projects:35 - Збір проектів, сторінка 11...
2026-06-22 21:51:51.095 | INFO     | src.scraper.projects_scraper:fetch_hackathon_projects:107 - Сторінка 11: успішно зчитано 24 проектів.
2026-06-22 21:51:53.096 | INFO     | src.scraper.projects_scraper:fetch_hackathon_projects:35 - Збір проектів, сторінка 12...
2026-06-22 21:51:54.419 | INFO     | src.scraper.projects_scraper:fetch_hackathon_projects:107 - Сторінка 12: успішно зчитано 24 проектів.
2026-06-22 21:51:56.420 | INFO     | src.scraper.projects_scraper:fetch_hackathon_projects:35 - Збір проектів, сторінка 13...
2026-06-22 21:51:57.589 | INFO     | src.scraper.projects_scraper:fetch_hackathon_projects:107 - Сторінка 13: успішно зчитано 24 проектів.
2026-06-22 21:51:59.590 | INFO     | src.scraper.projects_scraper:fetch_hackathon_projects:35 - Збір проектів, сторінка 14...
2026-06-22 21:52:00.765 | INFO     | src.scraper.projects_scraper:fetch_hackathon_projects:107 - Сторінка 14: успішно зчитано 24 проектів.
2026-06-22 21:52:02.765 | INFO     | src.scraper.projects_scraper:fetch_hackathon_projects:35 - Збір проектів, сторінка 15...
2026-06-22 21:52:04.133 | INFO     | src.scraper.projects_scraper:fetch_hackathon_projects:107 - Сторінка 15: успішно зчитано 24 проектів.
2026-06-22 21:52:06.133 | INFO     | src.scraper.projects_scraper:fetch_hackathon_projects:35 - Збір проектів, сторінка 16...
2026-06-22 21:52:07.479 | INFO     | src.scraper.projects_scraper:fetch_hackathon_projects:107 - Сторінка 16: успішно зчитано 24 проектів.
2026-06-22 21:52:09.480 | INFO     | src.scraper.projects_scraper:fetch_hackathon_projects:35 - Збір проектів, сторінка 17...
2026-06-22 21:52:10.797 | INFO     | src.scraper.projects_scraper:fetch_hackathon_projects:107 - Сторінка 17: успішно зчитано 24 проектів.
2026-06-22 21:52:12.798 | INFO     | src.scraper.projects_scraper:fetch_hackathon_projects:35 - Збір проектів, сторінка 18...
2026-06-22 21:52:14.197 | INFO     | src.scraper.projects_scraper:fetch_hackathon_projects:107 - Сторінка 18: успішно зчитано 24 проектів.
2026-06-22 21:52:16.197 | INFO     | src.scraper.projects_scraper:fetch_hackathon_projects:35 - Збір проектів, сторінка 19...
2026-06-22 21:52:17.582 | INFO     | src.scraper.projects_scraper:fetch_hackathon_projects:107 - Сторінка 19: успішно зчитано 24 проектів.
2026-06-22 21:52:19.582 | INFO     | src.scraper.projects_scraper:fetch_hackathon_projects:35 - Збір проектів, сторінка 20...
2026-06-22 21:52:21.001 | INFO     | src.scraper.projects_scraper:fetch_hackathon_projects:107 - Сторінка 20: успішно зчитано 24 проектів.
2026-06-22 21:52:23.001 | INFO     | src.scraper.projects_scraper:fetch_hackathon_projects:35 - Збір проектів, сторінка 21...
2026-06-22 21:52:24.370 | INFO     | src.scraper.projects_scraper:fetch_hackathon_projects:107 - Сторінка 21: успішно зчитано 24 проектів.
2026-06-22 21:52:26.370 | INFO     | __main__:run_full_ingestion:72 - Знайдено проектів для обробки: 500
2026-06-22 21:52:26.371 | INFO     | src.scraper.project_detail_scraper:scrape_project_detail:23 - Збір деталей проекту за адресою: https://devpost.com/software/flora-ai-i2nuto
2026-06-22 21:52:28.284 | INFO     | src.scraper.project_detail_scraper:scrape_project_detail:23 - Збір деталей проекту за адресою: https://devpost.com/software/ai-powered-health-assistant-uv7bh4
2026-06-22 21:52:29.411 | INFO     | src.scraper.project_detail_scraper:scrape_project_detail:23 - Збір деталей проекту за адресою: https://devpost.com/software/euboulia
2026-06-22 21:52:30.495 | INFO     | src.scraper.project_detail_scraper:scrape_project_detail:23 - Збір деталей проекту за адресою: https://devpost.com/software/clearbridge
2026-06-22 21:52:32.811 | INFO     | src.scraper.project_detail_scraper:scrape_project_detail:23 - Збір деталей проекту за адресою: https://devpost.com/software/career-atlas
2026-06-22 21:52:34.799 | INFO     | src.scraper.project_detail_scraper:scrape_project_detail:23 - Збір деталей проекту за адресою: https://devpost.com/software/pathmapper-rgnaek
2026-06-22 21:52:36.838 | INFO     | src.scraper.project_detail_scraper:scrape_project_detail:23 - Збір деталей проекту за адресою: https://devpost.com/software/urbanaero-ai
2026-06-22 21:52:38.059 | INFO     | src.scraper.project_detail_scraper:scrape_project_detail:23 - Збір деталей проекту за адресою: https://devpost.com/software/civicai-2-0-autonomous-ai-for-public-systems
2026-06-22 21:52:39.097 | INFO     | src.scraper.project_detail_scraper:scrape_project_detail:23 - Збір деталей проекту за адресою: https://devpost.com/software/traffic-light-system
2026-06-22 21:52:40.206 | INFO     | src.scraper.project_detail_scraper:scrape_project_detail:23 - Збір деталей проекту за адресою: https://devpost.com/software/nextstep-ai-wpje5v
2026-06-22 21:52:42.221 | INFO     | src.scraper.project_detail_scraper:scrape_project_detail:23 - Збір деталей проекту за адресою: https://devpost.com/software/food-rescue-radar
2026-06-22 21:52:43.285 | INFO     | src.scraper.project_detail_scraper:scrape_project_detail:23 - Збір деталей проекту за адресою: https://devpost.com/software/alphanexus-initiative
2026-06-22 21:52:44.380 | INFO     | src.scraper.project_detail_scraper:scrape_project_detail:23 - Збір деталей проекту за адресою: https://devpost.com/software/kickstart-zero
2026-06-22 21:52:45.465 | INFO     | src.scraper.project_detail_scraper:scrape_project_detail:23 - Збір деталей проекту за адресою: https://devpost.com/software/research-paper-recommender-online
2026-06-22 21:52:47.659 | INFO     | src.scraper.project_detail_scraper:scrape_project_detail:23 - Збір деталей проекту за адресою: https://devpost.com/software/beacon-jfwty5
2026-06-22 21:52:49.497 | INFO     | src.scraper.project_detail_scraper:scrape_project_detail:23 - Збір деталей проекту за адресою: https://devpost.com/software/embero
2026-06-22 21:52:51.735 | INFO     | src.scraper.project_detail_scraper:scrape_project_detail:23 - Збір деталей проекту за адресою: https://devpost.com/software/mou
2026-06-22 21:52:53.864 | INFO     | src.scraper.project_detail_scraper:scrape_project_detail:23 - Збір деталей проекту за адресою: https://devpost.com/software/public-service-vrp2a4
2026-06-22 21:52:54.967 | INFO     | src.scraper.project_detail_scraper:scrape_project_detail:23 - Збір деталей проекту за адресою: https://devpost.com/software/greenpages
2026-06-22 21:52:57.150 | INFO     | src.scraper.project_detail_scraper:scrape_project_detail:23 - Збір деталей проекту за адресою: https://devpost.com/software/meridian-yomi0s
2026-06-22 21:52:58.266 | INFO     | src.scraper.project_detail_scraper:scrape_project_detail:23 - Збір деталей проекту за адресою: https://devpost.com/software/pathify-97hp1d
2026-06-22 21:52:59.406 | INFO     | src.scraper.project_detail_scraper:scrape_project_detail:23 - Збір деталей проекту за адресою: https://devpost.com/software/momentum-9nebtg
2026-06-22 21:53:01.665 | INFO     | src.scraper.project_detail_scraper:scrape_project_detail:23 - Збір деталей проекту за адресою: https://devpost.com/software/anchor-from-housing-crisis-to-first-step
2026-06-22 21:53:02.715 | INFO     | src.scraper.project_detail_scraper:scrape_project_detail:23 - Збір деталей проекту за адресою: https://devpost.com/software/unipath-ai-afysdw
2026-06-22 21:53:04.706 | INFO     | src.scraper.project_detail_scraper:scrape_project_detail:23 - Збір деталей проекту за адресою: https://devpost.com/software/haqdar-uqhnb6
2026-06-22 21:53:06.806 | INFO     | src.scraper.project_detail_scraper:scrape_project_detail:23 - Збір деталей проекту за адресою: https://devpost.com/software/ship-it-des1ji
2026-06-22 21:53:07.875 | INFO     | src.scraper.project_detail_scraper:scrape_project_detail:23 - Збір деталей проекту за адресою: https://devpost.com/software/billease
2026-06-22 21:53:09.967 | INFO     | src.scraper.project_detail_scraper:scrape_project_detail:23 - Збір деталей проекту за адресою: https://devpost.com/software/deadline-risk-detector
2026-06-22 21:53:11.919 | INFO     | src.scraper.project_detail_scraper:scrape_project_detail:23 - Збір деталей проекту за адресою: https://devpost.com/software/first-gen-compass
2026-06-22 21:53:12.990 | INFO     | src.scraper.project_detail_scraper:scrape_project_detail:23 - Збір деталей проекту за адресою: https://devpost.com/software/sparkle-dcv84z
2026-06-22 21:53:14.918 | INFO     | src.scraper.project_detail_scraper:scrape_project_detail:23 - Збір деталей проекту за адресою: https://devpost.com/software/clearline
2026-06-22 21:53:16.717 | INFO     | src.scraper.project_detail_scraper:scrape_project_detail:23 - Збір деталей проекту за адресою: https://devpost.com/software/team-outliers
2026-06-22 21:53:18.681 | INFO     | src.scraper.project_detail_scraper:scrape_project_detail:23 - Збір деталей проекту за адресою: https://devpost.com/software/veritas-local
2026-06-22 21:53:19.893 | INFO     | src.scraper.project_detail_scraper:scrape_project_detail:23 - Збір деталей проекту за адресою: https://devpost.com/software/quietcost
2026-06-22 21:53:21.771 | INFO     | src.scraper.project_detail_scraper:scrape_project_detail:23 - Збір деталей проекту за адресою: https://devpost.com/software/ecoroute-kt4fb1
2026-06-22 21:53:24.007 | INFO     | src.scraper.project_detail_scraper:scrape_project_detail:23 - Збір деталей проекту за адресою: https://devpost.com/software/claimit-verified-aid-navigator
2026-06-22 21:53:26.026 | INFO     | src.scraper.project_detail_scraper:scrape_project_detail:23 - Збір деталей проекту за адресою: https://devpost.com/software/personapath-g60k31
2026-06-22 21:53:27.795 | INFO     | src.scraper.project_detail_scraper:scrape_project_detail:23 - Збір деталей проекту за адресою: https://devpost.com/software/haven-dn65lq
2026-06-22 21:53:29.630 | INFO     | src.scraper.project_detail_scraper:scrape_project_detail:23 - Збір деталей проекту за адресою: https://devpost.com/software/the-eboe-explainer
2026-06-22 21:53:30.828 | INFO     | src.scraper.project_detail_scraper:scrape_project_detail:23 - Збір деталей проекту за адресою: https://devpost.com/software/assesta-ai-growth-advisor
2026-06-22 21:53:32.928 | INFO     | src.scraper.project_detail_scraper:scrape_project_detail:23 - Збір деталей проекту за адресою: https://devpost.com/software/nextchapter-pgh851
2026-06-22 21:53:34.918 | INFO     | src.scraper.project_detail_scraper:scrape_project_detail:23 - Збір деталей проекту за адресою: https://devpost.com/software/lotus-decision
2026-06-22 21:53:36.848 | INFO     | src.scraper.project_detail_scraper:scrape_project_detail:23 - Збір деталей проекту за адресою: https://devpost.com/software/lifelens-ai-2e1x5q
2026-06-22 21:53:38.793 | INFO     | src.scraper.project_detail_scraper:scrape_project_detail:23 - Збір деталей проекту за адресою: https://devpost.com/software/mental-load
2026-06-22 21:53:41.116 | INFO     | src.scraper.project_detail_scraper:scrape_project_detail:23 - Збір деталей проекту за адресою: https://devpost.com/software/legalease-sfrvnl
2026-06-22 21:53:42.187 | INFO     | src.scraper.project_detail_scraper:scrape_project_detail:23 - Збір деталей проекту за адресою: https://devpost.com/software/mindmate-muvhlk
2026-06-22 21:53:44.111 | INFO     | src.scraper.project_detail_scraper:scrape_project_detail:23 - Збір деталей проекту за адресою: https://devpost.com/software/resqlink-app-92wcor
2026-06-22 21:53:45.166 | INFO     | src.scraper.project_detail_scraper:scrape_project_detail:23 - Збір деталей проекту за адресою: https://devpost.com/software/ai-asylum-aid
2026-06-22 21:53:47.377 | INFO     | src.scraper.project_detail_scraper:scrape_project_detail:23 - Збір деталей проекту за адресою: https://devpost.com/software/roshni-4xgnrd
2026-06-22 21:53:49.496 | INFO     | src.scraper.project_detail_scraper:scrape_project_detail:23 - Збір деталей проекту за адресою: https://devpost.com/software/reframe-of3glt
2026-06-22 21:53:51.527 | INFO     | src.scraper.project_detail_scraper:scrape_project_detail:23 - Збір деталей проекту за адресою: https://devpost.com/software/taraai
2026-06-22 21:53:53.578 | INFO     | src.scraper.project_detail_scraper:scrape_project_detail:23 - Збір деталей проекту за адресою: https://devpost.com/software/oceanguard-ai
2026-06-22 21:53:55.613 | INFO     | src.scraper.project_detail_scraper:scrape_project_detail:23 - Збір деталей проекту за адресою: https://devpost.com/software/project-m265ho
2026-06-22 21:53:57.703 | INFO     | src.scraper.project_detail_scraper:scrape_project_detail:23 - Збір деталей проекту за адресою: https://devpost.com/software/clarityai-jx7dl4
2026-06-22 21:53:59.891 | INFO     | src.scraper.project_detail_scraper:scrape_project_detail:23 - Збір деталей проекту за адресою: https://devpost.com/software/silent-step-ai-powered-hidden-safety-platform
2026-06-22 21:54:01.772 | INFO     | src.scraper.project_detail_scraper:scrape_project_detail:23 - Збір деталей проекту за адресою: https://devpost.com/software/opolo-horizonfit
2026-06-22 21:54:03.618 | INFO     | src.scraper.project_detail_scraper:scrape_project_detail:23 - Збір деталей проекту за адресою: https://devpost.com/software/lucid-xbymsn
2026-06-22 21:54:05.508 | INFO     | src.scraper.project_detail_scraper:scrape_project_detail:23 - Збір деталей проекту за адресою: https://devpost.com/software/launchify
2026-06-22 21:54:07.412 | INFO     | src.scraper.project_detail_scraper:scrape_project_detail:23 - Збір деталей проекту за адресою: https://devpost.com/software/blixt
2026-06-22 21:54:08.475 | INFO     | src.scraper.project_detail_scraper:scrape_project_detail:23 - Збір деталей проекту за адресою: https://devpost.com/software/sat-sage
2026-06-22 21:54:10.528 | INFO     | src.scraper.project_detail_scraper:scrape_project_detail:23 - Збір деталей проекту за адресою: https://devpost.com/software/cancercare-nigeria
2026-06-22 21:54:11.677 | INFO     | src.scraper.project_detail_scraper:scrape_project_detail:23 - Збір деталей проекту за адресою: https://devpost.com/software/clarityview
2026-06-22 21:54:12.811 | INFO     | src.scraper.project_detail_scraper:scrape_project_detail:23 - Збір деталей проекту за адресою: https://devpost.com/software/trace-tracking-risk-across-comments-and-evaluation
2026-06-22 21:54:14.993 | INFO     | src.scraper.project_detail_scraper:scrape_project_detail:23 - Збір деталей проекту за адресою: https://devpost.com/software/test123-z7j01u
2026-06-22 21:54:16.107 | INFO     | src.scraper.project_detail_scraper:scrape_project_detail:23 - Збір деталей проекту за адресою: https://devpost.com/software/legal-lemur-language
2026-06-22 21:54:18.058 | INFO     | src.scraper.project_detail_scraper:scrape_project_detail:23 - Збір деталей проекту за адресою: https://devpost.com/software/cardiolensv2
2026-06-22 21:54:20.012 | INFO     | src.scraper.project_detail_scraper:scrape_project_detail:23 - Збір деталей проекту за адресою: https://devpost.com/software/foodwasteai
2026-06-22 21:54:22.037 | INFO     | src.scraper.project_detail_scraper:scrape_project_detail:23 - Збір деталей проекту за адресою: https://devpost.com/software/help-ai
2026-06-22 21:54:24.034 | INFO     | src.scraper.project_detail_scraper:scrape_project_detail:23 - Збір деталей проекту за адресою: https://devpost.com/software/veritas-ai-political-rumor-verifier
2026-06-22 21:54:26.059 | INFO     | src.scraper.project_detail_scraper:scrape_project_detail:23 - Збір деталей проекту за адресою: https://devpost.com/software/canteentycoon-ai
2026-06-22 21:54:28.274 | INFO     | src.scraper.project_detail_scraper:scrape_project_detail:23 - Збір деталей проекту за адресою: https://devpost.com/software/firstleap
2026-06-22 21:54:29.397 | INFO     | src.scraper.project_detail_scraper:scrape_project_detail:23 - Збір деталей проекту за адресою: https://devpost.com/software/clearpath-z4rjl0
2026-06-22 21:54:31.492 | INFO     | src.scraper.project_detail_scraper:scrape_project_detail:23 - Збір деталей проекту за адресою: https://devpost.com/software/raahbar-ai-raahbar-guide-pathfinder-in-urdu
2026-06-22 21:54:32.575 | INFO     | src.scraper.project_detail_scraper:scrape_project_detail:23 - Збір деталей проекту за адресою: https://devpost.com/software/raahnuma
2026-06-22 21:54:34.755 | INFO     | src.scraper.project_detail_scraper:scrape_project_detail:23 - Збір деталей проекту за адресою: https://devpost.com/software/civic-copilot
2026-06-22 21:54:36.401 | INFO     | src.scraper.project_detail_scraper:scrape_project_detail:23 - Збір деталей проекту за адресою: https://devpost.com/software/civcare-l8pvg7
2026-06-22 21:54:38.460 | INFO     | src.scraper.project_detail_scraper:scrape_project_detail:23 - Збір деталей проекту за адресою: https://devpost.com/software/m-a-innovations
2026-06-22 21:54:39.503 | INFO     | src.scraper.project_detail_scraper:scrape_project_detail:23 - Збір деталей проекту за адресою: https://devpost.com/software/a-multi-agent-for-research-limitation-generation
2026-06-22 21:54:41.571 | INFO     | src.scraper.project_detail_scraper:scrape_project_detail:23 - Збір деталей проекту за адресою: https://devpost.com/software/claimit-eligibility-ai
2026-06-22 21:54:43.668 | INFO     | src.scraper.project_detail_scraper:scrape_project_detail:23 - Збір деталей проекту за адресою: https://devpost.com/software/green-spark-ai
2026-06-22 21:54:45.705 | INFO     | src.scraper.project_detail_scraper:scrape_project_detail:23 - Збір деталей проекту за адресою: https://devpost.com/software/jimrex
2026-06-22 21:54:47.767 | INFO     | src.scraper.project_detail_scraper:scrape_project_detail:23 - Збір деталей проекту за адресою: https://devpost.com/software/legalease-ai-dopgew
2026-06-22 21:54:49.736 | INFO     | src.scraper.project_detail_scraper:scrape_project_detail:23 - Збір деталей проекту за адресою: https://devpost.com/software/smartscraps-radar
2026-06-22 21:54:50.808 | INFO     | src.scraper.project_detail_scraper:scrape_project_detail:23 - Збір деталей проекту за адресою: https://devpost.com/software/satya-finder
2026-06-22 21:54:52.717 | INFO     | src.scraper.project_detail_scraper:scrape_project_detail:23 - Збір деталей проекту за адресою: https://devpost.com/software/open-door-cpoilu
2026-06-22 21:54:53.803 | INFO     | src.scraper.project_detail_scraper:scrape_project_detail:23 - Збір деталей проекту за адресою: https://devpost.com/software/life-lens-hgj6di
2026-06-22 21:54:55.939 | INFO     | src.scraper.project_detail_scraper:scrape_project_detail:23 - Збір деталей проекту за адресою: https://devpost.com/software/weffw
2026-06-22 21:54:57.747 | INFO     | src.scraper.project_detail_scraper:scrape_project_detail:23 - Збір деталей проекту за адресою: https://devpost.com/software/declone
2026-06-22 21:54:58.831 | INFO     | src.scraper.project_detail_scraper:scrape_project_detail:23 - Збір деталей проекту за адресою: https://devpost.com/software/renewright
2026-06-22 21:55:00.700 | INFO     | src.scraper.project_detail_scraper:scrape_project_detail:23 - Збір деталей проекту за адресою: https://devpost.com/software/eco-school-lj9u56
2026-06-22 21:55:02.519 | INFO     | src.scraper.project_detail_scraper:scrape_project_detail:23 - Збір деталей проекту за адресою: https://devpost.com/software/reuniteai-0dv567
2026-06-22 21:55:04.406 | INFO     | src.scraper.project_detail_scraper:scrape_project_detail:23 - Збір деталей проекту за адресою: https://devpost.com/software/resist-ai
2026-06-22 21:55:05.487 | INFO     | src.scraper.project_detail_scraper:scrape_project_detail:23 - Збір деталей проекту за адресою: https://devpost.com/software/clearpath-ai-t8iyk6
2026-06-22 21:55:06.642 | INFO     | src.scraper.project_detail_scraper:scrape_project_detail:23 - Збір деталей проекту за адресою: https://devpost.com/software/bicca
2026-06-22 21:55:07.669 | INFO     | src.scraper.project_detail_scraper:scrape_project_detail:23 - Збір деталей проекту за адресою: https://devpost.com/software/neuro-guard
2026-06-22 21:55:09.739 | INFO     | src.scraper.project_detail_scraper:scrape_project_detail:23 - Збір деталей проекту за адресою: https://devpost.com/software/ecoglow
2026-06-22 21:55:10.922 | INFO     | src.scraper.project_detail_scraper:scrape_project_detail:23 - Збір деталей проекту за адресою: https://devpost.com/software/pilot-mind
2026-06-22 21:55:12.808 | INFO     | src.scraper.project_detail_scraper:scrape_project_detail:23 - Збір деталей проекту за адресою: https://devpost.com/software/medecode-bk5z86
2026-06-22 21:55:14.460 | INFO     | src.scraper.project_detail_scraper:scrape_project_detail:23 - Збір деталей проекту за адресою: https://devpost.com/software/ai-readiness-copilot
2026-06-22 21:55:16.498 | INFO     | src.scraper.project_detail_scraper:scrape_project_detail:23 - Збір деталей проекту за адресою: https://devpost.com/software/forgeflow-multi-agent-idea-to-plan-ai
2026-06-22 21:55:18.667 | INFO     | src.scraper.project_detail_scraper:scrape_project_detail:23 - Збір деталей проекту за адресою: https://devpost.com/software/macroshield-americas
2026-06-22 21:55:19.819 | INFO     | src.scraper.project_detail_scraper:scrape_project_detail:23 - Збір деталей проекту за адресою: https://devpost.com/software/mind-anchor-qsxv3a
2026-06-22 21:55:21.011 | INFO     | src.scraper.project_detail_scraper:scrape_project_detail:23 - Збір деталей проекту за адресою: https://devpost.com/software/mind-council
2026-06-22 21:55:23.178 | INFO     | src.scraper.project_detail_scraper:scrape_project_detail:23 - Збір деталей проекту за адресою: https://devpost.com/software/relief-radar
2026-06-22 21:55:25.158 | INFO     | src.scraper.project_detail_scraper:scrape_project_detail:23 - Збір деталей проекту за адресою: https://devpost.com/software/nexus-2ou5s6
2026-06-22 21:55:27.323 | INFO     | src.scraper.project_detail_scraper:scrape_project_detail:23 - Збір деталей проекту за адресою: https://devpost.com/software/zey-ai-website
2026-06-22 21:55:29.323 | INFO     | src.scraper.project_detail_scraper:scrape_project_detail:23 - Збір деталей проекту за адресою: https://devpost.com/software/wayfindai
2026-06-22 21:55:31.199 | INFO     | src.scraper.project_detail_scraper:scrape_project_detail:23 - Збір деталей проекту за адресою: https://devpost.com/software/ai-companion-survivor
2026-06-22 21:55:32.256 | INFO     | src.scraper.project_detail_scraper:scrape_project_detail:23 - Збір деталей проекту за адресою: https://devpost.com/software/blindspot-ydmo72
2026-06-22 21:55:34.309 | INFO     | src.scraper.project_detail_scraper:scrape_project_detail:23 - Збір деталей проекту за адресою: https://devpost.com/software/ambicore-ai-powered-condition-intelligence-for-athletes
2026-06-22 21:55:36.437 | INFO     | src.scraper.project_detail_scraper:scrape_project_detail:23 - Збір деталей проекту за адресою: https://devpost.com/software/echoforge-xs7lgn
2026-06-22 21:55:38.380 | INFO     | src.scraper.project_detail_scraper:scrape_project_detail:23 - Збір деталей проекту за адресою: https://devpost.com/software/constraint-aware-survivor-career-pathway-planner
2026-06-22 21:55:40.406 | INFO     | src.scraper.project_detail_scraper:scrape_project_detail:23 - Збір деталей проекту за адресою: https://devpost.com/software/beacon-ai-4u01h5
2026-06-22 21:55:42.717 | INFO     | src.scraper.project_detail_scraper:scrape_project_detail:23 - Збір деталей проекту за адресою: https://devpost.com/software/yojna-mitra-ai-powered-welfare-scheme-discovery-assistant
2026-06-22 21:55:43.789 | INFO     | src.scraper.project_detail_scraper:scrape_project_detail:23 - Збір деталей проекту за адресою: https://devpost.com/software/wasi
2026-06-22 21:55:45.689 | INFO     | src.scraper.project_detail_scraper:scrape_project_detail:23 - Збір деталей проекту за адресою: https://devpost.com/software/community-compass-0e4cyn
2026-06-22 21:55:46.819 | INFO     | src.scraper.project_detail_scraper:scrape_project_detail:23 - Збір деталей проекту за адресою: https://devpost.com/software/hello-39bq8o
2026-06-22 21:55:48.714 | INFO     | src.scraper.project_detail_scraper:scrape_project_detail:23 - Збір деталей проекту за адресою: https://devpost.com/software/benefitpath
2026-06-22 21:55:49.768 | INFO     | src.scraper.project_detail_scraper:scrape_project_detail:23 - Збір деталей проекту за адресою: https://devpost.com/software/aethel
2026-06-22 21:55:50.776 | INFO     | src.scraper.project_detail_scraper:scrape_project_detail:23 - Збір деталей проекту за адресою: https://devpost.com/software/supportbridge-ai
2026-06-22 21:55:51.880 | INFO     | src.scraper.project_detail_scraper:scrape_project_detail:23 - Збір деталей проекту за адресою: https://devpost.com/software/tulongai
2026-06-22 21:55:53.823 | INFO     | src.scraper.project_detail_scraper:scrape_project_detail:23 - Збір деталей проекту за адресою: https://devpost.com/software/communion
2026-06-22 21:55:54.872 | INFO     | src.scraper.project_detail_scraper:scrape_project_detail:23 - Збір деталей проекту за адресою: https://devpost.com/software/edushield-wqlunc
2026-06-22 21:55:56.060 | INFO     | src.scraper.project_detail_scraper:scrape_project_detail:23 - Збір деталей проекту за адресою: https://devpost.com/software/burnsense-ai
2026-06-22 21:55:57.920 | INFO     | src.scraper.project_detail_scraper:scrape_project_detail:23 - Збір деталей проекту за адресою: https://devpost.com/software/explainit-ai-zny56j
2026-06-22 21:55:59.935 | INFO     | src.scraper.project_detail_scraper:scrape_project_detail:23 - Збір деталей проекту за адресою: https://devpost.com/software/factsnap-owjik6
2026-06-22 21:56:02.043 | INFO     | src.scraper.project_detail_scraper:scrape_project_detail:23 - Збір деталей проекту за адресою: https://devpost.com/software/blueprintai-own3x9
2026-06-22 21:56:03.124 | INFO     | src.scraper.project_detail_scraper:scrape_project_detail:23 - Збір деталей проекту за адресою: https://devpost.com/software/reverie-ai-decision-intelligence-system
2026-06-22 21:56:05.074 | INFO     | src.scraper.project_detail_scraper:scrape_project_detail:23 - Збір деталей проекту за адресою: https://devpost.com/software/benefitbridge-a7z62g
2026-06-22 21:56:06.997 | INFO     | src.scraper.project_detail_scraper:scrape_project_detail:23 - Збір деталей проекту за адресою: https://devpost.com/software/concentry
2026-06-22 21:56:08.729 | INFO     | src.scraper.project_detail_scraper:scrape_project_detail:23 - Збір деталей проекту за адресою: https://devpost.com/software/clarityflow-ai
2026-06-22 21:56:10.797 | INFO     | src.scraper.project_detail_scraper:scrape_project_detail:23 - Збір деталей проекту за адресою: https://devpost.com/software/second-bell
2026-06-22 21:56:12.516 | INFO     | src.scraper.project_detail_scraper:scrape_project_detail:23 - Збір деталей проекту за адресою: https://devpost.com/software/crossroads-ai-decision-simulator
2026-06-22 21:56:13.601 | INFO     | src.scraper.project_detail_scraper:scrape_project_detail:23 - Збір деталей проекту за адресою: https://devpost.com/software/safechild
2026-06-22 21:56:15.597 | INFO     | src.scraper.project_detail_scraper:scrape_project_detail:23 - Збір деталей проекту за адресою: https://devpost.com/software/idea-forge-ihxz39
2026-06-22 21:56:17.424 | INFO     | src.scraper.project_detail_scraper:scrape_project_detail:23 - Збір деталей проекту за адресою: https://devpost.com/software/quantzero
2026-06-22 21:56:19.455 | INFO     | src.scraper.project_detail_scraper:scrape_project_detail:23 - Збір деталей проекту за адресою: https://devpost.com/software/crucible-0qlocx
2026-06-22 21:56:21.497 | INFO     | src.scraper.project_detail_scraper:scrape_project_detail:23 - Збір деталей проекту за адресою: https://devpost.com/software/ideaforge-xmgq1d
2026-06-22 21:56:22.623 | INFO     | src.scraper.project_detail_scraper:scrape_project_detail:23 - Збір деталей проекту за адресою: https://devpost.com/software/lifeline-ai-1ayxl2
2026-06-22 21:56:24.555 | INFO     | src.scraper.project_detail_scraper:scrape_project_detail:23 - Збір деталей проекту за адресою: https://devpost.com/software/greenlight-d4n9gh
2026-06-22 21:56:26.686 | INFO     | src.scraper.project_detail_scraper:scrape_project_detail:23 - Збір деталей проекту за адресою: https://devpost.com/software/youspeak-career-readiness-intelligence
2026-06-22 21:56:27.786 | INFO     | src.scraper.project_detail_scraper:scrape_project_detail:23 - Збір деталей проекту за адресою: https://devpost.com/software/carboncurb
2026-06-22 21:56:29.755 | INFO     | src.scraper.project_detail_scraper:scrape_project_detail:23 - Збір деталей проекту за адресою: https://devpost.com/software/tradewizard-eman7u
2026-06-22 21:56:31.876 | INFO     | src.scraper.project_detail_scraper:scrape_project_detail:23 - Збір деталей проекту за адресою: https://devpost.com/software/ideastress
2026-06-22 21:56:33.794 | INFO     | src.scraper.project_detail_scraper:scrape_project_detail:23 - Збір деталей проекту за адресою: https://devpost.com/software/comco
2026-06-22 21:56:34.897 | INFO     | src.scraper.project_detail_scraper:scrape_project_detail:23 - Збір деталей проекту за адресою: https://devpost.com/software/saralseva
2026-06-22 21:56:35.947 | INFO     | src.scraper.project_detail_scraper:scrape_project_detail:23 - Збір деталей проекту за адресою: https://devpost.com/software/elder-ease-os
2026-06-22 21:56:36.976 | INFO     | src.scraper.project_detail_scraper:scrape_project_detail:23 - Збір деталей проекту за адресою: https://devpost.com/software/coachverify
2026-06-22 21:56:38.873 | INFO     | src.scraper.project_detail_scraper:scrape_project_detail:23 - Збір деталей проекту за адресою: https://devpost.com/software/capabl-ai-career-decision-simulator
2026-06-22 21:56:39.942 | INFO     | src.scraper.project_detail_scraper:scrape_project_detail:23 - Збір деталей проекту за адресою: https://devpost.com/software/careersecondbrain-serverless-career-architect
2026-06-22 21:56:41.769 | INFO     | src.scraper.project_detail_scraper:scrape_project_detail:23 - Збір деталей проекту за адресою: https://devpost.com/software/mwaslaty
2026-06-22 21:56:42.829 | INFO     | src.scraper.project_detail_scraper:scrape_project_detail:23 - Збір деталей проекту за адресою: https://devpost.com/software/provision-snap-benefits-navigator
2026-06-22 21:56:44.817 | INFO     | src.scraper.project_detail_scraper:scrape_project_detail:23 - Збір деталей проекту за адресою: https://devpost.com/software/waste-wise-ai
2026-06-22 21:56:45.830 | INFO     | src.scraper.project_detail_scraper:scrape_project_detail:23 - Збір деталей проекту за адресою: https://devpost.com/software/benefits-navigator-responsible-ai-for-public-benefits
2026-06-22 21:56:47.651 | INFO     | src.scraper.project_detail_scraper:scrape_project_detail:23 - Збір деталей проекту за адресою: https://devpost.com/software/nightsafe-bk9dt3
2026-06-22 21:56:49.655 | INFO     | src.scraper.project_detail_scraper:scrape_project_detail:23 - Збір деталей проекту за адресою: https://devpost.com/software/nawiai
2026-06-22 21:56:50.774 | INFO     | src.scraper.project_detail_scraper:scrape_project_detail:23 - Збір деталей проекту за адресою: https://devpost.com/software/truthlens-ai-2-0
2026-06-22 21:56:53.033 | INFO     | src.scraper.project_detail_scraper:scrape_project_detail:23 - Збір деталей проекту за адресою: https://devpost.com/software/xiscoai
2026-06-22 21:56:55.057 | INFO     | src.scraper.project_detail_scraper:scrape_project_detail:23 - Збір деталей проекту за адресою: https://devpost.com/software/kitsune
2026-06-22 21:56:56.865 | INFO     | src.scraper.project_detail_scraper:scrape_project_detail:23 - Збір деталей проекту за адресою: https://devpost.com/software/pathfinder-bkwu96
2026-06-22 21:56:58.676 | INFO     | src.scraper.project_detail_scraper:scrape_project_detail:23 - Збір деталей проекту за адресою: https://devpost.com/software/climb-dvywfq
2026-06-22 21:57:00.624 | INFO     | src.scraper.project_detail_scraper:scrape_project_detail:23 - Збір деталей проекту за адресою: https://devpost.com/software/launchmind-2oquf5
2026-06-22 21:57:02.508 | INFO     | src.scraper.project_detail_scraper:scrape_project_detail:23 - Збір деталей проекту за адресою: https://devpost.com/software/reaper-eagle-haven
2026-06-22 21:57:04.378 | INFO     | src.scraper.project_detail_scraper:scrape_project_detail:23 - Збір деталей проекту за адресою: https://devpost.com/software/clearpath-ai-j1y2md
2026-06-22 21:57:06.591 | INFO     | src.scraper.project_detail_scraper:scrape_project_detail:23 - Збір деталей проекту за адресою: https://devpost.com/software/shelfy-f5u9kv
2026-06-22 21:57:08.661 | INFO     | src.scraper.project_detail_scraper:scrape_project_detail:23 - Збір деталей проекту за адресою: https://devpost.com/software/langarlogic
2026-06-22 21:57:09.739 | INFO     | src.scraper.project_detail_scraper:scrape_project_detail:23 - Збір деталей проекту за адресою: https://devpost.com/software/elderbridge-guardianos
2026-06-22 21:57:12.026 | INFO     | src.scraper.project_detail_scraper:scrape_project_detail:23 - Збір деталей проекту за адресою: https://devpost.com/software/crisis-pulse
2026-06-22 21:57:13.946 | INFO     | src.scraper.project_detail_scraper:scrape_project_detail:23 - Збір деталей проекту за адресою: https://devpost.com/software/ai-study-buddy-eac8ki
2026-06-22 21:57:15.868 | INFO     | src.scraper.project_detail_scraper:scrape_project_detail:23 - Збір деталей проекту за адресою: https://devpost.com/software/grounded-mhvbix
2026-06-22 21:57:16.949 | INFO     | src.scraper.project_detail_scraper:scrape_project_detail:23 - Збір деталей проекту за адресою: https://devpost.com/software/sendr-package-return-app
2026-06-22 21:57:18.950 | INFO     | src.scraper.project_detail_scraper:scrape_project_detail:23 - Збір деталей проекту за адресою: https://devpost.com/software/companioncare-ai
2026-06-22 21:57:21.230 | INFO     | src.scraper.project_detail_scraper:scrape_project_detail:23 - Збір деталей проекту за адресою: https://devpost.com/software/aristotle-ai-decision-coach
2026-06-22 21:57:22.306 | INFO     | src.scraper.project_detail_scraper:scrape_project_detail:23 - Збір деталей проекту за адресою: https://devpost.com/software/fd-7g0sbo
2026-06-22 21:57:24.158 | INFO     | src.scraper.project_detail_scraper:scrape_project_detail:23 - Збір деталей проекту за адресою: https://devpost.com/software/teamphysician
2026-06-22 21:57:25.276 | INFO     | src.scraper.project_detail_scraper:scrape_project_detail:23 - Збір деталей проекту за адресою: https://devpost.com/software/resq-ai-emergency-assistant
2026-06-22 21:57:26.325 | INFO     | src.scraper.project_detail_scraper:scrape_project_detail:23 - Збір деталей проекту за адресою: https://devpost.com/software/veritas-czi0eq
2026-06-22 21:57:28.156 | INFO     | src.scraper.project_detail_scraper:scrape_project_detail:23 - Збір деталей проекту за адресою: https://devpost.com/software/scholarai-xheu92
2026-06-22 21:57:30.327 | INFO     | src.scraper.project_detail_scraper:scrape_project_detail:23 - Збір деталей проекту за адресою: https://devpost.com/software/caseclear
2026-06-22 21:57:31.482 | INFO     | src.scraper.project_detail_scraper:scrape_project_detail:23 - Збір деталей проекту за адресою: https://devpost.com/software/tempname-djeqsc
2026-06-22 21:57:32.610 | INFO     | src.scraper.project_detail_scraper:scrape_project_detail:23 - Збір деталей проекту за адресою: https://devpost.com/software/cosmas-sq0h4v
2026-06-22 21:57:33.656 | INFO     | src.scraper.project_detail_scraper:scrape_project_detail:23 - Збір деталей проекту за адресою: https://devpost.com/software/second-brain-pyr7nb
2026-06-22 21:57:35.645 | INFO     | src.scraper.project_detail_scraper:scrape_project_detail:23 - Збір деталей проекту за адресою: https://devpost.com/software/compass-hunt9r
2026-06-22 21:57:37.634 | INFO     | src.scraper.project_detail_scraper:scrape_project_detail:23 - Збір деталей проекту за адресою: https://devpost.com/software/placeholder-f63v0t
2026-06-22 21:57:38.713 | INFO     | src.scraper.project_detail_scraper:scrape_project_detail:23 - Збір деталей проекту за адресою: https://devpost.com/software/carebridge-h38p2b
2026-06-22 21:57:40.525 | INFO     | src.scraper.project_detail_scraper:scrape_project_detail:23 - Збір деталей проекту за адресою: https://devpost.com/software/bisp-benefits-navigator
2026-06-22 21:57:42.473 | INFO     | src.scraper.project_detail_scraper:scrape_project_detail:23 - Збір деталей проекту за адресою: https://devpost.com/software/simpel-ai-benefits-navigator-for-indonesian-families
2026-06-22 21:57:44.581 | INFO     | src.scraper.project_detail_scraper:scrape_project_detail:23 - Збір деталей проекту за адресою: https://devpost.com/software/overthinkai-4-agent-life-decision-simulator
2026-06-22 21:57:46.386 | INFO     | src.scraper.project_detail_scraper:scrape_project_detail:23 - Збір деталей проекту за адресою: https://devpost.com/software/biosync-healthintel
2026-06-22 21:57:48.571 | INFO     | src.scraper.project_detail_scraper:scrape_project_detail:23 - Збір деталей проекту за адресою: https://devpost.com/software/second-brain-a-heterogeneous-ai-ensemble-for-life-decisions
2026-06-22 21:57:50.765 | INFO     | src.scraper.project_detail_scraper:scrape_project_detail:23 - Збір деталей проекту за адресою: https://devpost.com/software/2d2p
2026-06-22 21:57:51.848 | INFO     | src.scraper.project_detail_scraper:scrape_project_detail:23 - Збір деталей проекту за адресою: https://devpost.com/software/forge-the-ai-powered-gauntlet-for-early-stage-founders
2026-06-22 21:57:54.106 | INFO     | src.scraper.project_detail_scraper:scrape_project_detail:23 - Збір деталей проекту за адресою: https://devpost.com/software/clueless-f2gxt4
2026-06-22 21:57:55.291 | INFO     | src.scraper.project_detail_scraper:scrape_project_detail:23 - Збір деталей проекту за адресою: https://devpost.com/software/synic
2026-06-22 21:57:56.324 | INFO     | src.scraper.project_detail_scraper:scrape_project_detail:23 - Збір деталей проекту за адресою: https://devpost.com/software/trust-line-mcs2v0
2026-06-22 21:57:57.375 | INFO     | src.scraper.project_detail_scraper:scrape_project_detail:23 - Збір деталей проекту за адресою: https://devpost.com/software/rescuelink-ai
2026-06-22 21:57:58.454 | INFO     | src.scraper.project_detail_scraper:scrape_project_detail:23 - Збір деталей проекту за адресою: https://devpost.com/software/avoriq
2026-06-22 21:58:00.517 | INFO     | src.scraper.project_detail_scraper:scrape_project_detail:23 - Збір деталей проекту за адресою: https://devpost.com/software/safestay-34bznt
2026-06-22 21:58:02.520 | INFO     | src.scraper.project_detail_scraper:scrape_project_detail:23 - Збір деталей проекту за адресою: https://devpost.com/software/nexstep
2026-06-22 21:58:04.400 | INFO     | src.scraper.project_detail_scraper:scrape_project_detail:23 - Збір деталей проекту за адресою: https://devpost.com/software/soma-hw3e7d
2026-06-22 21:58:06.388 | INFO     | src.scraper.project_detail_scraper:scrape_project_detail:23 - Збір деталей проекту за адресою: https://devpost.com/software/cashline
2026-06-22 21:58:08.480 | INFO     | src.scraper.project_detail_scraper:scrape_project_detail:23 - Збір деталей проекту за адресою: https://devpost.com/software/nawiri-axuq5v
2026-06-22 21:58:10.479 | INFO     | src.scraper.project_detail_scraper:scrape_project_detail:23 - Збір деталей проекту за адресою: https://devpost.com/software/riact
2026-06-22 21:58:12.511 | INFO     | src.scraper.project_detail_scraper:scrape_project_detail:23 - Збір деталей проекту за адресою: https://devpost.com/software/actionpath
2026-06-22 21:58:14.587 | INFO     | src.scraper.project_detail_scraper:scrape_project_detail:23 - Збір деталей проекту за адресою: https://devpost.com/software/superhuman-ai-chief-of-staff-second-brain
2026-06-22 21:58:16.666 | INFO     | src.scraper.project_detail_scraper:scrape_project_detail:23 - Збір деталей проекту за адресою: https://devpost.com/software/strata-a-software-with-carbon-sense
2026-06-22 21:58:18.440 | INFO     | src.scraper.project_detail_scraper:scrape_project_detail:23 - Збір деталей проекту за адресою: https://devpost.com/software/internflow-qylde8
2026-06-22 21:58:20.365 | INFO     | src.scraper.project_detail_scraper:scrape_project_detail:23 - Збір деталей проекту за адресою: https://devpost.com/software/caregiver-support-graph
2026-06-22 21:58:21.459 | INFO     | src.scraper.project_detail_scraper:scrape_project_detail:23 - Збір деталей проекту за адресою: https://devpost.com/software/mindx-zero-to-one
2026-06-22 21:58:23.365 | INFO     | src.scraper.project_detail_scraper:scrape_project_detail:23 - Збір деталей проекту за адресою: https://devpost.com/software/loamglobal-07d4sn
2026-06-22 21:58:24.493 | INFO     | src.scraper.project_detail_scraper:scrape_project_detail:23 - Збір деталей проекту за адресою: https://devpost.com/software/clearhead-av3du9
2026-06-22 21:58:26.607 | INFO     | src.scraper.project_detail_scraper:scrape_project_detail:23 - Збір деталей проекту за адресою: https://devpost.com/software/archetype-k7pneh
2026-06-22 21:58:28.620 | INFO     | src.scraper.project_detail_scraper:scrape_project_detail:23 - Збір деталей проекту за адресою: https://devpost.com/software/crisisconnect-wahbg8
2026-06-22 21:58:30.630 | INFO     | src.scraper.project_detail_scraper:scrape_project_detail:23 - Збір деталей проекту за адресою: https://devpost.com/software/fafsa-aid-navigator
2026-06-22 21:58:32.646 | INFO     | src.scraper.project_detail_scraper:scrape_project_detail:23 - Збір деталей проекту за адресою: https://devpost.com/software/cliffline-benefits-navigator
2026-06-22 21:58:35.763 | INFO     | src.scraper.project_detail_scraper:scrape_project_detail:23 - Збір деталей проекту за адресою: https://devpost.com/software/actionaid
2026-06-22 21:58:36.781 | INFO     | src.scraper.project_detail_scraper:scrape_project_detail:23 - Збір деталей проекту за адресою: https://devpost.com/software/rumor-vs-reality
2026-06-22 21:58:37.843 | INFO     | src.scraper.project_detail_scraper:scrape_project_detail:23 - Збір деталей проекту за адресою: https://devpost.com/software/scholarshiphub
2026-06-22 21:58:39.885 | INFO     | src.scraper.project_detail_scraper:scrape_project_detail:23 - Збір деталей проекту за адресою: https://devpost.com/software/beacon-ai-va4ki8
2026-06-22 21:58:40.932 | INFO     | src.scraper.project_detail_scraper:scrape_project_detail:23 - Збір деталей проекту за адресою: https://devpost.com/software/lifefork
2026-06-22 21:58:42.833 | INFO     | src.scraper.project_detail_scraper:scrape_project_detail:23 - Збір деталей проекту за адресою: https://devpost.com/software/weatherwise-ai-intelligent-weather-insights
2026-06-22 21:58:43.959 | INFO     | src.scraper.project_detail_scraper:scrape_project_detail:23 - Збір деталей проекту за адресою: https://devpost.com/software/careercompass-ai-hp92vw
2026-06-22 21:58:46.074 | INFO     | src.scraper.project_detail_scraper:scrape_project_detail:23 - Збір деталей проекту за адресою: https://devpost.com/software/career-choice-finance-simulator
2026-06-22 21:58:47.208 | INFO     | src.scraper.project_detail_scraper:scrape_project_detail:23 - Збір деталей проекту за адресою: https://devpost.com/software/ecosense-qpvzbi
2026-06-22 21:58:49.315 | INFO     | src.scraper.project_detail_scraper:scrape_project_detail:23 - Збір деталей проекту за адресою: https://devpost.com/software/vayent
2026-06-22 21:58:50.383 | INFO     | src.scraper.project_detail_scraper:scrape_project_detail:23 - Збір деталей проекту за адресою: https://devpost.com/software/equipulse-ai
2026-06-22 21:58:52.144 | INFO     | src.scraper.project_detail_scraper:scrape_project_detail:23 - Збір деталей проекту за адресою: https://devpost.com/software/resiliencescan
2026-06-22 21:58:54.165 | INFO     | src.scraper.project_detail_scraper:scrape_project_detail:23 - Збір деталей проекту за адресою: https://devpost.com/software/clairo-h9eonj
2026-06-22 21:58:55.343 | INFO     | src.scraper.project_detail_scraper:scrape_project_detail:23 - Збір деталей проекту за адресою: https://devpost.com/software/doclarity
2026-06-22 21:58:56.445 | INFO     | src.scraper.project_detail_scraper:scrape_project_detail:23 - Збір деталей проекту за адресою: https://devpost.com/software/aquacycle-nigeria
2026-06-22 21:58:57.554 | INFO     | src.scraper.project_detail_scraper:scrape_project_detail:23 - Збір деталей проекту за адресою: https://devpost.com/software/global-wetland-guardian-ai
2026-06-22 21:58:58.603 | INFO     | src.scraper.project_detail_scraper:scrape_project_detail:23 - Збір деталей проекту за адресою: https://devpost.com/software/zero-to-one-builder
2026-06-22 21:59:00.626 | INFO     | src.scraper.project_detail_scraper:scrape_project_detail:23 - Збір деталей проекту за адресою: https://devpost.com/software/better-safe-than-sued
2026-06-22 21:59:02.703 | INFO     | src.scraper.project_detail_scraper:scrape_project_detail:23 - Збір деталей проекту за адресою: https://devpost.com/software/heartread
2026-06-22 21:59:04.606 | INFO     | src.scraper.project_detail_scraper:scrape_project_detail:23 - Збір деталей проекту за адресою: https://devpost.com/software/ctrl-s
2026-06-22 21:59:05.723 | INFO     | src.scraper.project_detail_scraper:scrape_project_detail:23 - Збір деталей проекту за адресою: https://devpost.com/software/servicebridge-ai
2026-06-22 21:59:06.848 | INFO     | src.scraper.project_detail_scraper:scrape_project_detail:23 - Збір деталей проекту за адресою: https://devpost.com/software/lightsout-c3evdb
2026-06-22 21:59:09.006 | INFO     | src.scraper.project_detail_scraper:scrape_project_detail:23 - Збір деталей проекту за адресою: https://devpost.com/software/medicura-eqv17k
2026-06-22 21:59:10.962 | INFO     | src.scraper.project_detail_scraper:scrape_project_detail:23 - Збір деталей проекту за адресою: https://devpost.com/software/sift-2rdezv
2026-06-22 21:59:12.102 | INFO     | src.scraper.project_detail_scraper:scrape_project_detail:23 - Збір деталей проекту за адресою: https://devpost.com/software/smartgreenify-7xyak2
2026-06-22 21:59:14.138 | INFO     | src.scraper.project_detail_scraper:scrape_project_detail:23 - Збір деталей проекту за адресою: https://devpost.com/software/policy-forge-ai
2026-06-22 21:59:16.239 | INFO     | src.scraper.project_detail_scraper:scrape_project_detail:23 - Збір деталей проекту за адресою: https://devpost.com/software/factpulse
2026-06-22 21:59:18.314 | INFO     | src.scraper.project_detail_scraper:scrape_project_detail:23 - Збір деталей проекту за адресою: https://devpost.com/software/new-leaf-vzh865
2026-06-22 21:59:20.000 | INFO     | src.scraper.project_detail_scraper:scrape_project_detail:23 - Збір деталей проекту за адресою: https://devpost.com/software/clearpath-ai-kcmxlg
2026-06-22 21:59:21.116 | INFO     | src.scraper.project_detail_scraper:scrape_project_detail:23 - Збір деталей проекту за адресою: https://devpost.com/software/looking-for-a-name
2026-06-22 21:59:22.207 | INFO     | src.scraper.project_detail_scraper:scrape_project_detail:23 - Збір деталей проекту за адресою: https://devpost.com/software/mayank-bisht
2026-06-22 21:59:23.301 | INFO     | src.scraper.project_detail_scraper:scrape_project_detail:23 - Збір деталей проекту за адресою: https://devpost.com/software/echo-emotional-support-navigator
2026-06-22 21:59:24.369 | INFO     | src.scraper.project_detail_scraper:scrape_project_detail:23 - Збір деталей проекту за адресою: https://devpost.com/software/jobshield-ai-ywng0k
2026-06-22 21:59:25.454 | INFO     | src.scraper.project_detail_scraper:scrape_project_detail:23 - Збір деталей проекту за адресою: https://devpost.com/software/salahkaar
2026-06-22 21:59:27.395 | INFO     | src.scraper.project_detail_scraper:scrape_project_detail:23 - Збір деталей проекту за адресою: https://devpost.com/software/familyclock
2026-06-22 21:59:28.511 | INFO     | src.scraper.project_detail_scraper:scrape_project_detail:23 - Збір деталей проекту за адресою: https://devpost.com/software/anchor-3t9pao
2026-06-22 21:59:30.469 | INFO     | src.scraper.project_detail_scraper:scrape_project_detail:23 - Збір деталей проекту за адресою: https://devpost.com/software/bridgeai-yue8qk
2026-06-22 21:59:31.513 | INFO     | src.scraper.project_detail_scraper:scrape_project_detail:23 - Збір деталей проекту за адресою: https://devpost.com/software/signwear-ai
2026-06-22 21:59:33.340 | INFO     | src.scraper.project_detail_scraper:scrape_project_detail:23 - Збір деталей проекту за адресою: https://devpost.com/software/konya
2026-06-22 21:59:35.231 | INFO     | src.scraper.project_detail_scraper:scrape_project_detail:23 - Збір деталей проекту за адресою: https://devpost.com/software/nura-nbr6yv
2026-06-22 21:59:36.333 | INFO     | src.scraper.project_detail_scraper:scrape_project_detail:23 - Збір деталей проекту за адресою: https://devpost.com/software/facetrust-ai
2026-06-22 21:59:38.330 | INFO     | src.scraper.project_detail_scraper:scrape_project_detail:23 - Збір деталей проекту за адресою: https://devpost.com/software/chia-seeds
2026-06-22 21:59:39.377 | INFO     | src.scraper.project_detail_scraper:scrape_project_detail:23 - Збір деталей проекту за адресою: https://devpost.com/software/init-the-starting-point-of-execution
2026-06-22 21:59:41.333 | INFO     | src.scraper.project_detail_scraper:scrape_project_detail:23 - Збір деталей проекту за адресою: https://devpost.com/software/easyloc
2026-06-22 21:59:42.400 | INFO     | src.scraper.project_detail_scraper:scrape_project_detail:23 - Збір деталей проекту за адресою: https://devpost.com/software/clearpath-3vzq1f
2026-06-22 21:59:44.334 | INFO     | src.scraper.project_detail_scraper:scrape_project_detail:23 - Збір деталей проекту за адресою: https://devpost.com/software/saferoute-ai-benefits-navigator
2026-06-22 21:59:46.270 | INFO     | src.scraper.project_detail_scraper:scrape_project_detail:23 - Збір деталей проекту за адресою: https://devpost.com/software/lifepilot-ai-personal-decision-intelligence-platform
2026-06-22 21:59:47.946 | INFO     | src.scraper.project_detail_scraper:scrape_project_detail:23 - Збір деталей проекту за адресою: https://devpost.com/software/beacon-m5tgvr
2026-06-22 21:59:50.015 | INFO     | src.scraper.project_detail_scraper:scrape_project_detail:23 - Збір деталей проекту за адресою: https://devpost.com/software/exceed-ai-powered-food-redistribution-for-students
2026-06-22 21:59:52.354 | INFO     | src.scraper.project_detail_scraper:scrape_project_detail:23 - Збір деталей проекту за адресою: https://devpost.com/software/milkbot-transportation-prediction-app
2026-06-22 21:59:53.413 | INFO     | src.scraper.project_detail_scraper:scrape_project_detail:23 - Збір деталей проекту за адресою: https://devpost.com/software/invectious
2026-06-22 21:59:55.360 | INFO     | src.scraper.project_detail_scraper:scrape_project_detail:23 - Збір деталей проекту за адресою: https://devpost.com/software/ecobite-tcxegd
2026-06-22 21:59:56.420 | INFO     | src.scraper.project_detail_scraper:scrape_project_detail:23 - Збір деталей проекту за адресою: https://devpost.com/software/ai-assistance-br7v9w
2026-06-22 21:59:57.487 | INFO     | src.scraper.project_detail_scraper:scrape_project_detail:23 - Збір деталей проекту за адресою: https://devpost.com/software/moss-based-air-purification-system
2026-06-22 22:00:02.147 | INFO     | src.scraper.project_detail_scraper:scrape_project_detail:23 - Збір деталей проекту за адресою: https://devpost.com/software/mindbridge-5ruczq
2026-06-22 22:00:04.282 | INFO     | src.scraper.project_detail_scraper:scrape_project_detail:23 - Збір деталей проекту за адресою: https://devpost.com/software/saarthi-ai-3icufj
2026-06-22 22:00:06.345 | INFO     | src.scraper.project_detail_scraper:scrape_project_detail:23 - Збір деталей проекту за адресою: https://devpost.com/software/hagere-voice
2026-06-22 22:00:08.346 | INFO     | src.scraper.project_detail_scraper:scrape_project_detail:23 - Збір деталей проекту за адресою: https://devpost.com/software/tradeease-g51kne
2026-06-22 22:00:09.419 | INFO     | src.scraper.project_detail_scraper:scrape_project_detail:23 - Збір деталей проекту за адресою: https://devpost.com/software/ai-cybersecurity-assistant
2026-06-22 22:00:11.543 | INFO     | src.scraper.project_detail_scraper:scrape_project_detail:23 - Збір деталей проекту за адресою: https://devpost.com/software/projectforge
2026-06-22 22:00:12.657 | INFO     | src.scraper.project_detail_scraper:scrape_project_detail:23 - Збір деталей проекту за адресою: https://devpost.com/software/senior-safecheck
2026-06-22 22:00:13.764 | INFO     | src.scraper.project_detail_scraper:scrape_project_detail:23 - Збір деталей проекту за адресою: https://devpost.com/software/ai-smart-food-waste-reducer
2026-06-22 22:00:14.819 | INFO     | src.scraper.project_detail_scraper:scrape_project_detail:23 - Збір деталей проекту за адресою: https://devpost.com/software/havenai
2026-06-22 22:00:15.882 | INFO     | src.scraper.project_detail_scraper:scrape_project_detail:23 - Збір деталей проекту за адресою: https://devpost.com/software/ledger-3rp0nf
2026-06-22 22:00:17.838 | INFO     | src.scraper.project_detail_scraper:scrape_project_detail:23 - Збір деталей проекту за адресою: https://devpost.com/software/insurewise-ai
2026-06-22 22:00:18.964 | INFO     | src.scraper.project_detail_scraper:scrape_project_detail:23 - Збір деталей проекту за адресою: https://devpost.com/software/back-on-track-ngv43m
2026-06-22 22:00:21.238 | INFO     | src.scraper.project_detail_scraper:scrape_project_detail:23 - Збір деталей проекту за адресою: https://devpost.com/software/homepath-qc03oy
2026-06-22 22:00:23.201 | INFO     | src.scraper.project_detail_scraper:scrape_project_detail:23 - Збір деталей проекту за адресою: https://devpost.com/software/snap-eligibility-navigator
2026-06-22 22:00:24.239 | INFO     | src.scraper.project_detail_scraper:scrape_project_detail:23 - Збір деталей проекту за адресою: https://devpost.com/software/agrimon-pro-ai-powered-smart-farming-kwvo9c
2026-06-22 22:00:26.186 | INFO     | src.scraper.project_detail_scraper:scrape_project_detail:23 - Збір деталей проекту за адресою: https://devpost.com/software/gestureguard-ai
2026-06-22 22:00:27.298 | INFO     | src.scraper.project_detail_scraper:scrape_project_detail:23 - Збір деталей проекту за адресою: https://devpost.com/software/safe-speak-ai
2026-06-22 22:00:28.406 | INFO     | src.scraper.project_detail_scraper:scrape_project_detail:23 - Збір деталей проекту за адресою: https://devpost.com/software/foundai-b97gdq
2026-06-22 22:00:29.499 | INFO     | src.scraper.project_detail_scraper:scrape_project_detail:23 - Збір деталей проекту за адресою: https://devpost.com/software/gagan-ai-fire-vision
2026-06-22 22:00:30.589 | INFO     | src.scraper.project_detail_scraper:scrape_project_detail:23 - Збір деталей проекту за адресою: https://devpost.com/software/a-b7i5o8
2026-06-22 22:00:31.716 | INFO     | src.scraper.project_detail_scraper:scrape_project_detail:23 - Збір деталей проекту за адресою: https://devpost.com/software/cognisphere-ai
2026-06-22 22:00:32.844 | INFO     | src.scraper.project_detail_scraper:scrape_project_detail:23 - Збір деталей проекту за адресою: https://devpost.com/software/uzbek_drift
2026-06-22 22:00:33.935 | INFO     | src.scraper.project_detail_scraper:scrape_project_detail:23 - Збір деталей проекту за адресою: https://devpost.com/software/green-step
2026-06-22 22:00:35.080 | INFO     | src.scraper.project_detail_scraper:scrape_project_detail:23 - Збір деталей проекту за адресою: https://devpost.com/software/resolutioniq-file-it-right-get-it-fixed
2026-06-22 22:00:37.297 | INFO     | src.scraper.project_detail_scraper:scrape_project_detail:23 - Збір деталей проекту за адресою: https://devpost.com/software/contextcatcher-znw8y3
2026-06-22 22:00:38.355 | INFO     | src.scraper.project_detail_scraper:scrape_project_detail:23 - Збір деталей проекту за адресою: https://devpost.com/software/neuro-path-blind-spot-detection-system
2026-06-22 22:00:40.003 | INFO     | src.scraper.project_detail_scraper:scrape_project_detail:23 - Збір деталей проекту за адресою: https://devpost.com/software/househub
2026-06-22 22:00:41.892 | INFO     | src.scraper.project_detail_scraper:scrape_project_detail:23 - Збір деталей проекту за адресою: https://devpost.com/software/ecosentinel-ai-tmsnje
2026-06-22 22:00:42.964 | INFO     | src.scraper.project_detail_scraper:scrape_project_detail:23 - Збір деталей проекту за адресою: https://devpost.com/software/clearpath-6u2pa3
2026-06-22 22:00:45.163 | INFO     | src.scraper.project_detail_scraper:scrape_project_detail:23 - Збір деталей проекту за адресою: https://devpost.com/software/schoolmaxxing
2026-06-22 22:00:47.523 | INFO     | src.scraper.project_detail_scraper:scrape_project_detail:23 - Збір деталей проекту за адресою: https://devpost.com/software/article-checker
2026-06-22 22:00:48.572 | INFO     | src.scraper.project_detail_scraper:scrape_project_detail:23 - Збір деталей проекту за адресою: https://devpost.com/software/homepath-ai
2026-06-22 22:00:50.613 | INFO     | src.scraper.project_detail_scraper:scrape_project_detail:23 - Збір деталей проекту за адресою: https://devpost.com/software/menuchef-5o8ukq
2026-06-22 22:00:51.745 | INFO     | src.scraper.project_detail_scraper:scrape_project_detail:23 - Збір деталей проекту за адресою: https://devpost.com/software/harvest-9jo8a4
2026-06-22 22:00:53.914 | INFO     | src.scraper.project_detail_scraper:scrape_project_detail:23 - Збір деталей проекту за адресою: https://devpost.com/software/neuraldesk
2026-06-22 22:00:54.974 | INFO     | src.scraper.project_detail_scraper:scrape_project_detail:23 - Збір деталей проекту за адресою: https://devpost.com/software/life-decision-simulator-46at2s
2026-06-22 22:00:56.043 | INFO     | src.scraper.project_detail_scraper:scrape_project_detail:23 - Збір деталей проекту за адресою: https://devpost.com/software/imprint-8hu4l7
2026-06-22 22:00:58.139 | INFO     | src.scraper.project_detail_scraper:scrape_project_detail:23 - Збір деталей проекту за адресою: https://devpost.com/software/clearhelp
2026-06-22 22:01:00.265 | INFO     | src.scraper.project_detail_scraper:scrape_project_detail:23 - Збір деталей проекту за адресою: https://devpost.com/software/sirona-ai-clinical-triage
2026-06-22 22:01:01.342 | INFO     | src.scraper.project_detail_scraper:scrape_project_detail:23 - Збір деталей проекту за адресою: https://devpost.com/software/beacon-the-crisis-navigation-engine
2026-06-22 22:01:02.442 | INFO     | src.scraper.project_detail_scraper:scrape_project_detail:23 - Збір деталей проекту за адресою: https://devpost.com/software/agriscope
2026-06-22 22:01:04.547 | INFO     | src.scraper.project_detail_scraper:scrape_project_detail:23 - Збір деталей проекту за адресою: https://devpost.com/software/benefit-bridge
2026-06-22 22:01:06.298 | INFO     | src.scraper.project_detail_scraper:scrape_project_detail:23 - Збір деталей проекту за адресою: https://devpost.com/software/beacon-sv1qk3
2026-06-22 22:01:07.397 | INFO     | src.scraper.project_detail_scraper:scrape_project_detail:23 - Збір деталей проекту за адресою: https://devpost.com/software/the-project-ra3ytx
2026-06-22 22:01:08.441 | INFO     | src.scraper.project_detail_scraper:scrape_project_detail:23 - Збір деталей проекту за адресою: https://devpost.com/software/cutmyloss
2026-06-22 22:01:09.612 | INFO     | src.scraper.project_detail_scraper:scrape_project_detail:23 - Збір деталей проекту за адресою: https://devpost.com/software/understand-ai-i6k7o1
2026-06-22 22:01:10.701 | INFO     | src.scraper.project_detail_scraper:scrape_project_detail:23 - Збір деталей проекту за адресою: https://devpost.com/software/pathera-emotion-aware-reasoning-assistant
2026-06-22 22:01:12.676 | INFO     | src.scraper.project_detail_scraper:scrape_project_detail:23 - Збір деталей проекту за адресою: https://devpost.com/software/mealmatch-ai
2026-06-22 22:01:14.791 | INFO     | src.scraper.project_detail_scraper:scrape_project_detail:23 - Збір деталей проекту за адресою: https://devpost.com/software/kronos-e0cr9b
2026-06-22 22:01:16.699 | INFO     | src.scraper.project_detail_scraper:scrape_project_detail:23 - Збір деталей проекту за адресою: https://devpost.com/software/rxread_ai
2026-06-22 22:01:18.740 | INFO     | src.scraper.project_detail_scraper:scrape_project_detail:23 - Збір деталей проекту за адресою: https://devpost.com/software/neuronic-ai
2026-06-22 22:01:20.794 | INFO     | src.scraper.project_detail_scraper:scrape_project_detail:23 - Збір деталей проекту за адресою: https://devpost.com/software/epilink-31xdos
2026-06-22 22:01:22.935 | INFO     | src.scraper.project_detail_scraper:scrape_project_detail:23 - Збір деталей проекту за адресою: https://devpost.com/software/robobrain-robotics-team-second-brain
2026-06-22 22:01:23.977 | INFO     | src.scraper.project_detail_scraper:scrape_project_detail:23 - Збір деталей проекту за адресою: https://devpost.com/software/founder-second-brain
2026-06-22 22:01:26.404 | INFO     | src.scraper.project_detail_scraper:scrape_project_detail:23 - Збір деталей проекту за адресою: https://devpost.com/software/prepaster
2026-06-22 22:01:28.304 | INFO     | src.scraper.project_detail_scraper:scrape_project_detail:23 - Збір деталей проекту за адресою: https://devpost.com/software/hive-8zfhtd
2026-06-22 22:01:29.367 | INFO     | src.scraper.project_detail_scraper:scrape_project_detail:23 - Збір деталей проекту за адресою: https://devpost.com/software/hydrosentinel-ai
2026-06-22 22:01:31.429 | INFO     | src.scraper.project_detail_scraper:scrape_project_detail:23 - Збір деталей проекту за адресою: https://devpost.com/software/scrappy-i0aq7l
2026-06-22 22:01:32.497 | INFO     | src.scraper.project_detail_scraper:scrape_project_detail:23 - Збір деталей проекту за адресою: https://devpost.com/software/climate-action-assistance
2026-06-22 22:01:33.663 | INFO     | src.scraper.project_detail_scraper:scrape_project_detail:23 - Збір деталей проекту за адресою: https://devpost.com/software/dopa-pal-s
2026-06-22 22:01:35.663 | INFO     | src.scraper.project_detail_scraper:scrape_project_detail:23 - Збір деталей проекту за адресою: https://devpost.com/software/carelink-sut7bx
2026-06-22 22:01:36.779 | INFO     | src.scraper.project_detail_scraper:scrape_project_detail:23 - Збір деталей проекту за адресою: https://devpost.com/software/navigator-gulu-connect
2026-06-22 22:01:37.874 | INFO     | src.scraper.project_detail_scraper:scrape_project_detail:23 - Збір деталей проекту за адресою: https://devpost.com/software/sanespace
2026-06-22 22:01:39.822 | INFO     | src.scraper.project_detail_scraper:scrape_project_detail:23 - Збір деталей проекту за адресою: https://devpost.com/software/ecoloco
2026-06-22 22:01:41.995 | INFO     | src.scraper.project_detail_scraper:scrape_project_detail:23 - Збір деталей проекту за адресою: https://devpost.com/software/not-sure-yet-k46jpf
2026-06-22 22:01:44.027 | INFO     | src.scraper.project_detail_scraper:scrape_project_detail:23 - Збір деталей проекту за адресою: https://devpost.com/software/medical-triage-translator-for-new-moms
2026-06-22 22:01:45.085 | INFO     | src.scraper.project_detail_scraper:scrape_project_detail:23 - Збір деталей проекту за адресою: https://devpost.com/software/admission-intelligence-ibf4qs
2026-06-22 22:01:46.186 | INFO     | src.scraper.project_detail_scraper:scrape_project_detail:23 - Збір деталей проекту за адресою: https://devpost.com/software/wayfinder-1y4xbe
2026-06-22 22:01:48.176 | INFO     | src.scraper.project_detail_scraper:scrape_project_detail:23 - Збір деталей проекту за адресою: https://devpost.com/software/weareability
2026-06-22 22:01:49.399 | INFO     | src.scraper.project_detail_scraper:scrape_project_detail:23 - Збір деталей проекту за адресою: https://devpost.com/software/waste2watts-food-ai
2026-06-22 22:01:51.286 | INFO     | src.scraper.project_detail_scraper:scrape_project_detail:23 - Збір деталей проекту за адресою: https://devpost.com/software/devscope-34sb0e
2026-06-22 22:01:53.379 | INFO     | src.scraper.project_detail_scraper:scrape_project_detail:23 - Збір деталей проекту за адресою: https://devpost.com/software/harvest-link-png
2026-06-22 22:01:55.394 | INFO     | src.scraper.project_detail_scraper:scrape_project_detail:23 - Збір деталей проекту за адресою: https://devpost.com/software/clarifycare-ai
2026-06-22 22:01:57.116 | INFO     | src.scraper.project_detail_scraper:scrape_project_detail:23 - Збір деталей проекту за адресою: https://devpost.com/software/femaura-n17s6a
2026-06-22 22:01:58.133 | INFO     | src.scraper.project_detail_scraper:scrape_project_detail:23 - Збір деталей проекту за адресою: https://devpost.com/software/heard-autism
2026-06-22 22:02:00.199 | INFO     | src.scraper.project_detail_scraper:scrape_project_detail:23 - Збір деталей проекту за адресою: https://devpost.com/software/outreachflow
2026-06-22 22:02:01.269 | INFO     | src.scraper.project_detail_scraper:scrape_project_detail:23 - Збір деталей проекту за адресою: https://devpost.com/software/sentinelx-px546o
2026-06-22 22:02:03.612 | INFO     | src.scraper.project_detail_scraper:scrape_project_detail:23 - Збір деталей проекту за адресою: https://devpost.com/software/launch-pad-dywuij
2026-06-22 22:02:05.537 | INFO     | src.scraper.project_detail_scraper:scrape_project_detail:23 - Збір деталей проекту за адресою: https://devpost.com/software/ai-assistant-for-visually-impaired-people
2026-06-22 22:02:07.759 | INFO     | src.scraper.project_detail_scraper:scrape_project_detail:23 - Збір деталей проекту за адресою: https://devpost.com/software/second-brain-cognitive-scaffold-engine
2026-06-22 22:02:10.106 | INFO     | src.scraper.project_detail_scraper:scrape_project_detail:23 - Збір деталей проекту за адресою: https://devpost.com/software/organizing-bot
2026-06-22 22:02:12.228 | INFO     | src.scraper.project_detail_scraper:scrape_project_detail:23 - Збір деталей проекту за адресою: https://devpost.com/software/daleel-uae-government-service-assistant
2026-06-22 22:02:14.361 | INFO     | src.scraper.project_detail_scraper:scrape_project_detail:23 - Збір деталей проекту за адресою: https://devpost.com/software/mindpath-12q4av
2026-06-22 22:02:16.266 | INFO     | src.scraper.project_detail_scraper:scrape_project_detail:23 - Збір деталей проекту за адресою: https://devpost.com/software/transitiq-i5bgxm
2026-06-22 22:02:18.208 | INFO     | src.scraper.project_detail_scraper:scrape_project_detail:23 - Збір деталей проекту за адресою: https://devpost.com/software/ecoos-core-ai-food-waste-prediction-for-hk-schools
2026-06-22 22:02:19.235 | INFO     | src.scraper.project_detail_scraper:scrape_project_detail:23 - Збір деталей проекту за адресою: https://devpost.com/software/founderspath
2026-06-22 22:02:20.361 | INFO     | src.scraper.project_detail_scraper:scrape_project_detail:23 - Збір деталей проекту за адресою: https://devpost.com/software/ideaforge-8wbyn0
2026-06-22 22:02:22.118 | INFO     | src.scraper.project_detail_scraper:scrape_project_detail:23 - Збір деталей проекту за адресою: https://devpost.com/software/notekeeper-kn4lec
2026-06-22 22:02:24.073 | INFO     | src.scraper.project_detail_scraper:scrape_project_detail:23 - Збір деталей проекту за адресою: https://devpost.com/software/astramind-ai
2026-06-22 22:02:25.166 | INFO     | src.scraper.project_detail_scraper:scrape_project_detail:23 - Збір деталей проекту за адресою: https://devpost.com/software/aero-gz4nkd
2026-06-22 22:02:27.032 | INFO     | src.scraper.project_detail_scraper:scrape_project_detail:23 - Збір деталей проекту за адресою: https://devpost.com/software/brainforge-ai
2026-06-22 22:02:28.965 | INFO     | src.scraper.project_detail_scraper:scrape_project_detail:23 - Збір деталей проекту за адресою: https://devpost.com/software/oncowispr
2026-06-22 22:02:30.825 | INFO     | src.scraper.project_detail_scraper:scrape_project_detail:23 - Збір деталей проекту за адресою: https://devpost.com/software/hashsentinel
2026-06-22 22:02:32.714 | INFO     | src.scraper.project_detail_scraper:scrape_project_detail:23 - Збір деталей проекту за адресою: https://devpost.com/software/choosewell
2026-06-22 22:02:34.673 | INFO     | src.scraper.project_detail_scraper:scrape_project_detail:23 - Збір деталей проекту за адресою: https://devpost.com/software/mnemosyne-nl2uo8
2026-06-22 22:02:36.835 | INFO     | src.scraper.project_detail_scraper:scrape_project_detail:23 - Збір деталей проекту за адресою: https://devpost.com/software/alyosha
2026-06-22 22:02:37.994 | INFO     | src.scraper.project_detail_scraper:scrape_project_detail:23 - Збір деталей проекту за адресою: https://devpost.com/software/dynamic-ui-morphing-framework
2026-06-22 22:02:40.045 | INFO     | src.scraper.project_detail_scraper:scrape_project_detail:23 - Збір деталей проекту за адресою: https://devpost.com/software/circuitcraft-fmcktr
2026-06-22 22:02:42.161 | INFO     | src.scraper.project_detail_scraper:scrape_project_detail:23 - Збір деталей проекту за адресою: https://devpost.com/software/digitalsafety
2026-06-22 22:02:43.957 | INFO     | src.scraper.project_detail_scraper:scrape_project_detail:23 - Збір деталей проекту за адресою: https://devpost.com/software/orca-ldwm8g
2026-06-22 22:02:45.958 | INFO     | src.scraper.project_detail_scraper:scrape_project_detail:23 - Збір деталей проекту за адресою: https://devpost.com/software/clearaid-ai
2026-06-22 22:02:47.891 | INFO     | src.scraper.project_detail_scraper:scrape_project_detail:23 - Збір деталей проекту за адресою: https://devpost.com/software/crisisclear
2026-06-22 22:02:49.895 | INFO     | src.scraper.project_detail_scraper:scrape_project_detail:23 - Збір деталей проекту за адресою: https://devpost.com/software/health-chat-bot-6hrk73
2026-06-22 22:02:51.046 | INFO     | src.scraper.project_detail_scraper:scrape_project_detail:23 - Збір деталей проекту за адресою: https://devpost.com/software/usaii-social-proto
2026-06-22 22:02:52.137 | INFO     | src.scraper.project_detail_scraper:scrape_project_detail:23 - Збір деталей проекту за адресою: https://devpost.com/software/sleepwise-dfz9n6
2026-06-22 22:02:53.200 | INFO     | src.scraper.project_detail_scraper:scrape_project_detail:23 - Збір деталей проекту за адресою: https://devpost.com/software/schoolprint-ai
2026-06-22 22:02:55.142 | INFO     | src.scraper.project_detail_scraper:scrape_project_detail:23 - Збір деталей проекту за адресою: https://devpost.com/software/nestorai
2026-06-22 22:02:56.191 | INFO     | src.scraper.project_detail_scraper:scrape_project_detail:23 - Збір деталей проекту за адресою: https://devpost.com/software/onecall-hotline
2026-06-22 22:02:57.210 | INFO     | src.scraper.project_detail_scraper:scrape_project_detail:23 - Збір деталей проекту за адресою: https://devpost.com/software/vitem-intelligent-maternal-care-for-ethnic-minorities-ztpwvu
2026-06-22 22:02:58.361 | INFO     | src.scraper.project_detail_scraper:scrape_project_detail:23 - Збір деталей проекту за адресою: https://devpost.com/software/futuremirror-ai
2026-06-22 22:03:00.397 | INFO     | src.scraper.project_detail_scraper:scrape_project_detail:23 - Збір деталей проекту за адресою: https://devpost.com/software/housing-stability-system-navigator
2026-06-22 22:03:01.485 | INFO     | src.scraper.project_detail_scraper:scrape_project_detail:23 - Збір деталей проекту за адресою: https://devpost.com/software/towerguard-xcpi7u
2026-06-22 22:03:03.629 | INFO     | src.scraper.project_detail_scraper:scrape_project_detail:23 - Збір деталей проекту за адресою: https://devpost.com/software/carelens-ai-g793wt
2026-06-22 22:03:05.562 | INFO     | src.scraper.project_detail_scraper:scrape_project_detail:23 - Збір деталей проекту за адресою: https://devpost.com/software/glucosense-ai
2026-06-22 22:03:07.859 | INFO     | src.scraper.project_detail_scraper:scrape_project_detail:23 - Збір деталей проекту за адресою: https://devpost.com/software/alpha-core-founder-digital-twin
2026-06-22 22:03:08.908 | INFO     | src.scraper.project_detail_scraper:scrape_project_detail:23 - Збір деталей проекту за адресою: https://devpost.com/software/silverbridge-ai
2026-06-22 22:03:09.982 | INFO     | src.scraper.project_detail_scraper:scrape_project_detail:23 - Збір деталей проекту за адресою: https://devpost.com/software/crisislens-t4br60
2026-06-22 22:03:11.060 | INFO     | src.scraper.project_detail_scraper:scrape_project_detail:23 - Збір деталей проекту за адресою: https://devpost.com/software/futureos-wkid9b
2026-06-22 22:03:13.119 | INFO     | src.scraper.project_detail_scraper:scrape_project_detail:23 - Збір деталей проекту за адресою: https://devpost.com/software/netguardian-ai-xdu1eb
2026-06-22 22:03:14.182 | INFO     | src.scraper.project_detail_scraper:scrape_project_detail:23 - Збір деталей проекту за адресою: https://devpost.com/software/sahayata-setu
2026-06-22 22:03:15.248 | INFO     | src.scraper.project_detail_scraper:scrape_project_detail:23 - Збір деталей проекту за адресою: https://devpost.com/software/fahimni
2026-06-22 22:03:16.363 | INFO     | src.scraper.project_detail_scraper:scrape_project_detail:23 - Збір деталей проекту за адресою: https://devpost.com/software/compass-ky3u8o
2026-06-22 22:03:18.248 | INFO     | src.scraper.project_detail_scraper:scrape_project_detail:23 - Збір деталей проекту за адресою: https://devpost.com/software/kavach-ai
2026-06-22 22:03:19.270 | INFO     | src.scraper.project_detail_scraper:scrape_project_detail:23 - Збір деталей проекту за адресою: https://devpost.com/software/clearpath-2nbhxc
2026-06-22 22:03:21.417 | INFO     | src.scraper.project_detail_scraper:scrape_project_detail:23 - Збір деталей проекту за адресою: https://devpost.com/software/ecotrace-6gpe2n
2026-06-22 22:03:22.509 | INFO     | src.scraper.project_detail_scraper:scrape_project_detail:23 - Збір деталей проекту за адресою: https://devpost.com/software/tickins-sailor
2026-06-22 22:03:23.699 | INFO     | src.scraper.project_detail_scraper:scrape_project_detail:23 - Збір деталей проекту за адресою: https://devpost.com/software/locallens-29pmz3
2026-06-22 22:03:24.879 | INFO     | src.scraper.project_detail_scraper:scrape_project_detail:23 - Збір деталей проекту за адресою: https://devpost.com/software/memoire-fhz6pv
2026-06-22 22:03:27.005 | INFO     | src.scraper.project_detail_scraper:scrape_project_detail:23 - Збір деталей проекту за адресою: https://devpost.com/software/dosemate-l1ej37
2026-06-22 22:03:28.933 | INFO     | src.scraper.project_detail_scraper:scrape_project_detail:23 - Збір деталей проекту за адресою: https://devpost.com/software/isa-medical-platform-to-increase-community-awareness
2026-06-22 22:03:30.059 | INFO     | src.scraper.project_detail_scraper:scrape_project_detail:23 - Збір деталей проекту за адресою: https://devpost.com/software/save-bites
2026-06-22 22:03:31.106 | INFO     | src.scraper.project_detail_scraper:scrape_project_detail:23 - Збір деталей проекту за адресою: https://devpost.com/software/thread-ai-sti7ju
2026-06-22 22:03:33.898 | INFO     | src.scraper.project_detail_scraper:scrape_project_detail:23 - Збір деталей проекту за адресою: https://devpost.com/software/ai-for-healthcare-access-and-equity
2026-06-22 22:03:36.036 | INFO     | src.scraper.project_detail_scraper:scrape_project_detail:23 - Збір деталей проекту за адресою: https://devpost.com/software/crisis-compass-y6uksc
2026-06-22 22:03:38.158 | INFO     | src.scraper.project_detail_scraper:scrape_project_detail:23 - Збір деталей проекту за адресою: https://devpost.com/software/wasteradar-ai
2026-06-22 22:03:39.468 | INFO     | src.scraper.project_detail_scraper:scrape_project_detail:23 - Збір деталей проекту за адресою: https://devpost.com/software/wakey-l2iz0s
2026-06-22 22:03:41.671 | INFO     | src.scraper.project_detail_scraper:scrape_project_detail:23 - Збір деталей проекту за адресою: https://devpost.com/software/fridgit-umt2px
2026-06-22 22:03:42.935 | INFO     | src.scraper.project_detail_scraper:scrape_project_detail:23 - Збір деталей проекту за адресою: https://devpost.com/software/pathfinder-ai-3b2nxl
2026-06-22 22:03:45.142 | INFO     | src.scraper.project_detail_scraper:scrape_project_detail:23 - Збір деталей проекту за адресою: https://devpost.com/software/villages
2026-06-22 22:03:46.201 | INFO     | src.scraper.project_detail_scraper:scrape_project_detail:23 - Збір деталей проекту за адресою: https://devpost.com/software/cognitive-load-triage
2026-06-22 22:03:48.274 | INFO     | src.scraper.project_detail_scraper:scrape_project_detail:23 - Збір деталей проекту за адресою: https://devpost.com/software/proofforge
2026-06-22 22:03:50.446 | INFO     | src.scraper.project_detail_scraper:scrape_project_detail:23 - Збір деталей проекту за адресою: https://devpost.com/software/viveka
2026-06-22 22:03:52.351 | INFO     | src.scraper.project_detail_scraper:scrape_project_detail:23 - Збір деталей проекту за адресою: https://devpost.com/software/timely-tnhbg6
2026-06-22 22:03:54.373 | INFO     | src.scraper.project_detail_scraper:scrape_project_detail:23 - Збір деталей проекту за адресою: https://devpost.com/software/geoiq-alpha-health
2026-06-22 22:03:56.414 | INFO     | src.scraper.project_detail_scraper:scrape_project_detail:23 - Збір деталей проекту за адресою: https://devpost.com/software/safeguide
2026-06-22 22:03:57.499 | INFO     | src.scraper.project_detail_scraper:scrape_project_detail:23 - Збір деталей проекту за адресою: https://devpost.com/software/compkeeper
2026-06-22 22:03:58.536 | INFO     | src.scraper.project_detail_scraper:scrape_project_detail:23 - Збір деталей проекту за адресою: https://devpost.com/software/hbp100-usaii
2026-06-22 22:04:00.722 | INFO     | src.scraper.project_detail_scraper:scrape_project_detail:23 - Збір деталей проекту за адресою: https://devpost.com/software/foresight-qasixh
2026-06-22 22:04:02.999 | INFO     | src.scraper.project_detail_scraper:scrape_project_detail:23 - Збір деталей проекту за адресою: https://devpost.com/software/project-pulse-ipzjbg
2026-06-22 22:04:04.977 | INFO     | src.scraper.project_detail_scraper:scrape_project_detail:23 - Збір деталей проекту за адресою: https://devpost.com/software/zero2hero
2026-06-22 22:04:07.171 | INFO     | src.scraper.project_detail_scraper:scrape_project_detail:23 - Збір деталей проекту за адресою: https://devpost.com/software/sar-beacon
2026-06-22 22:04:09.144 | INFO     | src.scraper.project_detail_scraper:scrape_project_detail:23 - Збір деталей проекту за адресою: https://devpost.com/software/aidsense
2026-06-22 22:04:11.194 | INFO     | src.scraper.project_detail_scraper:scrape_project_detail:23 - Збір деталей проекту за адресою: https://devpost.com/software/smart-medical-sign-translation-system
2026-06-22 22:04:12.299 | INFO     | src.scraper.project_detail_scraper:scrape_project_detail:23 - Збір деталей проекту за адресою: https://devpost.com/software/civicease-ai-43ar9u
2026-06-22 22:04:14.201 | INFO     | src.scraper.project_detail_scraper:scrape_project_detail:23 - Збір деталей проекту за адресою: https://devpost.com/software/eco-minds
2026-06-22 22:04:15.325 | INFO     | src.scraper.project_detail_scraper:scrape_project_detail:23 - Збір деталей проекту за адресою: https://devpost.com/software/pathmapper-the-second-brain-for-real-life-decisions
2026-06-22 22:04:17.187 | INFO     | src.scraper.project_detail_scraper:scrape_project_detail:23 - Збір деталей проекту за адресою: https://devpost.com/software/verifydfw
2026-06-22 22:04:19.308 | INFO     | src.scraper.project_detail_scraper:scrape_project_detail:23 - Збір деталей проекту за адресою: https://devpost.com/software/1-9j8e3s
2026-06-22 22:04:21.343 | INFO     | src.scraper.project_detail_scraper:scrape_project_detail:23 - Збір деталей проекту за адресою: https://devpost.com/software/duskdrop-real-time-homeless-shelter-finder
2026-06-22 22:04:22.414 | INFO     | src.scraper.project_detail_scraper:scrape_project_detail:23 - Збір деталей проекту за адресою: https://devpost.com/software/skillsprint-ai-ht2yd7
2026-06-22 22:04:24.364 | INFO     | src.scraper.project_detail_scraper:scrape_project_detail:23 - Збір деталей проекту за адресою: https://devpost.com/software/econom
2026-06-22 22:04:25.443 | INFO     | src.scraper.project_detail_scraper:scrape_project_detail:23 - Збір деталей проекту за адресою: https://devpost.com/software/cogniflow-8aq635
2026-06-22 22:04:26.599 | INFO     | src.scraper.project_detail_scraper:scrape_project_detail:23 - Збір деталей проекту за адресою: https://devpost.com/software/regretos
2026-06-22 22:04:27.801 | INFO     | src.scraper.project_detail_scraper:scrape_project_detail:23 - Збір деталей проекту за адресою: https://devpost.com/software/cableguard-ai
2026-06-22 22:04:29.723 | INFO     | src.scraper.project_detail_scraper:scrape_project_detail:23 - Збір деталей проекту за адресою: https://devpost.com/software/sign-verse-ai
2026-06-22 22:04:30.810 | INFO     | src.scraper.project_detail_scraper:scrape_project_detail:23 - Збір деталей проекту за адресою: https://devpost.com/software/devkit-ai
2026-06-22 22:04:32.986 | INFO     | src.scraper.project_detail_scraper:scrape_project_detail:23 - Збір деталей проекту за адресою: https://devpost.com/software/kinetic-7hmjer
2026-06-22 22:04:34.070 | INFO     | src.scraper.project_detail_scraper:scrape_project_detail:23 - Збір деталей проекту за адресою: https://devpost.com/software/ai-driven-disaster-response-network
2026-06-22 22:04:36.045 | INFO     | src.scraper.project_detail_scraper:scrape_project_detail:23 - Збір деталей проекту за адресою: https://devpost.com/software/neurobridge-ascb7x
2026-06-22 22:04:38.297 | INFO     | src.scraper.project_detail_scraper:scrape_project_detail:23 - Збір деталей проекту за адресою: https://devpost.com/software/sakura-assist
2026-06-22 22:04:40.535 | INFO     | src.scraper.project_detail_scraper:scrape_project_detail:23 - Збір деталей проекту за адресою: https://devpost.com/software/firstmove
2026-06-22 22:04:42.443 | INFO     | src.scraper.project_detail_scraper:scrape_project_detail:23 - Збір деталей проекту за адресою: https://devpost.com/software/envis-crisis-to-action-translator
2026-06-22 22:04:44.341 | INFO     | src.scraper.project_detail_scraper:scrape_project_detail:23 - Збір деталей проекту за адресою: https://devpost.com/software/rurallink-ai
2026-06-22 22:04:46.370 | INFO     | src.scraper.project_detail_scraper:scrape_project_detail:23 - Збір деталей проекту за адресою: https://devpost.com/software/verity-dekuol
2026-06-22 22:04:48.237 | INFO     | src.scraper.project_detail_scraper:scrape_project_detail:23 - Збір деталей проекту за адресою: https://devpost.com/software/trace-ahvc5r
2026-06-22 22:04:49.268 | INFO     | src.scraper.project_detail_scraper:scrape_project_detail:23 - Збір деталей проекту за адресою: https://devpost.com/software/eventwaste-scout
2026-06-22 22:04:51.326 | INFO     | src.scraper.project_detail_scraper:scrape_project_detail:23 - Збір деталей проекту за адресою: https://devpost.com/software/verifai-y7oi9w
2026-06-22 22:04:52.355 | INFO     | src.scraper.project_detail_scraper:scrape_project_detail:23 - Збір деталей проекту за адресою: https://devpost.com/software/waitcost-the-cost-of-doing-nothing
2026-06-22 22:04:54.244 | INFO     | src.scraper.project_detail_scraper:scrape_project_detail:23 - Збір деталей проекту за адресою: https://devpost.com/software/agrismart-crop-and-seed-recommendation-system
2026-06-22 22:04:55.315 | INFO     | src.scraper.project_detail_scraper:scrape_project_detail:23 - Збір деталей проекту за адресою: https://devpost.com/software/eco-future-8c3h2w
2026-06-22 22:04:56.362 | INFO     | src.scraper.project_detail_scraper:scrape_project_detail:23 - Збір деталей проекту за адресою: https://devpost.com/software/civicai-readiness-blueprint
2026-06-22 22:04:58.219 | INFO     | src.scraper.project_detail_scraper:scrape_project_detail:23 - Збір деталей проекту за адресою: https://devpost.com/software/compass-economic-recovery-pathways
2026-06-22 22:04:59.300 | INFO     | src.scraper.project_detail_scraper:scrape_project_detail:23 - Збір деталей проекту за адресою: https://devpost.com/software/yojnasetu-ai-welfare-navigator-for-india
2026-06-22 22:05:01.218 | INFO     | src.scraper.project_detail_scraper:scrape_project_detail:23 - Збір деталей проекту за адресою: https://devpost.com/software/clearclaim
2026-06-22 22:05:03.497 | INFO     | src.scraper.project_detail_scraper:scrape_project_detail:23 - Збір деталей проекту за адресою: https://devpost.com/software/evictaware-california-tenant-rights-navigator
2026-06-22 22:05:05.396 | INFO     | src.scraper.project_detail_scraper:scrape_project_detail:23 - Збір деталей проекту за адресою: https://devpost.com/software/vendorguardai
2026-06-22 22:05:07.339 | INFO     | src.scraper.project_detail_scraper:scrape_project_detail:23 - Збір деталей проекту за адресою: https://devpost.com/software/second-brain-6qo0vr
2026-06-22 22:05:09.337 | INFO     | src.scraper.project_detail_scraper:scrape_project_detail:23 - Збір деталей проекту за адресою: https://devpost.com/software/navben
2026-06-22 22:05:11.299 | INFO     | src.scraper.project_detail_scraper:scrape_project_detail:23 - Збір деталей проекту за адресою: https://devpost.com/software/cafeterian-lens
2026-06-22 22:05:12.383 | INFO     | src.scraper.project_detail_scraper:scrape_project_detail:23 - Збір деталей проекту за адресою: https://devpost.com/software/terralens-rw0csh
2026-06-22 22:05:14.244 | INFO     | src.scraper.project_detail_scraper:scrape_project_detail:23 - Збір деталей проекту за адресою: https://devpost.com/software/signspeak-qb4dat
2026-06-22 22:05:16.178 | INFO     | src.scraper.project_detail_scraper:scrape_project_detail:23 - Збір деталей проекту за адресою: https://devpost.com/software/hesfb-loan-eligibility-navigator
2026-06-22 22:05:18.156 | INFO     | src.scraper.project_detail_scraper:scrape_project_detail:23 - Збір деталей проекту за адресою: https://devpost.com/software/builder-lens-ai
2026-06-22 22:05:19.266 | INFO     | src.scraper.project_detail_scraper:scrape_project_detail:23 - Збір деталей проекту за адресою: https://devpost.com/software/thinknext
2026-06-22 22:05:20.354 | INFO     | src.scraper.project_detail_scraper:scrape_project_detail:23 - Збір деталей проекту за адресою: https://devpost.com/software/leaselens-jkdlfm
2026-06-22 22:05:22.307 | INFO     | src.scraper.project_detail_scraper:scrape_project_detail:23 - Збір деталей проекту за адресою: https://devpost.com/software/clarity-compass
2026-06-22 22:05:24.182 | INFO     | src.scraper.project_detail_scraper:scrape_project_detail:23 - Збір деталей проекту за адресою: https://devpost.com/software/fineprint-gx412z
2026-06-22 22:05:26.050 | INFO     | src.scraper.project_detail_scraper:scrape_project_detail:23 - Збір деталей проекту за адресою: https://devpost.com/software/stability-ai
2026-06-22 22:05:28.110 | INFO     | src.scraper.project_detail_scraper:scrape_project_detail:23 - Збір деталей проекту за адресою: https://devpost.com/software/alaya
2026-06-22 22:05:30.410 | INFO     | src.scraper.project_detail_scraper:scrape_project_detail:23 - Збір деталей проекту за адресою: https://devpost.com/software/eco-team
2026-06-22 22:05:31.468 | INFO     | src.scraper.project_detail_scraper:scrape_project_detail:23 - Збір деталей проекту за адресою: https://devpost.com/software/friction-engine
2026-06-22 22:05:33.409 | INFO     | src.scraper.project_detail_scraper:scrape_project_detail:23 - Збір деталей проекту за адресою: https://devpost.com/software/hello-l4duir
2026-06-22 22:05:34.527 | INFO     | src.scraper.project_detail_scraper:scrape_project_detail:23 - Збір деталей проекту за адресою: https://devpost.com/software/blueprint-ai-3iaypb
2026-06-22 22:05:35.651 | INFO     | src.scraper.project_detail_scraper:scrape_project_detail:23 - Збір деталей проекту за адресою: https://devpost.com/software/nomaetrust
2026-06-22 22:05:37.817 | INFO     | src.scraper.project_detail_scraper:scrape_project_detail:23 - Збір деталей проекту за адресою: https://devpost.com/software/not-null
2026-06-22 22:05:38.929 | INFO     | src.scraper.project_detail_scraper:scrape_project_detail:23 - Збір деталей проекту за адресою: https://devpost.com/software/launchmind
2026-06-22 22:05:40.804 | INFO     | src.scraper.project_detail_scraper:scrape_project_detail:23 - Збір деталей проекту за адресою: https://devpost.com/software/safeaid-ai-emergency-routing-for-survivors
2026-06-22 22:05:43.025 | INFO     | src.scraper.project_detail_scraper:scrape_project_detail:23 - Збір деталей проекту за адресою: https://devpost.com/software/durare
2026-06-22 22:05:45.406 | INFO     | src.scraper.project_detail_scraper:scrape_project_detail:23 - Збір деталей проекту за адресою: https://devpost.com/software/ghardisha-ai
2026-06-22 22:05:47.446 | INFO     | src.scraper.project_detail_scraper:scrape_project_detail:23 - Збір деталей проекту за адресою: https://devpost.com/software/servo-8jv26k
2026-06-22 22:05:49.396 | INFO     | src.scraper.project_detail_scraper:scrape_project_detail:23 - Збір деталей проекту за адресою: https://devpost.com/software/midas-ledger
2026-06-22 22:05:51.368 | INFO     | src.scraper.project_detail_scraper:scrape_project_detail:23 - Збір деталей проекту за адресою: https://devpost.com/software/freshtrackai
2026-06-22 22:05:52.472 | INFO     | src.scraper.project_detail_scraper:scrape_project_detail:23 - Збір деталей проекту за адресою: https://devpost.com/software/naijapath-ai
2026-06-22 22:05:54.527 | INFO     | src.scraper.project_detail_scraper:scrape_project_detail:23 - Збір деталей проекту за адресою: https://devpost.com/software/policylens-43ah17
2026-06-22 22:05:56.510 | INFO     | src.scraper.project_detail_scraper:scrape_project_detail:23 - Збір деталей проекту за адресою: https://devpost.com/software/next72-housing-crisis-handoff-engine
2026-06-22 22:05:58.176 | INFO     | src.scraper.project_detail_scraper:scrape_project_detail:23 - Збір деталей проекту за адресою: https://devpost.com/software/iris-t3gs8x
2026-06-22 22:06:00.090 | INFO     | src.scraper.project_detail_scraper:scrape_project_detail:23 - Збір деталей проекту за адресою: https://devpost.com/software/resq-maps
2026-06-22 22:06:02.081 | INFO     | src.scraper.project_detail_scraper:scrape_project_detail:23 - Збір деталей проекту за адресою: https://devpost.com/software/aliesy
2026-06-22 22:06:04.276 | INFO     | src.scraper.project_detail_scraper:scrape_project_detail:23 - Збір деталей проекту за адресою: https://devpost.com/software/clearskies
2026-06-22 22:06:05.383 | INFO     | src.scraper.project_detail_scraper:scrape_project_detail:23 - Збір деталей проекту за адресою: https://devpost.com/software/ecoquest-6knyxi
2026-06-22 22:06:07.407 | INFO     | src.scraper.project_detail_scraper:scrape_project_detail:23 - Збір деталей проекту за адресою: https://devpost.com/software/auxilium-hrzm3p
2026-06-22 22:06:08.484 | INFO     | src.scraper.project_detail_scraper:scrape_project_detail:23 - Збір деталей проекту за адресою: https://devpost.com/software/ph-compass
2026-06-22 22:06:10.319 | INFO     | src.scraper.project_detail_scraper:scrape_project_detail:23 - Збір деталей проекту за адресою: https://devpost.com/software/forked-futures
2026-06-22 22:06:12.356 | INFO     | src.scraper.project_detail_scraper:scrape_project_detail:23 - Збір деталей проекту за адресою: https://devpost.com/software/lexlocator
2026-06-22 22:06:14.395 | INFO     | src.scraper.project_detail_scraper:scrape_project_detail:23 - Збір деталей проекту за адресою: https://devpost.com/software/deferral-ledger
2026-06-22 22:06:16.608 | INFO     | src.scraper.project_detail_scraper:scrape_project_detail:23 - Збір деталей проекту за адресою: https://devpost.com/software/aquaroute-bangladesh
2026-06-22 22:06:17.773 | INFO     | src.scraper.project_detail_scraper:scrape_project_detail:23 - Збір деталей проекту за адресою: https://devpost.com/software/loop-ai-second-brain-for-students
2026-06-22 22:06:18.848 | INFO     | src.scraper.project_detail_scraper:scrape_project_detail:23 - Збір деталей проекту за адресою: https://devpost.com/software/guidelight
2026-06-22 22:06:20.028 | INFO     | src.scraper.project_detail_scraper:scrape_project_detail:23 - Збір деталей проекту за адресою: https://devpost.com/software/vision-assist-57eqw1
2026-06-22 22:06:22.109 | INFO     | src.scraper.project_detail_scraper:scrape_project_detail:23 - Збір деталей проекту за адресою: https://devpost.com/software/scholarship-navigator
2026-06-22 22:06:23.199 | INFO     | src.scraper.project_detail_scraper:scrape_project_detail:23 - Збір деталей проекту за адресою: https://devpost.com/software/unpatent
2026-06-22 22:06:24.459 | INFO     | __main__:run_full_ingestion:115 - Успішно імпортовано хакатон: USAII® Global AI Hackathon 2026 (500 проектів).
2026-06-22 22:06:26.462 | INFO     | __main__:run_full_ingestion:46 - [7/24] Початок збору даних для: FIND EVIL!...
2026-06-22 22:06:26.463 | INFO     | src.scraper.hackathon_detail_scraper:scrape_hackathon_detail:19 - Збір деталей для хакатону за адресою: https://findevil.devpost.com/
2026-06-22 22:06:28.022 | INFO     | src.scraper.projects_scraper:fetch_hackathon_projects:31 - Запуск збору проектів для субдомену: findevil
2026-06-22 22:06:28.022 | INFO     | src.scraper.projects_scraper:fetch_hackathon_projects:35 - Збір проектів, сторінка 1...
2026-06-22 22:06:29.007 | INFO     | src.scraper.projects_scraper:fetch_hackathon_projects:107 - Сторінка 1: успішно зчитано 24 проектів.
2026-06-22 22:06:31.008 | INFO     | src.scraper.projects_scraper:fetch_hackathon_projects:35 - Збір проектів, сторінка 2...
2026-06-22 22:06:32.195 | INFO     | src.scraper.projects_scraper:fetch_hackathon_projects:107 - Сторінка 2: успішно зчитано 24 проектів.
2026-06-22 22:06:34.195 | INFO     | src.scraper.projects_scraper:fetch_hackathon_projects:35 - Збір проектів, сторінка 3...
2026-06-22 22:06:35.463 | INFO     | src.scraper.projects_scraper:fetch_hackathon_projects:107 - Сторінка 3: успішно зчитано 24 проектів.
2026-06-22 22:06:37.464 | INFO     | src.scraper.projects_scraper:fetch_hackathon_projects:35 - Збір проектів, сторінка 4...
2026-06-22 22:06:38.905 | INFO     | src.scraper.projects_scraper:fetch_hackathon_projects:107 - Сторінка 4: успішно зчитано 24 проектів.
2026-06-22 22:06:40.906 | INFO     | src.scraper.projects_scraper:fetch_hackathon_projects:35 - Збір проектів, сторінка 5...
2026-06-22 22:06:42.055 | INFO     | src.scraper.projects_scraper:fetch_hackathon_projects:107 - Сторінка 5: успішно зчитано 24 проектів.
2026-06-22 22:06:44.055 | INFO     | src.scraper.projects_scraper:fetch_hackathon_projects:35 - Збір проектів, сторінка 6...
2026-06-22 22:06:45.239 | INFO     | src.scraper.projects_scraper:fetch_hackathon_projects:107 - Сторінка 6: успішно зчитано 24 проектів.
2026-06-22 22:06:47.242 | INFO     | src.scraper.projects_scraper:fetch_hackathon_projects:35 - Збір проектів, сторінка 7...
2026-06-22 22:06:48.376 | INFO     | src.scraper.projects_scraper:fetch_hackathon_projects:107 - Сторінка 7: успішно зчитано 24 проектів.
2026-06-22 22:06:50.377 | INFO     | src.scraper.projects_scraper:fetch_hackathon_projects:35 - Збір проектів, сторінка 8...
2026-06-22 22:06:51.560 | INFO     | src.scraper.projects_scraper:fetch_hackathon_projects:107 - Сторінка 8: успішно зчитано 24 проектів.
2026-06-22 22:06:53.560 | INFO     | src.scraper.projects_scraper:fetch_hackathon_projects:35 - Збір проектів, сторінка 9...
2026-06-22 22:06:54.660 | INFO     | src.scraper.projects_scraper:fetch_hackathon_projects:107 - Сторінка 9: успішно зчитано 24 проектів.
2026-06-22 22:06:56.660 | INFO     | src.scraper.projects_scraper:fetch_hackathon_projects:35 - Збір проектів, сторінка 10...
2026-06-22 22:06:57.620 | INFO     | src.scraper.projects_scraper:fetch_hackathon_projects:107 - Сторінка 10: успішно зчитано 13 проектів.
2026-06-22 22:06:59.620 | INFO     | src.scraper.projects_scraper:fetch_hackathon_projects:35 - Збір проектів, сторінка 11...
2026-06-22 22:07:00.477 | INFO     | src.scraper.projects_scraper:fetch_hackathon_projects:52 - На сторінці 11 більше немає карток проектів. Завершуємо збір.
2026-06-22 22:07:00.477 | INFO     | __main__:run_full_ingestion:72 - Знайдено проектів для обробки: 229
2026-06-22 22:07:00.478 | INFO     | src.scraper.project_detail_scraper:scrape_project_detail:23 - Збір деталей проекту за адресою: https://devpost.com/software/mulder
2026-06-22 22:07:02.618 | INFO     | src.scraper.project_detail_scraper:scrape_project_detail:23 - Збір деталей проекту за адресою: https://devpost.com/software/siftguardian
2026-06-22 22:07:04.536 | INFO     | src.scraper.project_detail_scraper:scrape_project_detail:23 - Збір деталей проекту за адресою: https://devpost.com/software/savvy-dfir
2026-06-22 22:07:06.531 | INFO     | src.scraper.project_detail_scraper:scrape_project_detail:23 - Збір деталей проекту за адресою: https://devpost.com/software/claimguard-l9vyx0
2026-06-22 22:07:08.251 | INFO     | src.scraper.project_detail_scraper:scrape_project_detail:23 - Збір деталей проекту за адресою: https://devpost.com/software/amama
2026-06-22 22:07:10.303 | INFO     | src.scraper.project_detail_scraper:scrape_project_detail:23 - Збір деталей проекту за адресою: https://devpost.com/software/grounded-autonomous-dfir-agent
2026-06-22 22:07:12.193 | INFO     | src.scraper.project_detail_scraper:scrape_project_detail:23 - Збір деталей проекту за адресою: https://devpost.com/software/engram-mcp-kzaeqy
2026-06-22 22:07:14.143 | INFO     | src.scraper.project_detail_scraper:scrape_project_detail:23 - Збір деталей проекту за адресою: https://devpost.com/software/aegis-security
2026-06-22 22:07:15.208 | INFO     | src.scraper.project_detail_scraper:scrape_project_detail:23 - Збір деталей проекту за адресою: https://devpost.com/software/ai-threat-defender
2026-06-22 22:07:16.975 | INFO     | src.scraper.project_detail_scraper:scrape_project_detail:23 - Збір деталей проекту за адресою: https://devpost.com/software/warwick-cyber-agent
2026-06-22 22:07:19.101 | INFO     | src.scraper.project_detail_scraper:scrape_project_detail:23 - Збір деталей проекту за адресою: https://devpost.com/software/self-correcting-incident-response-agent
2026-06-22 22:07:21.272 | INFO     | src.scraper.project_detail_scraper:scrape_project_detail:23 - Збір деталей проекту за адресою: https://devpost.com/software/4n6-nexus
2026-06-22 22:07:23.354 | INFO     | src.scraper.project_detail_scraper:scrape_project_detail:23 - Збір деталей проекту за адресою: https://devpost.com/software/original_find_evil
2026-06-22 22:07:25.382 | INFO     | src.scraper.project_detail_scraper:scrape_project_detail:23 - Збір деталей проекту за адресою: https://devpost.com/software/evidence-integrity-enforcer
2026-06-22 22:07:27.395 | INFO     | src.scraper.project_detail_scraper:scrape_project_detail:23 - Збір деталей проекту за адресою: https://devpost.com/software/findevil
2026-06-22 22:07:29.598 | INFO     | src.scraper.project_detail_scraper:scrape_project_detail:23 - Збір деталей проекту за адресою: https://devpost.com/software/eviltrace
2026-06-22 22:07:31.251 | INFO     | src.scraper.project_detail_scraper:scrape_project_detail:23 - Збір деталей проекту за адресою: https://devpost.com/software/evidence-loop-sift
2026-06-22 22:07:33.206 | INFO     | src.scraper.project_detail_scraper:scrape_project_detail:23 - Збір деталей проекту за адресою: https://devpost.com/software/sift-sentinel-2zbha3
2026-06-22 22:07:35.255 | INFO     | src.scraper.project_detail_scraper:scrape_project_detail:23 - Збір деталей проекту за адресою: https://devpost.com/software/aura-autonomous-rootkit-forensics
2026-06-22 22:07:36.277 | INFO     | src.scraper.project_detail_scraper:scrape_project_detail:23 - Збір деталей проекту за адресою: https://devpost.com/software/agentropix-mcp-agentic-forensics-incident-response
2026-06-22 22:07:38.728 | INFO     | src.scraper.project_detail_scraper:scrape_project_detail:23 - Збір деталей проекту за адресою: https://devpost.com/software/yushin
2026-06-22 22:07:41.103 | INFO     | src.scraper.project_detail_scraper:scrape_project_detail:23 - Збір деталей проекту за адресою: https://devpost.com/software/iron-hand-qiptr2
2026-06-22 22:07:43.151 | INFO     | src.scraper.project_detail_scraper:scrape_project_detail:23 - Збір деталей проекту за адресою: https://devpost.com/software/sift-glass
2026-06-22 22:07:45.242 | INFO     | src.scraper.project_detail_scraper:scrape_project_detail:23 - Збір деталей проекту за адресою: https://devpost.com/software/evidencegene-court-adversarial-dfir-that-can-t-hallucinate
2026-06-22 22:07:47.236 | INFO     | src.scraper.project_detail_scraper:scrape_project_detail:23 - Збір деталей проекту за адресою: https://devpost.com/software/project-a-c-e-artifact-consensus-engine
2026-06-22 22:07:49.073 | INFO     | src.scraper.project_detail_scraper:scrape_project_detail:23 - Збір деталей проекту за адресою: https://devpost.com/software/verdict-p0rjtf
2026-06-22 22:07:51.251 | INFO     | src.scraper.project_detail_scraper:scrape_project_detail:23 - Збір деталей проекту за адресою: https://devpost.com/software/sift-sentinel-ne0obw
2026-06-22 22:07:53.566 | INFO     | src.scraper.project_detail_scraper:scrape_project_detail:23 - Збір деталей проекту за адресою: https://devpost.com/software/siftics
2026-06-22 22:07:55.630 | INFO     | src.scraper.project_detail_scraper:scrape_project_detail:23 - Збір деталей проекту за адресою: https://devpost.com/software/evidence-attribution-pipeline
2026-06-22 22:07:57.863 | INFO     | src.scraper.project_detail_scraper:scrape_project_detail:23 - Збір деталей проекту за адресою: https://devpost.com/software/aletheia-sentinel
2026-06-22 22:08:00.081 | INFO     | src.scraper.project_detail_scraper:scrape_project_detail:23 - Збір деталей проекту за адресою: https://devpost.com/software/autodfir-self-correcting-ir-agent
2026-06-22 22:08:01.940 | INFO     | src.scraper.project_detail_scraper:scrape_project_detail:23 - Збір деталей проекту за адресою: https://devpost.com/software/evidence-chain
2026-06-22 22:08:03.956 | INFO     | src.scraper.project_detail_scraper:scrape_project_detail:23 - Збір деталей проекту за адресою: https://devpost.com/software/find-evil-agent
2026-06-22 22:08:05.876 | INFO     | src.scraper.project_detail_scraper:scrape_project_detail:23 - Збір деталей проекту за адресою: https://devpost.com/software/evidenceguard-sift
2026-06-22 22:08:07.868 | INFO     | src.scraper.project_detail_scraper:scrape_project_detail:23 - Збір деталей проекту за адресою: https://devpost.com/software/siftguard
2026-06-22 22:08:10.010 | INFO     | src.scraper.project_detail_scraper:scrape_project_detail:23 - Збір деталей проекту за адресою: https://devpost.com/software/project-down-under-shield
2026-06-22 22:08:11.099 | INFO     | src.scraper.project_detail_scraper:scrape_project_detail:23 - Збір деталей проекту за адресою: https://devpost.com/software/phishguard-ai-9ijr7e
2026-06-22 22:08:13.323 | INFO     | src.scraper.project_detail_scraper:scrape_project_detail:23 - Збір деталей проекту за адресою: https://devpost.com/software/ai-hackathon-project-r09bez
2026-06-22 22:08:15.768 | INFO     | src.scraper.project_detail_scraper:scrape_project_detail:23 - Збір деталей проекту за адресою: https://devpost.com/software/logpose-sift-autonomous-dfir
2026-06-22 22:08:17.766 | INFO     | src.scraper.project_detail_scraper:scrape_project_detail:23 - Збір деталей проекту за адресою: https://devpost.com/software/bsc-response
2026-06-22 22:08:19.687 | INFO     | src.scraper.project_detail_scraper:scrape_project_detail:23 - Збір деталей проекту за адресою: https://devpost.com/software/quarantine-autonomous-dfir-agent
2026-06-22 22:08:21.582 | INFO     | src.scraper.project_detail_scraper:scrape_project_detail:23 - Збір деталей проекту за адресою: https://devpost.com/software/vigia-intent-analysis
2026-06-22 22:08:24.064 | INFO     | src.scraper.project_detail_scraper:scrape_project_detail:23 - Збір деталей проекту за адресою: https://devpost.com/software/findevil-triage-agent
2026-06-22 22:08:25.108 | INFO     | src.scraper.project_detail_scraper:scrape_project_detail:23 - Збір деталей проекту за адресою: https://devpost.com/software/falconai
2026-06-22 22:08:27.124 | INFO     | src.scraper.project_detail_scraper:scrape_project_detail:23 - Збір деталей проекту за адресою: https://devpost.com/software/evidencegate-referee
2026-06-22 22:08:29.158 | INFO     | src.scraper.project_detail_scraper:scrape_project_detail:23 - Збір деталей проекту за адресою: https://devpost.com/software/sift-sentinel-3by4tm
2026-06-22 22:08:31.149 | INFO     | src.scraper.project_detail_scraper:scrape_project_detail:23 - Збір деталей проекту за адресою: https://devpost.com/software/self-correcting-dfir-agent-with-evidence-anchored-findings
2026-06-22 22:08:33.350 | INFO     | src.scraper.project_detail_scraper:scrape_project_detail:23 - Збір деталей проекту за адресою: https://devpost.com/software/draco-9mno4c
2026-06-22 22:08:35.295 | INFO     | src.scraper.project_detail_scraper:scrape_project_detail:23 - Збір деталей проекту за адресою: https://devpost.com/software/sentinel-mcp
2026-06-22 22:08:37.333 | INFO     | src.scraper.project_detail_scraper:scrape_project_detail:23 - Збір деталей проекту за адресою: https://devpost.com/software/three-ws
2026-06-22 22:08:39.393 | INFO     | src.scraper.project_detail_scraper:scrape_project_detail:23 - Збір деталей проекту за адресою: https://devpost.com/software/findevil-ai
2026-06-22 22:08:40.419 | INFO     | src.scraper.project_detail_scraper:scrape_project_detail:23 - Збір деталей проекту за адресою: https://devpost.com/software/sentinelmcp-urgfv4
2026-06-22 22:08:42.364 | INFO     | src.scraper.project_detail_scraper:scrape_project_detail:23 - Збір деталей проекту за адресою: https://devpost.com/software/logic-guard-elite-agentic-forensic-engine
2026-06-22 22:08:44.424 | INFO     | src.scraper.project_detail_scraper:scrape_project_detail:23 - Збір деталей проекту за адресою: https://devpost.com/software/cognisift-autonomous-incident-sentinel
2026-06-22 22:08:46.475 | INFO     | src.scraper.project_detail_scraper:scrape_project_detail:23 - Збір деталей проекту за адресою: https://devpost.com/software/memory-hound
2026-06-22 22:08:48.593 | INFO     | src.scraper.project_detail_scraper:scrape_project_detail:23 - Збір деталей проекту за адресою: https://devpost.com/software/blitz-dfir
2026-06-22 22:08:50.884 | INFO     | src.scraper.project_detail_scraper:scrape_project_detail:23 - Збір деталей проекту за адресою: https://devpost.com/software/chainsawmcp
2026-06-22 22:08:53.185 | INFO     | src.scraper.project_detail_scraper:scrape_project_detail:23 - Збір деталей проекту за адресою: https://devpost.com/software/candor-confidence-annotated-dfir-output-with-reasoning
2026-06-22 22:08:55.237 | INFO     | src.scraper.project_detail_scraper:scrape_project_detail:23 - Збір деталей проекту за адресою: https://devpost.com/software/triageforce
2026-06-22 22:08:57.240 | INFO     | src.scraper.project_detail_scraper:scrape_project_detail:23 - Збір деталей проекту за адресою: https://devpost.com/software/mr-robot-adversarial
2026-06-22 22:08:59.447 | INFO     | src.scraper.project_detail_scraper:scrape_project_detail:23 - Збір деталей проекту за адресою: https://devpost.com/software/eviltrace-5cb2r0
2026-06-22 22:09:01.217 | INFO     | src.scraper.project_detail_scraper:scrape_project_detail:23 - Збір деталей проекту за адресою: https://devpost.com/software/trudi-threat-response-unit-for-digital-investigation
2026-06-22 22:09:03.545 | INFO     | src.scraper.project_detail_scraper:scrape_project_detail:23 - Збір деталей проекту за адресою: https://devpost.com/software/vibe-sync
2026-06-22 22:09:05.796 | INFO     | src.scraper.project_detail_scraper:scrape_project_detail:23 - Збір деталей проекту за адресою: https://devpost.com/software/ai-code-reference-ewuysm
2026-06-22 22:09:06.838 | INFO     | src.scraper.project_detail_scraper:scrape_project_detail:23 - Збір деталей проекту за адресою: https://devpost.com/software/project-hackathon-y8k07h
2026-06-22 22:09:07.962 | INFO     | src.scraper.project_detail_scraper:scrape_project_detail:23 - Збір деталей проекту за адресою: https://devpost.com/software/find-evil-pa0ou5
2026-06-22 22:09:09.826 | INFO     | src.scraper.project_detail_scraper:scrape_project_detail:23 - Збір деталей проекту за адресою: https://devpost.com/software/phantom-dfir
2026-06-22 22:09:11.986 | INFO     | src.scraper.project_detail_scraper:scrape_project_detail:23 - Збір деталей проекту за адресою: https://devpost.com/software/ai-powered-cybershield-scanner
2026-06-22 22:09:13.575 | INFO     | src.scraper.project_detail_scraper:scrape_project_detail:23 - Збір деталей проекту за адресою: https://devpost.com/software/protocol-sift-agent
2026-06-22 22:09:15.512 | INFO     | src.scraper.project_detail_scraper:scrape_project_detail:23 - Збір деталей проекту за адресою: https://devpost.com/software/glass-box-self-correcting-dfir-triage-agent
2026-06-22 22:09:17.769 | INFO     | src.scraper.project_detail_scraper:scrape_project_detail:23 - Збір деталей проекту за адресою: https://devpost.com/software/protocol-sift-sentinel
2026-06-22 22:09:19.799 | INFO     | src.scraper.project_detail_scraper:scrape_project_detail:23 - Збір деталей проекту за адресою: https://devpost.com/software/evidence-locked-dfir-agent
2026-06-22 22:09:21.801 | INFO     | src.scraper.project_detail_scraper:scrape_project_detail:23 - Збір деталей проекту за адресою: https://devpost.com/software/siftguard-wp20nt
2026-06-22 22:09:22.878 | INFO     | src.scraper.project_detail_scraper:scrape_project_detail:23 - Збір деталей проекту за адресою: https://devpost.com/software/privacy-shield-ai-gz8rma
2026-06-22 22:09:25.080 | INFO     | src.scraper.project_detail_scraper:scrape_project_detail:23 - Збір деталей проекту за адресою: https://devpost.com/software/ai-ready-readme-generator
2026-06-22 22:09:26.087 | INFO     | src.scraper.project_detail_scraper:scrape_project_detail:23 - Збір деталей проекту за адресою: https://devpost.com/software/threatlens-clsekj
2026-06-22 22:09:27.995 | INFO     | src.scraper.project_detail_scraper:scrape_project_detail:23 - Збір деталей проекту за адресою: https://devpost.com/software/traceback-6zpowy
2026-06-22 22:09:29.067 | INFO     | src.scraper.project_detail_scraper:scrape_project_detail:23 - Збір деталей проекту за адресою: https://devpost.com/software/threatpipe-v2-autonomous-sift-ir-agent-with-mcp
2026-06-22 22:09:31.239 | INFO     | src.scraper.project_detail_scraper:scrape_project_detail:23 - Збір деталей проекту за адресою: https://devpost.com/software/autonomous-forensic-evidence-correlation-framework
2026-06-22 22:09:33.450 | INFO     | src.scraper.project_detail_scraper:scrape_project_detail:23 - Збір деталей проекту за адресою: https://devpost.com/software/ojuri-forensically-defensible-ai-for-dfir
2026-06-22 22:09:35.834 | INFO     | src.scraper.project_detail_scraper:scrape_project_detail:23 - Збір деталей проекту за адресою: https://devpost.com/software/ai-disprover
2026-06-22 22:09:38.128 | INFO     | src.scraper.project_detail_scraper:scrape_project_detail:23 - Збір деталей проекту за адресою: https://devpost.com/software/apex-forensics
2026-06-22 22:09:40.191 | INFO     | src.scraper.project_detail_scraper:scrape_project_detail:23 - Збір деталей проекту за адресою: https://devpost.com/software/sift-self-correction-agent
2026-06-22 22:09:41.248 | INFO     | src.scraper.project_detail_scraper:scrape_project_detail:23 - Збір деталей проекту за адресою: https://devpost.com/software/agentguard-ir
2026-06-22 22:09:43.543 | INFO     | src.scraper.project_detail_scraper:scrape_project_detail:23 - Збір деталей проекту за адресою: https://devpost.com/software/agentguard-ir-0gtvkw
2026-06-22 22:09:45.774 | INFO     | src.scraper.project_detail_scraper:scrape_project_detail:23 - Збір деталей проекту за адресою: https://devpost.com/software/fan-get-fame-fast
2026-06-22 22:09:48.661 | INFO     | src.scraper.project_detail_scraper:scrape_project_detail:23 - Збір деталей проекту за адресою: https://devpost.com/software/forensiq-ai
2026-06-22 22:09:49.957 | INFO     | src.scraper.project_detail_scraper:scrape_project_detail:23 - Збір деталей проекту за адресою: https://devpost.com/software/yomi-triage-system-autonomous-dfir-engine
2026-06-22 22:09:52.338 | INFO     | src.scraper.project_detail_scraper:scrape_project_detail:23 - Збір деталей проекту за адресою: https://devpost.com/software/find-evil-agent-n1j7pz
2026-06-22 22:09:54.817 | INFO     | src.scraper.project_detail_scraper:scrape_project_detail:23 - Збір деталей проекту за адресою: https://devpost.com/software/atomicshield
2026-06-22 22:09:57.258 | INFO     | src.scraper.project_detail_scraper:scrape_project_detail:23 - Збір деталей проекту за адресою: https://devpost.com/software/trailer-sift
2026-06-22 22:09:59.654 | INFO     | src.scraper.project_detail_scraper:scrape_project_detail:23 - Збір деталей проекту за адресою: https://devpost.com/software/foveal-dfir
2026-06-22 22:10:02.064 | INFO     | src.scraper.project_detail_scraper:scrape_project_detail:23 - Збір деталей проекту за адресою: https://devpost.com/software/sentinelnet-ai-defended-secure-communication-platform
2026-06-22 22:10:04.238 | INFO     | src.scraper.project_detail_scraper:scrape_project_detail:23 - Збір деталей проекту за адресою: https://devpost.com/software/logflip-sift-agent
2026-06-22 22:10:06.281 | INFO     | src.scraper.project_detail_scraper:scrape_project_detail:23 - Збір деталей проекту за адресою: https://devpost.com/software/password-strength-checker-pvhsuc
2026-06-22 22:10:08.529 | INFO     | src.scraper.project_detail_scraper:scrape_project_detail:23 - Збір деталей проекту за адресою: https://devpost.com/software/campus-connect-exsdof
2026-06-22 22:10:09.659 | INFO     | src.scraper.project_detail_scraper:scrape_project_detail:23 - Збір деталей проекту за адресою: https://devpost.com/software/brclco
2026-06-22 22:10:11.586 | INFO     | src.scraper.project_detail_scraper:scrape_project_detail:23 - Збір деталей проекту за адресою: https://devpost.com/software/proofsift
2026-06-22 22:10:13.830 | INFO     | src.scraper.project_detail_scraper:scrape_project_detail:23 - Збір деталей проекту за адресою: https://devpost.com/software/protocol-sift-12g6z4
2026-06-22 22:10:15.930 | INFO     | src.scraper.project_detail_scraper:scrape_project_detail:23 - Збір деталей проекту за адресою: https://devpost.com/software/casefile
2026-06-22 22:10:17.039 | INFO     | src.scraper.project_detail_scraper:scrape_project_detail:23 - Збір деталей проекту за адресою: https://devpost.com/software/memoryguard-automated-forensic-investigation
2026-06-22 22:10:19.485 | INFO     | src.scraper.project_detail_scraper:scrape_project_detail:23 - Збір деталей проекту за адресою: https://devpost.com/software/fraudguard-ai-powered-fraud-transaction-detection
2026-06-22 22:10:20.571 | INFO     | src.scraper.project_detail_scraper:scrape_project_detail:23 - Збір деталей проекту за адресою: https://devpost.com/software/forensicchat-privacy-preserving-digital-forensics-assistant
2026-06-22 22:10:21.674 | INFO     | src.scraper.project_detail_scraper:scrape_project_detail:23 - Збір деталей проекту за адресою: https://devpost.com/software/sift-agent
2026-06-22 22:10:23.856 | INFO     | src.scraper.project_detail_scraper:scrape_project_detail:23 - Збір деталей проекту за адресою: https://devpost.com/software/flutter-app-for-nsfw-and-ai-generated-image-detection
2026-06-22 22:10:24.938 | INFO     | src.scraper.project_detail_scraper:scrape_project_detail:23 - Збір деталей проекту за адресою: https://devpost.com/software/marten
2026-06-22 22:10:27.117 | INFO     | src.scraper.project_detail_scraper:scrape_project_detail:23 - Збір деталей проекту за адресою: https://devpost.com/software/contra-91c5jk
2026-06-22 22:10:29.207 | INFO     | src.scraper.project_detail_scraper:scrape_project_detail:23 - Збір деталей проекту за адресою: https://devpost.com/software/sift-bench-autonomous-ir-accuracy-benchmarking-system
2026-06-22 22:10:31.443 | INFO     | src.scraper.project_detail_scraper:scrape_project_detail:23 - Збір деталей проекту за адресою: https://devpost.com/software/cyber-sentinel-ai-automated-threat-matrix
2026-06-22 22:10:32.632 | INFO     | src.scraper.project_detail_scraper:scrape_project_detail:23 - Збір деталей проекту за адресою: https://devpost.com/software/tlvb
2026-06-22 22:10:34.828 | INFO     | src.scraper.project_detail_scraper:scrape_project_detail:23 - Збір деталей проекту за адресою: https://devpost.com/software/forensiciq
2026-06-22 22:10:35.974 | INFO     | src.scraper.project_detail_scraper:scrape_project_detail:23 - Збір деталей проекту за адресою: https://devpost.com/software/sift-mcp
2026-06-22 22:10:38.406 | INFO     | src.scraper.project_detail_scraper:scrape_project_detail:23 - Збір деталей проекту за адресою: https://devpost.com/software/oath-mcp-autonomous-dfir-with-verifier-gated-receipts
2026-06-22 22:10:39.589 | INFO     | src.scraper.project_detail_scraper:scrape_project_detail:23 - Збір деталей проекту за адресою: https://devpost.com/software/linuxir-agent
2026-06-22 22:10:42.020 | INFO     | src.scraper.project_detail_scraper:scrape_project_detail:23 - Збір деталей проекту за адресою: https://devpost.com/software/the-tribunal
2026-06-22 22:10:44.277 | INFO     | src.scraper.project_detail_scraper:scrape_project_detail:23 - Збір деталей проекту за адресою: https://devpost.com/software/geoff
2026-06-22 22:10:47.266 | INFO     | src.scraper.project_detail_scraper:scrape_project_detail:23 - Збір деталей проекту за адресою: https://devpost.com/software/findevil-autonomous-linux-ir-forensics-agent
2026-06-22 22:10:49.692 | INFO     | src.scraper.project_detail_scraper:scrape_project_detail:23 - Збір деталей проекту за адресою: https://devpost.com/software/inhuman-mcp
2026-06-22 22:10:50.875 | INFO     | src.scraper.project_detail_scraper:scrape_project_detail:23 - Збір деталей проекту за адресою: https://devpost.com/software/aegis-ir-vuw95d
2026-06-22 22:10:52.106 | INFO     | src.scraper.project_detail_scraper:scrape_project_detail:23 - Збір деталей проекту за адресою: https://devpost.com/software/evidenceops-agent
2026-06-22 22:10:54.441 | INFO     | src.scraper.project_detail_scraper:scrape_project_detail:23 - Збір деталей проекту за адресою: https://devpost.com/software/argus-x89tc3
2026-06-22 22:10:56.701 | INFO     | src.scraper.project_detail_scraper:scrape_project_detail:23 - Збір деталей проекту за адресою: https://devpost.com/software/eviltrace-fewbzl
2026-06-22 22:10:58.830 | INFO     | src.scraper.project_detail_scraper:scrape_project_detail:23 - Збір деталей проекту за адресою: https://devpost.com/software/sift-aid
2026-06-22 22:11:01.493 | INFO     | src.scraper.project_detail_scraper:scrape_project_detail:23 - Збір деталей проекту за адресою: https://devpost.com/software/casefile-pt458j
2026-06-22 22:11:03.297 | INFO     | src.scraper.project_detail_scraper:scrape_project_detail:23 - Збір деталей проекту за адресою: https://devpost.com/software/tracewarden-sift
2026-06-22 22:11:05.449 | INFO     | src.scraper.project_detail_scraper:scrape_project_detail:23 - Збір деталей проекту за адресою: https://devpost.com/software/sentinelmind-dfir
2026-06-22 22:11:07.729 | INFO     | src.scraper.project_detail_scraper:scrape_project_detail:23 - Збір деталей проекту за адресою: https://devpost.com/software/evilhunter-agent
2026-06-22 22:11:10.468 | INFO     | src.scraper.project_detail_scraper:scrape_project_detail:23 - Збір деталей проекту за адресою: https://devpost.com/software/chainsight
2026-06-22 22:11:12.727 | INFO     | src.scraper.project_detail_scraper:scrape_project_detail:23 - Збір деталей проекту за адресою: https://devpost.com/software/protocol-sift-async-bridge
2026-06-22 22:11:15.064 | INFO     | src.scraper.project_detail_scraper:scrape_project_detail:23 - Збір деталей проекту за адресою: https://devpost.com/software/protocol-sift-agent-self-correcting-dfir-triage
2026-06-22 22:11:17.469 | INFO     | src.scraper.project_detail_scraper:scrape_project_detail:23 - Збір деталей проекту за адресою: https://devpost.com/software/find-evil-agent-ntkyw3
2026-06-22 22:11:19.792 | INFO     | src.scraper.project_detail_scraper:scrape_project_detail:23 - Збір деталей проекту за адресою: https://devpost.com/software/siftguard-autonomous-forensic-ir-agent
2026-06-22 22:11:21.989 | INFO     | src.scraper.project_detail_scraper:scrape_project_detail:23 - Збір деталей проекту за адресою: https://devpost.com/software/sworn-signed-workflow-of-reasoned-narratives
2026-06-22 22:11:24.107 | INFO     | src.scraper.project_detail_scraper:scrape_project_detail:23 - Збір деталей проекту за адресою: https://devpost.com/software/find-evil-dfir-agent
2026-06-22 22:11:26.209 | INFO     | src.scraper.project_detail_scraper:scrape_project_detail:23 - Збір деталей проекту за адресою: https://devpost.com/software/find-evil-ai-powered-incident-response-agent
2026-06-22 22:11:28.166 | INFO     | src.scraper.project_detail_scraper:scrape_project_detail:23 - Збір деталей проекту за адресою: https://devpost.com/software/evtx-sentinel
2026-06-22 22:11:30.404 | INFO     | src.scraper.project_detail_scraper:scrape_project_detail:23 - Збір деталей проекту за адресою: https://devpost.com/software/subeight
2026-06-22 22:11:32.608 | INFO     | src.scraper.project_detail_scraper:scrape_project_detail:23 - Збір деталей проекту за адресою: https://devpost.com/software/evil-sift-workbench
2026-06-22 22:11:34.988 | INFO     | src.scraper.project_detail_scraper:scrape_project_detail:23 - Збір деталей проекту за адресою: https://devpost.com/software/adaptive-multi-modal-triage-project
2026-06-22 22:11:36.961 | INFO     | src.scraper.project_detail_scraper:scrape_project_detail:23 - Збір деталей проекту за адресою: https://devpost.com/software/sentinel-multi-source-autonomous-ir-correlation-agent
2026-06-22 22:11:39.236 | INFO     | src.scraper.project_detail_scraper:scrape_project_detail:23 - Збір деталей проекту за адресою: https://devpost.com/software/aift-ai-forensic-triage
2026-06-22 22:11:41.191 | INFO     | src.scraper.project_detail_scraper:scrape_project_detail:23 - Збір деталей проекту за адресою: https://devpost.com/software/athlynxai-dozier
2026-06-22 22:11:43.451 | INFO     | src.scraper.project_detail_scraper:scrape_project_detail:23 - Збір деталей проекту за адресою: https://devpost.com/software/siftamess
2026-06-22 22:11:45.737 | INFO     | src.scraper.project_detail_scraper:scrape_project_detail:23 - Збір деталей проекту за адресою: https://devpost.com/software/prep4evil
2026-06-22 22:11:47.487 | INFO     | src.scraper.project_detail_scraper:scrape_project_detail:23 - Збір деталей проекту за адресою: https://devpost.com/software/findevil-p94x8m
2026-06-22 22:11:49.416 | INFO     | src.scraper.project_detail_scraper:scrape_project_detail:23 - Збір деталей проекту за адресою: https://devpost.com/software/atlas-finance
2026-06-22 22:11:52.113 | INFO     | src.scraper.project_detail_scraper:scrape_project_detail:23 - Збір деталей проекту за адресою: https://devpost.com/software/cogpace
2026-06-22 22:11:54.319 | INFO     | src.scraper.project_detail_scraper:scrape_project_detail:23 - Збір деталей проекту за адресою: https://devpost.com/software/evidencelock-sift-verifier-first-protocol-triage
2026-06-22 22:11:56.654 | INFO     | src.scraper.project_detail_scraper:scrape_project_detail:23 - Збір деталей проекту за адресою: https://devpost.com/software/dharmagate-agentic-shield
2026-06-22 22:11:58.647 | INFO     | src.scraper.project_detail_scraper:scrape_project_detail:23 - Збір деталей проекту за адресою: https://devpost.com/software/dfirskills
2026-06-22 22:12:00.981 | INFO     | src.scraper.project_detail_scraper:scrape_project_detail:23 - Збір деталей проекту за адресою: https://devpost.com/software/sift-bench-cross-examine-your-dfir-agent-s-findings
2026-06-22 22:12:03.148 | INFO     | src.scraper.project_detail_scraper:scrape_project_detail:23 - Збір деталей проекту за адресою: https://devpost.com/software/huntflow
2026-06-22 22:12:05.658 | INFO     | src.scraper.project_detail_scraper:scrape_project_detail:23 - Збір деталей проекту за адресою: https://devpost.com/software/sift-sentinel-autonomous-forensic-ir-agent
2026-06-22 22:12:08.097 | INFO     | src.scraper.project_detail_scraper:scrape_project_detail:23 - Збір деталей проекту за адресою: https://devpost.com/software/sift-proof
2026-06-22 22:12:10.714 | INFO     | src.scraper.project_detail_scraper:scrape_project_detail:23 - Збір деталей проекту за адресою: https://devpost.com/software/protocol-sift
2026-06-22 22:12:13.145 | INFO     | src.scraper.project_detail_scraper:scrape_project_detail:23 - Збір деталей проекту за адресою: https://devpost.com/software/trace-txjr9i
2026-06-22 22:12:15.180 | INFO     | src.scraper.project_detail_scraper:scrape_project_detail:23 - Збір деталей проекту за адресою: https://devpost.com/software/suraksha-kavach-ai-voice-threat-detection
2026-06-22 22:12:17.580 | INFO     | src.scraper.project_detail_scraper:scrape_project_detail:23 - Збір деталей проекту за адресою: https://devpost.com/software/council-sift
2026-06-22 22:12:19.708 | INFO     | src.scraper.project_detail_scraper:scrape_project_detail:23 - Збір деталей проекту за адресою: https://devpost.com/software/sift-guardian
2026-06-22 22:12:21.703 | INFO     | src.scraper.project_detail_scraper:scrape_project_detail:23 - Збір деталей проекту за адресою: https://devpost.com/software/aptwatcher-dfir
2026-06-22 22:12:23.782 | INFO     | src.scraper.project_detail_scraper:scrape_project_detail:23 - Збір деталей проекту за адресою: https://devpost.com/software/camel
2026-06-22 22:12:25.953 | INFO     | src.scraper.project_detail_scraper:scrape_project_detail:23 - Збір деталей проекту за адресою: https://devpost.com/software/cortexpf-16zolp
2026-06-22 22:12:28.026 | INFO     | src.scraper.project_detail_scraper:scrape_project_detail:23 - Збір деталей проекту за адресою: https://devpost.com/software/spoor-autonomous-dfir-you-can-audit
2026-06-22 22:12:30.234 | INFO     | src.scraper.project_detail_scraper:scrape_project_detail:23 - Збір деталей проекту за адресою: https://devpost.com/software/find-evil-stop-protocol-sift-hallucinating-iocs
2026-06-22 22:12:32.408 | INFO     | src.scraper.project_detail_scraper:scrape_project_detail:23 - Збір деталей проекту за адресою: https://devpost.com/software/sift-mind-metacognitive-incident-response-orchestrator
2026-06-22 22:12:33.466 | INFO     | src.scraper.project_detail_scraper:scrape_project_detail:23 - Збір деталей проекту за адресою: https://devpost.com/software/sift-analyst
2026-06-22 22:12:35.822 | INFO     | src.scraper.project_detail_scraper:scrape_project_detail:23 - Збір деталей проекту за адресою: https://devpost.com/software/sift-sherlock
2026-06-22 22:12:36.945 | INFO     | src.scraper.project_detail_scraper:scrape_project_detail:23 - Збір деталей проекту за адресою: https://devpost.com/software/paladin-autonomous-security-system-8aie1q
2026-06-22 22:12:39.003 | INFO     | src.scraper.project_detail_scraper:scrape_project_detail:23 - Збір деталей проекту за адресою: https://devpost.com/software/verdict-qk578h
2026-06-22 22:12:40.960 | INFO     | src.scraper.project_detail_scraper:scrape_project_detail:23 - Збір деталей проекту за адресою: https://devpost.com/software/sift-sentinel-ai-memory-network-forensics-platform
2026-06-22 22:12:42.982 | INFO     | src.scraper.project_detail_scraper:scrape_project_detail:23 - Збір деталей проекту за адресою: https://devpost.com/software/sift-guardian-dqzlac
2026-06-22 22:12:45.089 | INFO     | src.scraper.project_detail_scraper:scrape_project_detail:23 - Збір деталей проекту за адресою: https://devpost.com/software/verisift
2026-06-22 22:12:47.741 | INFO     | src.scraper.project_detail_scraper:scrape_project_detail:23 - Збір деталей проекту за адресою: https://devpost.com/software/neeshant-interactive-physics-e-book-system-2026
2026-06-22 22:12:50.566 | INFO     | src.scraper.project_detail_scraper:scrape_project_detail:23 - Збір деталей проекту за адресою: https://devpost.com/software/ai-legion
2026-06-22 22:12:51.644 | INFO     | src.scraper.project_detail_scraper:scrape_project_detail:23 - Збір деталей проекту за адресою: https://devpost.com/software/trajectix-forensic-flight-recorder-hitl-for-ir-agents
2026-06-22 22:12:53.786 | INFO     | src.scraper.project_detail_scraper:scrape_project_detail:23 - Збір деталей проекту за адресою: https://devpost.com/software/sentinel-zero-lamnpr
2026-06-22 22:12:56.120 | INFO     | src.scraper.project_detail_scraper:scrape_project_detail:23 - Збір деталей проекту за адресою: https://devpost.com/software/agenticsift
2026-06-22 22:12:58.247 | INFO     | src.scraper.project_detail_scraper:scrape_project_detail:23 - Збір деталей проекту за адресою: https://devpost.com/software/autonomous-kubernetes-forensics-using-opencode-ai-agent
2026-06-22 22:13:00.524 | INFO     | src.scraper.project_detail_scraper:scrape_project_detail:23 - Збір деталей проекту за адресою: https://devpost.com/software/fossick-intelligence
2026-06-22 22:13:01.710 | INFO     | src.scraper.project_detail_scraper:scrape_project_detail:23 - Збір деталей проекту за адресою: https://devpost.com/software/sift-sentinel-h2xbeq
2026-06-22 22:13:04.120 | INFO     | src.scraper.project_detail_scraper:scrape_project_detail:23 - Збір деталей проекту за адресою: https://devpost.com/software/sift-aegis
2026-06-22 22:13:06.180 | INFO     | src.scraper.project_detail_scraper:scrape_project_detail:23 - Збір деталей проекту за адресою: https://devpost.com/software/sanctum-nvjcw1
2026-06-22 22:13:08.526 | INFO     | src.scraper.project_detail_scraper:scrape_project_detail:23 - Збір деталей проекту за адресою: https://devpost.com/software/iris-sift
2026-06-22 22:13:10.451 | INFO     | src.scraper.project_detail_scraper:scrape_project_detail:23 - Збір деталей проекту за адресою: https://devpost.com/software/sift-eye
2026-06-22 22:13:11.537 | INFO     | src.scraper.project_detail_scraper:scrape_project_detail:23 - Збір деталей проекту за адресою: https://devpost.com/software/eviltrace-bhqd25
2026-06-22 22:13:13.750 | INFO     | src.scraper.project_detail_scraper:scrape_project_detail:23 - Збір деталей проекту за адресою: https://devpost.com/software/sift-kernel
2026-06-22 22:13:15.728 | INFO     | src.scraper.project_detail_scraper:scrape_project_detail:23 - Збір деталей проекту за адресою: https://devpost.com/software/sift-sentry-self-correcting-ir-agent
2026-06-22 22:13:17.763 | INFO     | src.scraper.project_detail_scraper:scrape_project_detail:23 - Збір деталей проекту за адресою: https://devpost.com/software/sift-mcp-forensic-agent
2026-06-22 22:13:19.785 | INFO     | src.scraper.project_detail_scraper:scrape_project_detail:23 - Збір деталей проекту за адресою: https://devpost.com/software/ghosthunter-autonomous-timeline-agent
2026-06-22 22:13:21.705 | INFO     | src.scraper.project_detail_scraper:scrape_project_detail:23 - Збір деталей проекту за адресою: https://devpost.com/software/glassbox-autonomous-read-only-dfir-triage-agent
2026-06-22 22:13:24.054 | INFO     | src.scraper.project_detail_scraper:scrape_project_detail:23 - Збір деталей проекту за адресою: https://devpost.com/software/khusela-ai
2026-06-22 22:13:26.155 | INFO     | src.scraper.project_detail_scraper:scrape_project_detail:23 - Збір деталей проекту за адресою: https://devpost.com/software/phishshield-ai-real-time-threat-responder
2026-06-22 22:13:28.202 | INFO     | src.scraper.project_detail_scraper:scrape_project_detail:23 - Збір деталей проекту за адресою: https://devpost.com/software/project-mantis
2026-06-22 22:13:30.218 | INFO     | src.scraper.project_detail_scraper:scrape_project_detail:23 - Збір деталей проекту за адресою: https://devpost.com/software/findevil-the-dfir-agent-that-can-t-alter-evidence
2026-06-22 22:13:32.352 | INFO     | src.scraper.project_detail_scraper:scrape_project_detail:23 - Збір деталей проекту за адресою: https://devpost.com/software/zey-ai-website
2026-06-22 22:13:34.172 | INFO     | src.scraper.project_detail_scraper:scrape_project_detail:23 - Збір деталей проекту за адресою: https://devpost.com/software/sift-hermes
2026-06-22 22:13:36.154 | INFO     | src.scraper.project_detail_scraper:scrape_project_detail:23 - Збір деталей проекту за адресою: https://devpost.com/software/jarvis-ehtnjb
2026-06-22 22:13:37.348 | INFO     | src.scraper.project_detail_scraper:scrape_project_detail:23 - Збір деталей проекту за адресою: https://devpost.com/software/trustgraph-gnn-powered-third-party-risk-threat-hunting
2026-06-22 22:13:39.335 | INFO     | src.scraper.project_detail_scraper:scrape_project_detail:23 - Збір деталей проекту за адресою: https://devpost.com/software/find-evil-verifiable-autonomous-ir-agent
2026-06-22 22:13:41.327 | INFO     | src.scraper.project_detail_scraper:scrape_project_detail:23 - Збір деталей проекту за адресою: https://devpost.com/software/aegis-autonomous-evidence-guided-investigation-system
2026-06-22 22:13:43.357 | INFO     | src.scraper.project_detail_scraper:scrape_project_detail:23 - Збір деталей проекту за адресою: https://devpost.com/software/ducktracy
2026-06-22 22:13:45.694 | INFO     | src.scraper.project_detail_scraper:scrape_project_detail:23 - Збір деталей проекту за адресою: https://devpost.com/software/autonomous-dfir-triage-pipeline
2026-06-22 22:13:47.932 | INFO     | src.scraper.project_detail_scraper:scrape_project_detail:23 - Збір деталей проекту за адресою: https://devpost.com/software/sentinelsift-x
2026-06-22 22:13:49.895 | INFO     | src.scraper.project_detail_scraper:scrape_project_detail:23 - Збір деталей проекту за адресою: https://devpost.com/software/sift-defender-autonomous-dfir-triage-agent
2026-06-22 22:13:51.972 | INFO     | src.scraper.project_detail_scraper:scrape_project_detail:23 - Збір деталей проекту за адресою: https://devpost.com/software/sift-veritas
2026-06-22 22:13:54.323 | INFO     | src.scraper.project_detail_scraper:scrape_project_detail:23 - Збір деталей проекту за адресою: https://devpost.com/software/do-sift
2026-06-22 22:13:56.528 | INFO     | src.scraper.project_detail_scraper:scrape_project_detail:23 - Збір деталей проекту за адресою: https://devpost.com/software/stigmergy
2026-06-22 22:13:58.798 | INFO     | src.scraper.project_detail_scraper:scrape_project_detail:23 - Збір деталей проекту за адресою: https://devpost.com/software/sift-mad-malicious-agent-detection
2026-06-22 22:14:00.738 | INFO     | src.scraper.project_detail_scraper:scrape_project_detail:23 - Збір деталей проекту за адресою: https://devpost.com/software/slient-witness
2026-06-22 22:14:02.925 | INFO     | src.scraper.project_detail_scraper:scrape_project_detail:23 - Збір деталей проекту за адресою: https://devpost.com/software/sift-sentinel-tfy3e2
2026-06-22 22:14:04.993 | INFO     | src.scraper.project_detail_scraper:scrape_project_detail:23 - Збір деталей проекту за адресою: https://devpost.com/software/astragrid
2026-06-22 22:14:07.053 | INFO     | src.scraper.project_detail_scraper:scrape_project_detail:23 - Збір деталей проекту за адресою: https://devpost.com/software/project-iron-hand-original
2026-06-22 22:14:09.219 | INFO     | src.scraper.project_detail_scraper:scrape_project_detail:23 - Збір деталей проекту за адресою: https://devpost.com/software/iterativeir-rlhf
2026-06-22 22:14:10.863 | INFO     | src.scraper.project_detail_scraper:scrape_project_detail:23 - Збір деталей проекту за адресою: https://devpost.com/software/agentscope-phase-level-ai-agent-telemetry-for-protocol-sift
2026-06-22 22:14:12.905 | INFO     | src.scraper.project_detail_scraper:scrape_project_detail:23 - Збір деталей проекту за адресою: https://devpost.com/software/counsel-ai-forensics-that-won-t-make-things-up
2026-06-22 22:14:15.279 | INFO     | src.scraper.project_detail_scraper:scrape_project_detail:23 - Збір деталей проекту за адресою: https://devpost.com/software/sentinel-protocol
2026-06-22 22:14:17.700 | INFO     | src.scraper.project_detail_scraper:scrape_project_detail:23 - Збір деталей проекту за адресою: https://devpost.com/software/stomped
2026-06-22 22:14:20.064 | INFO     | src.scraper.project_detail_scraper:scrape_project_detail:23 - Збір деталей проекту за адресою: https://devpost.com/software/sentinel-mcp-guardrail
2026-06-22 22:14:22.011 | INFO     | src.scraper.project_detail_scraper:scrape_project_detail:23 - Збір деталей проекту за адресою: https://devpost.com/software/deepsift
2026-06-22 22:14:24.502 | INFO     | src.scraper.project_detail_scraper:scrape_project_detail:23 - Збір деталей проекту за адресою: https://devpost.com/software/sift_ros-agent
2026-06-22 22:14:26.899 | INFO     | src.scraper.project_detail_scraper:scrape_project_detail:23 - Збір деталей проекту за адресою: https://devpost.com/software/dfir-agent
2026-06-22 22:14:28.928 | INFO     | src.scraper.project_detail_scraper:scrape_project_detail:23 - Збір деталей проекту за адресою: https://devpost.com/software/aipol-aipolygraph-autonomous-ir-agent
2026-06-22 22:14:31.286 | INFO     | src.scraper.project_detail_scraper:scrape_project_detail:23 - Збір деталей проекту за адресою: https://devpost.com/software/sift-sentinel-bogin5
2026-06-22 22:14:33.177 | INFO     | src.scraper.project_detail_scraper:scrape_project_detail:23 - Збір деталей проекту за адресою: https://devpost.com/software/sift-assistant
2026-06-22 22:14:35.451 | INFO     | src.scraper.project_detail_scraper:scrape_project_detail:23 - Збір деталей проекту за адресою: https://devpost.com/software/sealed
2026-06-22 22:14:37.527 | INFO     | src.scraper.project_detail_scraper:scrape_project_detail:23 - Збір деталей проекту за адресою: https://devpost.com/software/find-evil-xq4tko
2026-06-22 22:14:38.656 | INFO     | src.scraper.project_detail_scraper:scrape_project_detail:23 - Збір деталей проекту за адресою: https://devpost.com/software/sift-mcp-fgtk1q
2026-06-22 22:14:40.836 | INFO     | src.scraper.project_detail_scraper:scrape_project_detail:23 - Збір деталей проекту за адресою: https://devpost.com/software/graveyard-wzhrl6
2026-06-22 22:14:42.797 | INFO     | src.scraper.project_detail_scraper:scrape_project_detail:23 - Збір деталей проекту за адресою: https://devpost.com/software/find-evil-w8us3i
2026-06-22 22:14:44.016 | INFO     | __main__:run_full_ingestion:115 - Успішно імпортовано хакатон: FIND EVIL! (229 проектів).
2026-06-22 22:14:46.019 | INFO     | __main__:run_full_ingestion:46 - [8/24] Початок збору даних для: Splunk Agentic Ops Hackathon...
2026-06-22 22:14:46.022 | INFO     | src.scraper.hackathon_detail_scraper:scrape_hackathon_detail:19 - Збір деталей для хакатону за адресою: https://splunk.devpost.com/
2026-06-22 22:14:47.185 | INFO     | src.scraper.projects_scraper:fetch_hackathon_projects:31 - Запуск збору проектів для субдомену: splunk
2026-06-22 22:14:47.186 | INFO     | src.scraper.projects_scraper:fetch_hackathon_projects:35 - Збір проектів, сторінка 1...
2026-06-22 22:14:48.018 | INFO     | src.scraper.projects_scraper:fetch_hackathon_projects:52 - На сторінці 1 більше немає карток проектів. Завершуємо збір.
2026-06-22 22:14:48.019 | INFO     | __main__:run_full_ingestion:72 - Знайдено проектів для обробки: 0
2026-06-22 22:14:48.030 | INFO     | __main__:run_full_ingestion:115 - Успішно імпортовано хакатон: Splunk Agentic Ops Hackathon (0 проектів).
2026-06-22 22:14:50.031 | INFO     | __main__:run_full_ingestion:46 - [9/24] Початок збору даних для: Mind the Product presents World Product Day: Everyone Ships Now...
2026-06-22 22:14:50.033 | INFO     | src.scraper.hackathon_detail_scraper:scrape_hackathon_detail:19 - Збір деталей для хакатону за адресою: https://mindtheproduct.devpost.com/
2026-06-22 22:14:51.078 | INFO     | src.scraper.projects_scraper:fetch_hackathon_projects:31 - Запуск збору проектів для субдомену: mindtheproduct
2026-06-22 22:14:51.078 | INFO     | src.scraper.projects_scraper:fetch_hackathon_projects:35 - Збір проектів, сторінка 1...
2026-06-22 22:14:51.845 | INFO     | src.scraper.projects_scraper:fetch_hackathon_projects:52 - На сторінці 1 більше немає карток проектів. Завершуємо збір.
2026-06-22 22:14:51.845 | INFO     | __main__:run_full_ingestion:72 - Знайдено проектів для обробки: 0
2026-06-22 22:14:51.852 | INFO     | __main__:run_full_ingestion:115 - Успішно імпортовано хакатон: Mind the Product presents World Product Day: Everyone Ships Now (0 проектів).
2026-06-22 22:14:53.853 | INFO     | __main__:run_full_ingestion:46 - [10/24] Початок збору даних для: NextGenHacks...
2026-06-22 22:14:53.854 | INFO     | src.scraper.hackathon_detail_scraper:scrape_hackathon_detail:19 - Збір деталей для хакатону за адресою: https://nextgenhacks.devpost.com/
2026-06-22 22:14:54.829 | INFO     | src.scraper.projects_scraper:fetch_hackathon_projects:31 - Запуск збору проектів для субдомену: nextgenhacks
2026-06-22 22:14:54.829 | INFO     | src.scraper.projects_scraper:fetch_hackathon_projects:35 - Збір проектів, сторінка 1...
2026-06-22 22:14:56.037 | INFO     | src.scraper.projects_scraper:fetch_hackathon_projects:107 - Сторінка 1: успішно зчитано 24 проектів.
2026-06-22 22:14:58.037 | INFO     | src.scraper.projects_scraper:fetch_hackathon_projects:35 - Збір проектів, сторінка 2...
2026-06-22 22:14:59.252 | INFO     | src.scraper.projects_scraper:fetch_hackathon_projects:107 - Сторінка 2: успішно зчитано 24 проектів.
2026-06-22 22:15:01.253 | INFO     | src.scraper.projects_scraper:fetch_hackathon_projects:35 - Збір проектів, сторінка 3...
2026-06-22 22:15:02.424 | INFO     | src.scraper.projects_scraper:fetch_hackathon_projects:107 - Сторінка 3: успішно зчитано 24 проектів.
2026-06-22 22:15:04.424 | INFO     | src.scraper.projects_scraper:fetch_hackathon_projects:35 - Збір проектів, сторінка 4...
2026-06-22 22:15:05.635 | INFO     | src.scraper.projects_scraper:fetch_hackathon_projects:107 - Сторінка 4: успішно зчитано 24 проектів.
2026-06-22 22:15:07.635 | INFO     | src.scraper.projects_scraper:fetch_hackathon_projects:35 - Збір проектів, сторінка 5...
2026-06-22 22:15:08.758 | INFO     | src.scraper.projects_scraper:fetch_hackathon_projects:107 - Сторінка 5: успішно зчитано 24 проектів.
2026-06-22 22:15:10.759 | INFO     | src.scraper.projects_scraper:fetch_hackathon_projects:35 - Збір проектів, сторінка 6...
2026-06-22 22:15:11.989 | INFO     | src.scraper.projects_scraper:fetch_hackathon_projects:107 - Сторінка 6: успішно зчитано 24 проектів.
2026-06-22 22:15:13.990 | INFO     | src.scraper.projects_scraper:fetch_hackathon_projects:35 - Збір проектів, сторінка 7...
2026-06-22 22:15:15.150 | INFO     | src.scraper.projects_scraper:fetch_hackathon_projects:107 - Сторінка 7: успішно зчитано 24 проектів.
2026-06-22 22:15:17.150 | INFO     | src.scraper.projects_scraper:fetch_hackathon_projects:35 - Збір проектів, сторінка 8...
2026-06-22 22:15:18.342 | INFO     | src.scraper.projects_scraper:fetch_hackathon_projects:107 - Сторінка 8: успішно зчитано 24 проектів.
2026-06-22 22:15:20.342 | INFO     | src.scraper.projects_scraper:fetch_hackathon_projects:35 - Збір проектів, сторінка 9...
2026-06-22 22:15:21.522 | INFO     | src.scraper.projects_scraper:fetch_hackathon_projects:107 - Сторінка 9: успішно зчитано 24 проектів.
2026-06-22 22:15:23.522 | INFO     | src.scraper.projects_scraper:fetch_hackathon_projects:35 - Збір проектів, сторінка 10...
2026-06-22 22:15:24.772 | INFO     | src.scraper.projects_scraper:fetch_hackathon_projects:107 - Сторінка 10: успішно зчитано 23 проектів.
2026-06-22 22:15:26.775 | INFO     | src.scraper.projects_scraper:fetch_hackathon_projects:35 - Збір проектів, сторінка 11...
2026-06-22 22:15:28.236 | INFO     | src.scraper.projects_scraper:fetch_hackathon_projects:107 - Сторінка 11: успішно зчитано 24 проектів.
2026-06-22 22:15:30.236 | INFO     | src.scraper.projects_scraper:fetch_hackathon_projects:35 - Збір проектів, сторінка 12...
2026-06-22 22:15:31.853 | INFO     | src.scraper.projects_scraper:fetch_hackathon_projects:107 - Сторінка 12: успішно зчитано 24 проектів.
2026-06-22 22:15:33.855 | INFO     | src.scraper.projects_scraper:fetch_hackathon_projects:35 - Збір проектів, сторінка 13...
2026-06-22 22:15:35.142 | INFO     | src.scraper.projects_scraper:fetch_hackathon_projects:107 - Сторінка 13: успішно зчитано 24 проектів.
2026-06-22 22:15:37.142 | INFO     | src.scraper.projects_scraper:fetch_hackathon_projects:35 - Збір проектів, сторінка 14...
2026-06-22 22:15:38.393 | INFO     | src.scraper.projects_scraper:fetch_hackathon_projects:107 - Сторінка 14: успішно зчитано 24 проектів.
2026-06-22 22:15:40.393 | INFO     | src.scraper.projects_scraper:fetch_hackathon_projects:35 - Збір проектів, сторінка 15...
2026-06-22 22:15:41.606 | INFO     | src.scraper.projects_scraper:fetch_hackathon_projects:107 - Сторінка 15: успішно зчитано 24 проектів.
2026-06-22 22:15:43.606 | INFO     | src.scraper.projects_scraper:fetch_hackathon_projects:35 - Збір проектів, сторінка 16...
2026-06-22 22:15:44.775 | INFO     | src.scraper.projects_scraper:fetch_hackathon_projects:107 - Сторінка 16: успішно зчитано 24 проектів.
2026-06-22 22:15:46.775 | INFO     | src.scraper.projects_scraper:fetch_hackathon_projects:35 - Збір проектів, сторінка 17...
2026-06-22 22:15:47.925 | INFO     | src.scraper.projects_scraper:fetch_hackathon_projects:107 - Сторінка 17: успішно зчитано 24 проектів.
2026-06-22 22:15:49.926 | INFO     | src.scraper.projects_scraper:fetch_hackathon_projects:35 - Збір проектів, сторінка 18...
2026-06-22 22:15:51.160 | INFO     | src.scraper.projects_scraper:fetch_hackathon_projects:107 - Сторінка 18: успішно зчитано 24 проектів.
2026-06-22 22:15:53.161 | INFO     | src.scraper.projects_scraper:fetch_hackathon_projects:35 - Збір проектів, сторінка 19...
2026-06-22 22:15:54.318 | INFO     | src.scraper.projects_scraper:fetch_hackathon_projects:107 - Сторінка 19: успішно зчитано 24 проектів.
2026-06-22 22:15:56.318 | INFO     | src.scraper.projects_scraper:fetch_hackathon_projects:35 - Збір проектів, сторінка 20...
2026-06-22 22:15:57.769 | INFO     | src.scraper.projects_scraper:fetch_hackathon_projects:107 - Сторінка 20: успішно зчитано 24 проектів.
2026-06-22 22:15:59.770 | INFO     | src.scraper.projects_scraper:fetch_hackathon_projects:35 - Збір проектів, сторінка 21...
2026-06-22 22:16:00.752 | INFO     | src.scraper.projects_scraper:fetch_hackathon_projects:107 - Сторінка 21: успішно зчитано 9 проектів.
2026-06-22 22:16:02.753 | INFO     | src.scraper.projects_scraper:fetch_hackathon_projects:35 - Збір проектів, сторінка 22...
2026-06-22 22:16:03.532 | INFO     | src.scraper.projects_scraper:fetch_hackathon_projects:52 - На сторінці 22 більше немає карток проектів. Завершуємо збір.
2026-06-22 22:16:03.536 | INFO     | __main__:run_full_ingestion:72 - Знайдено проектів для обробки: 488
2026-06-22 22:16:03.537 | INFO     | src.scraper.project_detail_scraper:scrape_project_detail:23 - Збір деталей проекту за адресою: https://devpost.com/software/samjha-study-buddy
2026-06-22 22:16:05.674 | INFO     | src.scraper.project_detail_scraper:scrape_project_detail:23 - Збір деталей проекту за адресою: https://devpost.com/software/drift-04icyq
2026-06-22 22:16:06.706 | INFO     | src.scraper.project_detail_scraper:scrape_project_detail:23 - Збір деталей проекту за адресою: https://devpost.com/software/heartogether-ai-powered-multi-device-audio-sync
2026-06-22 22:16:08.892 | INFO     | src.scraper.project_detail_scraper:scrape_project_detail:23 - Збір деталей проекту за адресою: https://devpost.com/software/edumotion-ai-m3y261
2026-06-22 22:16:10.780 | INFO     | src.scraper.project_detail_scraper:scrape_project_detail:23 - Збір деталей проекту за адресою: https://devpost.com/software/showfarm
2026-06-22 22:16:13.055 | INFO     | src.scraper.project_detail_scraper:scrape_project_detail:23 - Збір деталей проекту за адресою: https://devpost.com/software/chronos-legacy-code-archaeologist
2026-06-22 22:16:15.264 | INFO     | src.scraper.project_detail_scraper:scrape_project_detail:23 - Збір деталей проекту за адресою: https://devpost.com/software/saarathi-ai-yotfvs
2026-06-22 22:16:17.447 | INFO     | src.scraper.project_detail_scraper:scrape_project_detail:23 - Збір деталей проекту за адресою: https://devpost.com/software/savepoultry
2026-06-22 22:16:19.616 | INFO     | src.scraper.project_detail_scraper:scrape_project_detail:23 - Збір деталей проекту за адресою: https://devpost.com/software/playweaver
2026-06-22 22:16:22.168 | INFO     | src.scraper.project_detail_scraper:scrape_project_detail:23 - Збір деталей проекту за адресою: https://devpost.com/software/equinox-flow
2026-06-22 22:16:24.723 | INFO     | src.scraper.project_detail_scraper:scrape_project_detail:23 - Збір деталей проекту за адресою: https://devpost.com/software/cookielens-know-before-you-accept
2026-06-22 22:16:27.102 | INFO     | src.scraper.project_detail_scraper:scrape_project_detail:23 - Збір деталей проекту за адресою: https://devpost.com/software/ai-powered-carbon-aware-ci-cd-pipeline-optimiser-lqx1sv
2026-06-22 22:16:28.822 | INFO     | src.scraper.project_detail_scraper:scrape_project_detail:23 - Збір деталей проекту за адресою: https://devpost.com/software/visual-mouse-control
2026-06-22 22:16:30.774 | INFO     | src.scraper.project_detail_scraper:scrape_project_detail:23 - Збір деталей проекту за адресою: https://devpost.com/software/women-safety-mobile-application-2xwt0o
2026-06-22 22:16:31.874 | INFO     | src.scraper.project_detail_scraper:scrape_project_detail:23 - Збір деталей проекту за адресою: https://devpost.com/software/motzipcode-jdebyo
2026-06-22 22:16:34.116 | INFO     | src.scraper.project_detail_scraper:scrape_project_detail:23 - Збір деталей проекту за адресою: https://devpost.com/software/auditease-f1pqzw
2026-06-22 22:16:36.650 | INFO     | src.scraper.project_detail_scraper:scrape_project_detail:23 - Збір деталей проекту за адресою: https://devpost.com/software/carboncredible
2026-06-22 22:16:38.885 | INFO     | src.scraper.project_detail_scraper:scrape_project_detail:23 - Збір деталей проекту за адресою: https://devpost.com/software/skillpath-ai-ai-powered-career-skill-intelligence-platform
2026-06-22 22:16:40.195 | INFO     | src.scraper.project_detail_scraper:scrape_project_detail:23 - Збір деталей проекту за адресою: https://devpost.com/software/healix-ai-a-deterministic-clinical-intelligence-framework-tjmo9d
2026-06-22 22:16:42.466 | INFO     | src.scraper.project_detail_scraper:scrape_project_detail:23 - Збір деталей проекту за адресою: https://devpost.com/software/thinkbit-zyvcl6
2026-06-22 22:16:43.541 | INFO     | src.scraper.project_detail_scraper:scrape_project_detail:23 - Збір деталей проекту за адресою: https://devpost.com/software/afrigen
2026-06-22 22:16:46.733 | INFO     | src.scraper.project_detail_scraper:scrape_project_detail:23 - Збір деталей проекту за адресою: https://devpost.com/software/parky-fz3hn7
2026-06-22 22:16:48.891 | INFO     | src.scraper.project_detail_scraper:scrape_project_detail:23 - Збір деталей проекту за адресою: https://devpost.com/software/daysavvy-z129oj
2026-06-22 22:16:50.119 | INFO     | src.scraper.project_detail_scraper:scrape_project_detail:23 - Збір деталей проекту за адресою: https://devpost.com/software/goalflow
2026-06-22 22:16:52.668 | INFO     | src.scraper.project_detail_scraper:scrape_project_detail:23 - Збір деталей проекту за адресою: https://devpost.com/software/locomart
2026-06-22 22:16:54.768 | INFO     | src.scraper.project_detail_scraper:scrape_project_detail:23 - Збір деталей проекту за адресою: https://devpost.com/software/ingredient-decoder
2026-06-22 22:16:56.941 | INFO     | src.scraper.project_detail_scraper:scrape_project_detail:23 - Збір деталей проекту за адресою: https://devpost.com/software/traumachain
2026-06-22 22:16:58.188 | INFO     | src.scraper.project_detail_scraper:scrape_project_detail:23 - Збір деталей проекту за адресою: https://devpost.com/software/visa-checklist-assistant
2026-06-22 22:17:00.173 | INFO     | src.scraper.project_detail_scraper:scrape_project_detail:23 - Збір деталей проекту за адресою: https://devpost.com/software/carboncredible_submission
2026-06-22 22:17:02.484 | INFO     | src.scraper.project_detail_scraper:scrape_project_detail:23 - Збір деталей проекту за адресою: https://devpost.com/software/tradewizard-g7x98n
2026-06-22 22:17:04.682 | INFO     | src.scraper.project_detail_scraper:scrape_project_detail:23 - Збір деталей проекту за адресою: https://devpost.com/software/fitry
2026-06-22 22:17:06.675 | INFO     | src.scraper.project_detail_scraper:scrape_project_detail:23 - Збір деталей проекту за адресою: https://devpost.com/software/intelliclass-your-end-to-end-smart-learning-platform
2026-06-22 22:17:08.783 | INFO     | src.scraper.project_detail_scraper:scrape_project_detail:23 - Збір деталей проекту за адресою: https://devpost.com/software/cortexflow-w3ry5d
2026-06-22 22:17:11.349 | INFO     | src.scraper.project_detail_scraper:scrape_project_detail:23 - Збір деталей проекту за адресою: https://devpost.com/software/edyx
2026-06-22 22:17:13.719 | INFO     | src.scraper.project_detail_scraper:scrape_project_detail:23 - Збір деталей проекту за адресою: https://devpost.com/software/senseai-nz1rqc
2026-06-22 22:17:15.846 | INFO     | src.scraper.project_detail_scraper:scrape_project_detail:23 - Збір деталей проекту за адресою: https://devpost.com/software/nutricare-agents-oefn4b
2026-06-22 22:17:19.018 | INFO     | src.scraper.project_detail_scraper:scrape_project_detail:23 - Збір деталей проекту за адресою: https://devpost.com/software/exceed
2026-06-22 22:17:21.166 | INFO     | src.scraper.project_detail_scraper:scrape_project_detail:23 - Збір деталей проекту за адресою: https://devpost.com/software/dextra-smart-wrist-hand-orthosis-for-functional-independence-dujza8
2026-06-22 22:17:23.004 | INFO     | src.scraper.project_detail_scraper:scrape_project_detail:23 - Збір деталей проекту за адресою: https://devpost.com/software/todomessenger-qo4awe
2026-06-22 22:17:24.104 | INFO     | src.scraper.project_detail_scraper:scrape_project_detail:23 - Збір деталей проекту за адресою: https://devpost.com/software/auditease-4ub1mj
2026-06-22 22:17:26.145 | INFO     | src.scraper.project_detail_scraper:scrape_project_detail:23 - Збір деталей проекту за адресою: https://devpost.com/software/edugen-ai-fwh2m6
2026-06-22 22:17:28.318 | INFO     | src.scraper.project_detail_scraper:scrape_project_detail:23 - Збір деталей проекту за адресою: https://devpost.com/software/zerorisk-sentinel-d3zc90
2026-06-22 22:17:30.650 | INFO     | src.scraper.project_detail_scraper:scrape_project_detail:23 - Збір деталей проекту за адресою: https://devpost.com/software/kavach-rpq9co
2026-06-22 22:17:32.968 | INFO     | src.scraper.project_detail_scraper:scrape_project_detail:23 - Збір деталей проекту за адресою: https://devpost.com/software/swipeclean-xeglkp
2026-06-22 22:17:35.000 | INFO     | src.scraper.project_detail_scraper:scrape_project_detail:23 - Збір деталей проекту за адресою: https://devpost.com/software/shellstack
2026-06-22 22:17:37.162 | INFO     | src.scraper.project_detail_scraper:scrape_project_detail:23 - Збір деталей проекту за адресою: https://devpost.com/software/cyberguard-rpygti
2026-06-22 22:17:39.351 | INFO     | src.scraper.project_detail_scraper:scrape_project_detail:23 - Збір деталей проекту за адресою: https://devpost.com/software/dante-ai-from-complex-to-clear
2026-06-22 22:17:41.652 | INFO     | src.scraper.project_detail_scraper:scrape_project_detail:23 - Збір деталей проекту за адресою: https://devpost.com/software/codemeet-mf4squ
2026-06-22 22:17:43.842 | INFO     | src.scraper.project_detail_scraper:scrape_project_detail:23 - Збір деталей проекту за адресою: https://devpost.com/software/echo-alert
2026-06-22 22:17:46.025 | INFO     | src.scraper.project_detail_scraper:scrape_project_detail:23 - Збір деталей проекту за адресою: https://devpost.com/software/safarsaheli
2026-06-22 22:17:48.285 | INFO     | src.scraper.project_detail_scraper:scrape_project_detail:23 - Збір деталей проекту за адресою: https://devpost.com/software/endopath
2026-06-22 22:17:50.847 | INFO     | src.scraper.project_detail_scraper:scrape_project_detail:23 - Збір деталей проекту за адресою: https://devpost.com/software/skycabin-smart-aircraft-cabin-experience-simulator
2026-06-22 22:17:52.140 | INFO     | src.scraper.project_detail_scraper:scrape_project_detail:23 - Збір деталей проекту за адресою: https://devpost.com/software/disasterready-en0ghw
2026-06-22 22:17:54.188 | INFO     | src.scraper.project_detail_scraper:scrape_project_detail:23 - Збір деталей проекту за адресою: https://devpost.com/software/auralink-5un8eq
2026-06-22 22:17:56.535 | INFO     | src.scraper.project_detail_scraper:scrape_project_detail:23 - Збір деталей проекту за адресою: https://devpost.com/software/foodflow-gwrxai
2026-06-22 22:17:58.378 | INFO     | src.scraper.project_detail_scraper:scrape_project_detail:23 - Збір деталей проекту за адресою: https://devpost.com/software/modernai
2026-06-22 22:18:00.433 | INFO     | src.scraper.project_detail_scraper:scrape_project_detail:23 - Збір деталей проекту за адресою: https://devpost.com/software/haven-c2gas5
2026-06-22 22:18:02.935 | INFO     | src.scraper.project_detail_scraper:scrape_project_detail:23 - Збір деталей проекту за адресою: https://devpost.com/software/edge-ledger-3-0
2026-06-22 22:18:05.244 | INFO     | src.scraper.project_detail_scraper:scrape_project_detail:23 - Збір деталей проекту за адресою: https://devpost.com/software/biocyclic
2026-06-22 22:18:06.454 | INFO     | src.scraper.project_detail_scraper:scrape_project_detail:23 - Збір деталей проекту за адресою: https://devpost.com/software/crishirts-t7m8o1
2026-06-22 22:18:07.706 | INFO     | src.scraper.project_detail_scraper:scrape_project_detail:23 - Збір деталей проекту за адресою: https://devpost.com/software/lets-cook
2026-06-22 22:18:09.781 | INFO     | src.scraper.project_detail_scraper:scrape_project_detail:23 - Збір деталей проекту за адресою: https://devpost.com/software/stellar-insight-labs-obharx
2026-06-22 22:18:11.821 | INFO     | src.scraper.project_detail_scraper:scrape_project_detail:23 - Збір деталей проекту за адресою: https://devpost.com/software/skillscan-ai-career-intelligence-for-students-sigtmc
2026-06-22 22:18:14.078 | INFO     | src.scraper.project_detail_scraper:scrape_project_detail:23 - Збір деталей проекту за адресою: https://devpost.com/software/yang-ini
2026-06-22 22:18:15.182 | INFO     | src.scraper.project_detail_scraper:scrape_project_detail:23 - Збір деталей проекту за адресою: https://devpost.com/software/nuthreemind
2026-06-22 22:18:16.251 | INFO     | src.scraper.project_detail_scraper:scrape_project_detail:23 - Збір деталей проекту за адресою: https://devpost.com/software/numen-h0kdxo
2026-06-22 22:18:18.367 | INFO     | src.scraper.project_detail_scraper:scrape_project_detail:23 - Збір деталей проекту за адресою: https://devpost.com/software/zylience-fit-270y4b
2026-06-22 22:18:19.427 | INFO     | src.scraper.project_detail_scraper:scrape_project_detail:23 - Збір деталей проекту за адресою: https://devpost.com/software/procureai-autonomous-vendor-compliance-agent-7xysr9
2026-06-22 22:18:20.497 | INFO     | src.scraper.project_detail_scraper:scrape_project_detail:23 - Збір деталей проекту за адресою: https://devpost.com/software/mros
2026-06-22 22:18:22.556 | INFO     | src.scraper.project_detail_scraper:scrape_project_detail:23 - Збір деталей проекту за адресою: https://devpost.com/software/ignite-nutrition
2026-06-22 22:18:24.646 | INFO     | src.scraper.project_detail_scraper:scrape_project_detail:23 - Збір деталей проекту за адресою: https://devpost.com/software/stasis-sw30qj
2026-06-22 22:18:26.788 | INFO     | src.scraper.project_detail_scraper:scrape_project_detail:23 - Збір деталей проекту за адресою: https://devpost.com/software/geofinance-4havmu
2026-06-22 22:18:28.617 | INFO     | src.scraper.project_detail_scraper:scrape_project_detail:23 - Збір деталей проекту за адресою: https://devpost.com/software/lc-companion-pro
2026-06-22 22:18:30.511 | INFO     | src.scraper.project_detail_scraper:scrape_project_detail:23 - Збір деталей проекту за адресою: https://devpost.com/software/edugen-ai-dl193w
2026-06-22 22:18:32.344 | INFO     | src.scraper.project_detail_scraper:scrape_project_detail:23 - Збір деталей проекту за адресою: https://devpost.com/software/chronos-cl4kiz
2026-06-22 22:18:34.330 | INFO     | src.scraper.project_detail_scraper:scrape_project_detail:23 - Збір деталей проекту за адресою: https://devpost.com/software/bloc-ht20ye
2026-06-22 22:18:36.290 | INFO     | src.scraper.project_detail_scraper:scrape_project_detail:23 - Збір деталей проекту за адресою: https://devpost.com/software/symptofit
2026-06-22 22:18:37.325 | INFO     | src.scraper.project_detail_scraper:scrape_project_detail:23 - Збір деталей проекту за адресою: https://devpost.com/software/bloomie-the-habit-tracker
2026-06-22 22:18:38.415 | INFO     | src.scraper.project_detail_scraper:scrape_project_detail:23 - Збір деталей проекту за адресою: https://devpost.com/software/mha-finance-opjq3i
2026-06-22 22:18:40.612 | INFO     | src.scraper.project_detail_scraper:scrape_project_detail:23 - Збір деталей проекту за адресою: https://devpost.com/software/dripstudio-3d-clothing-customizer
2026-06-22 22:18:41.660 | INFO     | src.scraper.project_detail_scraper:scrape_project_detail:23 - Збір деталей проекту за адресою: https://devpost.com/software/macrolens
2026-06-22 22:18:42.809 | INFO     | src.scraper.project_detail_scraper:scrape_project_detail:23 - Збір деталей проекту за адресою: https://devpost.com/software/lifequest-kw2f9d
2026-06-22 22:18:43.813 | INFO     | src.scraper.project_detail_scraper:scrape_project_detail:23 - Збір деталей проекту за адресою: https://devpost.com/software/orbit-vps-iolnd7
2026-06-22 22:18:46.333 | INFO     | src.scraper.project_detail_scraper:scrape_project_detail:23 - Збір деталей проекту за адресою: https://devpost.com/software/rudraone-koce8i
2026-06-22 22:18:48.466 | INFO     | src.scraper.project_detail_scraper:scrape_project_detail:23 - Збір деталей проекту за адресою: https://devpost.com/software/ai-resume-builder-bq6my7
2026-06-22 22:18:50.311 | INFO     | src.scraper.project_detail_scraper:scrape_project_detail:23 - Збір деталей проекту за адресою: https://devpost.com/software/medilink-ai-gho63k
2026-06-22 22:18:52.398 | INFO     | src.scraper.project_detail_scraper:scrape_project_detail:23 - Збір деталей проекту за адресою: https://devpost.com/software/pitchloop-vr
2026-06-22 22:18:54.606 | INFO     | src.scraper.project_detail_scraper:scrape_project_detail:23 - Збір деталей проекту за адресою: https://devpost.com/software/music-web-app
2026-06-22 22:18:55.633 | INFO     | src.scraper.project_detail_scraper:scrape_project_detail:23 - Збір деталей проекту за адресою: https://devpost.com/software/aeigs
2026-06-22 22:18:57.677 | INFO     | src.scraper.project_detail_scraper:scrape_project_detail:23 - Збір деталей проекту за адресою: https://devpost.com/software/video-surveillance
2026-06-22 22:18:59.816 | INFO     | src.scraper.project_detail_scraper:scrape_project_detail:23 - Збір деталей проекту за адресою: https://devpost.com/software/emotion-mirror-feel-the-room
2026-06-22 22:19:00.957 | INFO     | src.scraper.project_detail_scraper:scrape_project_detail:23 - Збір деталей проекту за адресою: https://devpost.com/software/questxp
2026-06-22 22:19:02.949 | INFO     | src.scraper.project_detail_scraper:scrape_project_detail:23 - Збір деталей проекту за адресою: https://devpost.com/software/docreplacer
2026-06-22 22:19:04.042 | INFO     | src.scraper.project_detail_scraper:scrape_project_detail:23 - Збір деталей проекту за адресою: https://devpost.com/software/ecotrade-d4hn5r
2026-06-22 22:19:05.683 | INFO     | src.scraper.project_detail_scraper:scrape_project_detail:23 - Збір деталей проекту за адресою: https://devpost.com/software/market_pulse
2026-06-22 22:19:07.783 | INFO     | src.scraper.project_detail_scraper:scrape_project_detail:23 - Збір деталей проекту за адресою: https://devpost.com/software/clearroute-laq0f9
2026-06-22 22:19:10.096 | INFO     | src.scraper.project_detail_scraper:scrape_project_detail:23 - Збір деталей проекту за адресою: https://devpost.com/software/upi_fraud_detection
2026-06-22 22:19:12.165 | INFO     | src.scraper.project_detail_scraper:scrape_project_detail:23 - Збір деталей проекту за адресою: https://devpost.com/software/crowdsenseai-bnduvk
2026-06-22 22:19:13.188 | INFO     | src.scraper.project_detail_scraper:scrape_project_detail:23 - Збір деталей проекту за адресою: https://devpost.com/software/formalsketch
2026-06-22 22:19:15.095 | INFO     | src.scraper.project_detail_scraper:scrape_project_detail:23 - Збір деталей проекту за адресою: https://devpost.com/software/steadyspoon
2026-06-22 22:19:16.182 | INFO     | src.scraper.project_detail_scraper:scrape_project_detail:23 - Збір деталей проекту за адресою: https://devpost.com/software/birdly
2026-06-22 22:19:18.221 | INFO     | src.scraper.project_detail_scraper:scrape_project_detail:23 - Збір деталей проекту за адресою: https://devpost.com/software/snippetflow
2026-06-22 22:19:20.204 | INFO     | src.scraper.project_detail_scraper:scrape_project_detail:23 - Збір деталей проекту за адресою: https://devpost.com/software/beforeyousign
2026-06-22 22:19:21.247 | INFO     | src.scraper.project_detail_scraper:scrape_project_detail:23 - Збір деталей проекту за адресою: https://devpost.com/software/solarvision-ign0ro
2026-06-22 22:19:23.487 | INFO     | src.scraper.project_detail_scraper:scrape_project_detail:23 - Збір деталей проекту за адресою: https://devpost.com/software/petrik
2026-06-22 22:19:24.561 | INFO     | src.scraper.project_detail_scraper:scrape_project_detail:23 - Збір деталей проекту за адресою: https://devpost.com/software/harbour-cmjgke
2026-06-22 22:19:26.565 | INFO     | src.scraper.project_detail_scraper:scrape_project_detail:23 - Збір деталей проекту за адресою: https://devpost.com/software/webception
2026-06-22 22:19:28.517 | INFO     | src.scraper.project_detail_scraper:scrape_project_detail:23 - Збір деталей проекту за адресою: https://devpost.com/software/agritech-ksnyz3
2026-06-22 22:19:30.471 | INFO     | src.scraper.project_detail_scraper:scrape_project_detail:23 - Збір деталей проекту за адресою: https://devpost.com/software/omegaos
2026-06-22 22:19:32.753 | INFO     | src.scraper.project_detail_scraper:scrape_project_detail:23 - Збір деталей проекту за адресою: https://devpost.com/software/module-loader
2026-06-22 22:19:34.756 | INFO     | src.scraper.project_detail_scraper:scrape_project_detail:23 - Збір деталей проекту за адресою: https://devpost.com/software/resumaker-build-your-resume-in-minutes
2026-06-22 22:19:35.837 | INFO     | src.scraper.project_detail_scraper:scrape_project_detail:23 - Збір деталей проекту за адресою: https://devpost.com/software/skygrid-energy-80erq9
2026-06-22 22:19:37.796 | INFO     | src.scraper.project_detail_scraper:scrape_project_detail:23 - Збір деталей проекту за адресою: https://devpost.com/software/havenforkids
2026-06-22 22:19:40.196 | INFO     | src.scraper.project_detail_scraper:scrape_project_detail:23 - Збір деталей проекту за адресою: https://devpost.com/software/mama-alert
2026-06-22 22:19:42.252 | INFO     | src.scraper.project_detail_scraper:scrape_project_detail:23 - Збір деталей проекту за адресою: https://devpost.com/software/elderease-accessible-healthcare-for-independent-seniors
2026-06-22 22:19:44.535 | INFO     | src.scraper.project_detail_scraper:scrape_project_detail:23 - Збір деталей проекту за адресою: https://devpost.com/software/bootheschedule
2026-06-22 22:19:46.616 | INFO     | src.scraper.project_detail_scraper:scrape_project_detail:23 - Збір деталей проекту за адресою: https://devpost.com/software/codenative-learn-to-code-in-your-native-language
2026-06-22 22:19:48.553 | INFO     | src.scraper.project_detail_scraper:scrape_project_detail:23 - Збір деталей проекту за адресою: https://devpost.com/software/dsa-tracker-bs6cfr
2026-06-22 22:19:50.474 | INFO     | src.scraper.project_detail_scraper:scrape_project_detail:23 - Збір деталей проекту за адресою: https://devpost.com/software/logiclens-knlip3
2026-06-22 22:19:52.502 | INFO     | src.scraper.project_detail_scraper:scrape_project_detail:23 - Збір деталей проекту за адресою: https://devpost.com/software/aura-games-ai-hand-tracking-console
2026-06-22 22:19:53.582 | INFO     | src.scraper.project_detail_scraper:scrape_project_detail:23 - Збір деталей проекту за адресою: https://devpost.com/software/airtouch
2026-06-22 22:19:55.517 | INFO     | src.scraper.project_detail_scraper:scrape_project_detail:23 - Збір деталей проекту за адресою: https://devpost.com/software/privacy-shield-ai
2026-06-22 22:19:57.491 | INFO     | src.scraper.project_detail_scraper:scrape_project_detail:23 - Збір деталей проекту за адресою: https://devpost.com/software/mealsaver-rm41za
2026-06-22 22:19:59.438 | INFO     | src.scraper.project_detail_scraper:scrape_project_detail:23 - Збір деталей проекту за адресою: https://devpost.com/software/nature-loves-you
2026-06-22 22:20:01.377 | INFO     | src.scraper.project_detail_scraper:scrape_project_detail:23 - Збір деталей проекту за адресою: https://devpost.com/software/trident-mi7vuk
2026-06-22 22:20:03.654 | INFO     | src.scraper.project_detail_scraper:scrape_project_detail:23 - Збір деталей проекту за адресою: https://devpost.com/software/ai-xqvgow
2026-06-22 22:20:04.709 | INFO     | src.scraper.project_detail_scraper:scrape_project_detail:23 - Збір деталей проекту за адресою: https://devpost.com/software/echo-h8ecb1
2026-06-22 22:20:06.788 | INFO     | src.scraper.project_detail_scraper:scrape_project_detail:23 - Збір деталей проекту за адресою: https://devpost.com/software/infer-ai-powered-a-b-testing-causal-inference-platform
2026-06-22 22:20:08.796 | INFO     | src.scraper.project_detail_scraper:scrape_project_detail:23 - Збір деталей проекту за адресою: https://devpost.com/software/mindmate-your-ai-mental-wellness-companion
2026-06-22 22:20:10.852 | INFO     | src.scraper.project_detail_scraper:scrape_project_detail:23 - Збір деталей проекту за адресою: https://devpost.com/software/ecotrace-lo2swp
2026-06-22 22:20:11.918 | INFO     | src.scraper.project_detail_scraper:scrape_project_detail:23 - Збір деталей проекту за адресою: https://devpost.com/software/the-new-you
2026-06-22 22:20:13.036 | INFO     | src.scraper.project_detail_scraper:scrape_project_detail:23 - Збір деталей проекту за адресою: https://devpost.com/software/stray-kind-rescuing-with-love-3mtuk5
2026-06-22 22:20:14.846 | INFO     | src.scraper.project_detail_scraper:scrape_project_detail:23 - Збір деталей проекту за адресою: https://devpost.com/software/solarai-planner
2026-06-22 22:20:16.903 | INFO     | src.scraper.project_detail_scraper:scrape_project_detail:23 - Збір деталей проекту за адресою: https://devpost.com/software/thewsnell
2026-06-22 22:20:17.950 | INFO     | src.scraper.project_detail_scraper:scrape_project_detail:23 - Збір деталей проекту за адресою: https://devpost.com/software/wakeupbuddy
2026-06-22 22:20:20.187 | INFO     | src.scraper.project_detail_scraper:scrape_project_detail:23 - Збір деталей проекту за адресою: https://devpost.com/software/shamba-smart-xoj8g7
2026-06-22 22:20:21.212 | INFO     | src.scraper.project_detail_scraper:scrape_project_detail:23 - Збір деталей проекту за адресою: https://devpost.com/software/aegis-nexus-ai-autonomous-security-copilot
2026-06-22 22:20:23.352 | INFO     | src.scraper.project_detail_scraper:scrape_project_detail:23 - Збір деталей проекту за адресою: https://devpost.com/software/ape-ai-automated-product-engineering-ai
2026-06-22 22:20:25.677 | INFO     | src.scraper.project_detail_scraper:scrape_project_detail:23 - Збір деталей проекту за адресою: https://devpost.com/software/traveloop-2v3f4i
2026-06-22 22:20:26.814 | INFO     | src.scraper.project_detail_scraper:scrape_project_detail:23 - Збір деталей проекту за адресою: https://devpost.com/software/spacebot-hunter
2026-06-22 22:20:28.512 | INFO     | src.scraper.project_detail_scraper:scrape_project_detail:23 - Збір деталей проекту за адресою: https://devpost.com/software/netra-e69304
2026-06-22 22:20:30.532 | INFO     | src.scraper.project_detail_scraper:scrape_project_detail:23 - Збір деталей проекту за адресою: https://devpost.com/software/digitalsociety-lab-2pvnbc
2026-06-22 22:20:32.724 | INFO     | src.scraper.project_detail_scraper:scrape_project_detail:23 - Збір деталей проекту за адресою: https://devpost.com/software/jumping-agent-platform
2026-06-22 22:20:34.794 | INFO     | src.scraper.project_detail_scraper:scrape_project_detail:23 - Збір деталей проекту за адресою: https://devpost.com/software/wabot-ai-powered-whatsapp-assistant-platform
2026-06-22 22:20:35.807 | INFO     | src.scraper.project_detail_scraper:scrape_project_detail:23 - Збір деталей проекту за адресою: https://devpost.com/software/skill-bridge-ihacx2
2026-06-22 22:20:36.798 | INFO     | src.scraper.project_detail_scraper:scrape_project_detail:23 - Збір деталей проекту за адресою: https://devpost.com/software/human-perception-museum-z4hrn0
2026-06-22 22:20:37.875 | INFO     | src.scraper.project_detail_scraper:scrape_project_detail:23 - Збір деталей проекту за адресою: https://devpost.com/software/dancing-queens
2026-06-22 22:20:39.746 | INFO     | src.scraper.project_detail_scraper:scrape_project_detail:23 - Збір деталей проекту за адресою: https://devpost.com/software/cura-8zr4af
2026-06-22 22:20:41.627 | INFO     | src.scraper.project_detail_scraper:scrape_project_detail:23 - Збір деталей проекту за адресою: https://devpost.com/software/accessai-gesture-os
2026-06-22 22:20:43.596 | INFO     | src.scraper.project_detail_scraper:scrape_project_detail:23 - Збір деталей проекту за адресою: https://devpost.com/software/lost-device
2026-06-22 22:20:45.535 | INFO     | src.scraper.project_detail_scraper:scrape_project_detail:23 - Збір деталей проекту за адресою: https://devpost.com/software/omniai-lzpc8v
2026-06-22 22:20:47.702 | INFO     | src.scraper.project_detail_scraper:scrape_project_detail:23 - Збір деталей проекту за адресою: https://devpost.com/software/bridgecare-o18khj
2026-06-22 22:20:48.751 | INFO     | src.scraper.project_detail_scraper:scrape_project_detail:23 - Збір деталей проекту за адресою: https://devpost.com/software/smart-attendance-management-system-ulkiv4
2026-06-22 22:20:50.636 | INFO     | src.scraper.project_detail_scraper:scrape_project_detail:23 - Збір деталей проекту за адресою: https://devpost.com/software/smart-agentic-assistive-device-4igqnw
2026-06-22 22:20:52.789 | INFO     | src.scraper.project_detail_scraper:scrape_project_detail:23 - Збір деталей проекту за адресою: https://devpost.com/software/celeb-chat-5g8st2
2026-06-22 22:20:53.840 | INFO     | src.scraper.project_detail_scraper:scrape_project_detail:23 - Збір деталей проекту за адресою: https://devpost.com/software/vaultenv-pubzyg
2026-06-22 22:20:54.869 | INFO     | src.scraper.project_detail_scraper:scrape_project_detail:23 - Збір деталей проекту за адресою: https://devpost.com/software/devlift-p5ogym
2026-06-22 22:20:55.913 | INFO     | src.scraper.project_detail_scraper:scrape_project_detail:23 - Збір деталей проекту за адресою: https://devpost.com/software/ai-document-formatter
2026-06-22 22:20:57.029 | INFO     | src.scraper.project_detail_scraper:scrape_project_detail:23 - Збір деталей проекту за адресою: https://devpost.com/software/inkr8
2026-06-22 22:20:59.074 | INFO     | src.scraper.project_detail_scraper:scrape_project_detail:23 - Збір деталей проекту за адресою: https://devpost.com/software/physix-ai-ai-agent-for-debugging-simulation-rend7p
2026-06-22 22:21:00.958 | INFO     | src.scraper.project_detail_scraper:scrape_project_detail:23 - Збір деталей проекту за адресою: https://devpost.com/software/disaster-preparedness-community-health-inventory
2026-06-22 22:21:03.243 | INFO     | src.scraper.project_detail_scraper:scrape_project_detail:23 - Збір деталей проекту за адресою: https://devpost.com/software/skill-bridge-hog5i0
2026-06-22 22:21:04.937 | INFO     | src.scraper.project_detail_scraper:scrape_project_detail:23 - Збір деталей проекту за адресою: https://devpost.com/software/skill-bridge-g6ir3f
2026-06-22 22:21:06.007 | INFO     | src.scraper.project_detail_scraper:scrape_project_detail:23 - Збір деталей проекту за адресою: https://devpost.com/software/q-tool-options-pricing-risk-analysis-engine
2026-06-22 22:21:08.058 | INFO     | src.scraper.project_detail_scraper:scrape_project_detail:23 - Збір деталей проекту за адресою: https://devpost.com/software/clippi
2026-06-22 22:21:09.886 | INFO     | src.scraper.project_detail_scraper:scrape_project_detail:23 - Збір деталей проекту за адресою: https://devpost.com/software/sprinklex
2026-06-22 22:21:11.936 | INFO     | src.scraper.project_detail_scraper:scrape_project_detail:23 - Збір деталей проекту за адресою: https://devpost.com/software/work-bright-shadowless-light-for-mechanics
2026-06-22 22:21:13.027 | INFO     | src.scraper.project_detail_scraper:scrape_project_detail:23 - Збір деталей проекту за адресою: https://devpost.com/software/scamradar-my
2026-06-22 22:21:14.946 | INFO     | src.scraper.project_detail_scraper:scrape_project_detail:23 - Збір деталей проекту за адресою: https://devpost.com/software/swasthai-guardian-zpct6d
2026-06-22 22:21:17.145 | INFO     | src.scraper.project_detail_scraper:scrape_project_detail:23 - Збір деталей проекту за адресою: https://devpost.com/software/swasthai-guardian-urzc29
2026-06-22 22:21:19.170 | INFO     | src.scraper.project_detail_scraper:scrape_project_detail:23 - Збір деталей проекту за адресою: https://devpost.com/software/manuscripta-ai
2026-06-22 22:21:20.245 | INFO     | src.scraper.project_detail_scraper:scrape_project_detail:23 - Збір деталей проекту за адресою: https://devpost.com/software/netsentinel-x1fz50
2026-06-22 22:21:22.214 | INFO     | src.scraper.project_detail_scraper:scrape_project_detail:23 - Збір деталей проекту за адресою: https://devpost.com/software/trustplate-scan-verify-trust
2026-06-22 22:21:23.304 | INFO     | src.scraper.project_detail_scraper:scrape_project_detail:23 - Збір деталей проекту за адресою: https://devpost.com/software/debatearena-2kjerb
2026-06-22 22:21:24.331 | INFO     | src.scraper.project_detail_scraper:scrape_project_detail:23 - Збір деталей проекту за адресою: https://devpost.com/software/rescuebite-mpc4o8
2026-06-22 22:21:26.451 | INFO     | src.scraper.project_detail_scraper:scrape_project_detail:23 - Збір деталей проекту за адресою: https://devpost.com/software/koda-finance
2026-06-22 22:21:27.551 | INFO     | src.scraper.project_detail_scraper:scrape_project_detail:23 - Збір деталей проекту за адресою: https://devpost.com/software/aftermind-q8y1ua
2026-06-22 22:21:28.630 | INFO     | src.scraper.project_detail_scraper:scrape_project_detail:23 - Збір деталей проекту за адресою: https://devpost.com/software/dard-ai
2026-06-22 22:21:30.869 | INFO     | src.scraper.project_detail_scraper:scrape_project_detail:23 - Збір деталей проекту за адресою: https://devpost.com/software/cogni-adapt
2026-06-22 22:21:32.294 | INFO     | src.scraper.project_detail_scraper:scrape_project_detail:23 - Збір деталей проекту за адресою: https://devpost.com/software/cure-ai
2026-06-22 22:21:34.234 | INFO     | src.scraper.project_detail_scraper:scrape_project_detail:23 - Збір деталей проекту за адресою: https://devpost.com/software/hershield-ai-tactical-responsive-safety-dashboard
2026-06-22 22:21:36.222 | INFO     | src.scraper.project_detail_scraper:scrape_project_detail:23 - Збір деталей проекту за адресою: https://devpost.com/software/marketpulse-xcqfi7
2026-06-22 22:21:38.211 | INFO     | src.scraper.project_detail_scraper:scrape_project_detail:23 - Збір деталей проекту за адресою: https://devpost.com/software/bodyspeak
2026-06-22 22:21:40.195 | INFO     | src.scraper.project_detail_scraper:scrape_project_detail:23 - Збір деталей проекту за адресою: https://devpost.com/software/scriptless-ai
2026-06-22 22:21:42.288 | INFO     | src.scraper.project_detail_scraper:scrape_project_detail:23 - Збір деталей проекту за адресою: https://devpost.com/software/filed-up
2026-06-22 22:21:43.955 | INFO     | src.scraper.project_detail_scraper:scrape_project_detail:23 - Збір деталей проекту за адресою: https://devpost.com/software/sahayaai-intelligent-learning-career-platform
2026-06-22 22:21:45.998 | INFO     | src.scraper.project_detail_scraper:scrape_project_detail:23 - Збір деталей проекту за адресою: https://devpost.com/software/ailyze
2026-06-22 22:21:48.219 | INFO     | src.scraper.project_detail_scraper:scrape_project_detail:23 - Збір деталей проекту за адресою: https://devpost.com/software/aethon-lite
2026-06-22 22:21:49.282 | INFO     | src.scraper.project_detail_scraper:scrape_project_detail:23 - Збір деталей проекту за адресою: https://devpost.com/software/studylens-1grcb6
2026-06-22 22:21:50.360 | INFO     | src.scraper.project_detail_scraper:scrape_project_detail:23 - Збір деталей проекту за адресою: https://devpost.com/software/mediq-nop156
2026-06-22 22:21:52.531 | INFO     | src.scraper.project_detail_scraper:scrape_project_detail:23 - Збір деталей проекту за адресою: https://devpost.com/software/afronative
2026-06-22 22:21:54.465 | INFO     | src.scraper.project_detail_scraper:scrape_project_detail:23 - Збір деталей проекту за адресою: https://devpost.com/software/stock-price-prediction-using-lstm-neural-networks
2026-06-22 22:21:56.407 | INFO     | src.scraper.project_detail_scraper:scrape_project_detail:23 - Збір деталей проекту за адресою: https://devpost.com/software/travelmate-elim91
2026-06-22 22:21:58.627 | INFO     | src.scraper.project_detail_scraper:scrape_project_detail:23 - Збір деталей проекту за адресою: https://devpost.com/software/something-te39a7
2026-06-22 22:22:00.672 | INFO     | src.scraper.project_detail_scraper:scrape_project_detail:23 - Збір деталей проекту за адресою: https://devpost.com/software/farmconnect-1v4imf
2026-06-22 22:22:02.546 | INFO     | src.scraper.project_detail_scraper:scrape_project_detail:23 - Збір деталей проекту за адресою: https://devpost.com/software/lorebound
2026-06-22 22:22:04.539 | INFO     | src.scraper.project_detail_scraper:scrape_project_detail:23 - Збір деталей проекту за адресою: https://devpost.com/software/mediscan-ai-o1uc8x
2026-06-22 22:22:06.561 | INFO     | src.scraper.project_detail_scraper:scrape_project_detail:23 - Збір деталей проекту за адресою: https://devpost.com/software/anther
2026-06-22 22:22:07.701 | INFO     | src.scraper.project_detail_scraper:scrape_project_detail:23 - Збір деталей проекту за адресою: https://devpost.com/software/prosperity-empire
2026-06-22 22:22:10.080 | INFO     | src.scraper.project_detail_scraper:scrape_project_detail:23 - Збір деталей проекту за адресою: https://devpost.com/software/neurobin-smart-waste-segregator-vd5j9x
2026-06-22 22:22:12.530 | INFO     | src.scraper.project_detail_scraper:scrape_project_detail:23 - Збір деталей проекту за адресою: https://devpost.com/software/carbonmind
2026-06-22 22:22:14.546 | INFO     | src.scraper.project_detail_scraper:scrape_project_detail:23 - Збір деталей проекту за адресою: https://devpost.com/software/devvapp
2026-06-22 22:22:16.502 | INFO     | src.scraper.project_detail_scraper:scrape_project_detail:23 - Збір деталей проекту за адресою: https://devpost.com/software/sentinelai-8rsl76
2026-06-22 22:22:18.578 | INFO     | src.scraper.project_detail_scraper:scrape_project_detail:23 - Збір деталей проекту за адресою: https://devpost.com/software/improv-dorqst
2026-06-22 22:22:20.392 | INFO     | src.scraper.project_detail_scraper:scrape_project_detail:23 - Збір деталей проекту за адресою: https://devpost.com/software/dyslexic-friendly-reader-mawnp6
2026-06-22 22:22:22.374 | INFO     | src.scraper.project_detail_scraper:scrape_project_detail:23 - Збір деталей проекту за адресою: https://devpost.com/software/cognito-x0ufbn
2026-06-22 22:22:24.423 | INFO     | src.scraper.project_detail_scraper:scrape_project_detail:23 - Збір деталей проекту за адресою: https://devpost.com/software/dosebell
2026-06-22 22:22:25.592 | INFO     | src.scraper.project_detail_scraper:scrape_project_detail:23 - Збір деталей проекту за адресою: https://devpost.com/software/civil-ai-studio
2026-06-22 22:22:26.685 | INFO     | src.scraper.project_detail_scraper:scrape_project_detail:23 - Збір деталей проекту за адресою: https://devpost.com/software/clearcare-healthcare-decision-intelligence
2026-06-22 22:22:28.849 | INFO     | src.scraper.project_detail_scraper:scrape_project_detail:23 - Збір деталей проекту за адресою: https://devpost.com/software/nextstep-care
2026-06-22 22:22:31.309 | INFO     | src.scraper.project_detail_scraper:scrape_project_detail:23 - Збір деталей проекту за адресою: https://devpost.com/software/learning-organizer-ai-powered-video-learning-platform-1fdwl6
2026-06-22 22:22:33.405 | INFO     | src.scraper.project_detail_scraper:scrape_project_detail:23 - Збір деталей проекту за адресою: https://devpost.com/software/moldmatch
2026-06-22 22:22:34.522 | INFO     | src.scraper.project_detail_scraper:scrape_project_detail:23 - Збір деталей проекту за адресою: https://devpost.com/software/chat-moderation-system
2026-06-22 22:22:37.104 | INFO     | src.scraper.project_detail_scraper:scrape_project_detail:23 - Збір деталей проекту за адресою: https://devpost.com/software/clonbrow
2026-06-22 22:22:39.188 | INFO     | src.scraper.project_detail_scraper:scrape_project_detail:23 - Збір деталей проекту за адресою: https://devpost.com/software/moodmap-sf75x6
2026-06-22 22:22:40.337 | INFO     | src.scraper.project_detail_scraper:scrape_project_detail:23 - Збір деталей проекту за адресою: https://devpost.com/software/abc-zemxv5
2026-06-22 22:22:41.444 | INFO     | src.scraper.project_detail_scraper:scrape_project_detail:23 - Збір деталей проекту за адресою: https://devpost.com/software/memoir-7xueth
2026-06-22 22:22:42.947 | INFO     | src.scraper.project_detail_scraper:scrape_project_detail:23 - Збір деталей проекту за адресою: https://devpost.com/software/sahelmesh
2026-06-22 22:22:44.838 | INFO     | src.scraper.project_detail_scraper:scrape_project_detail:23 - Збір деталей проекту за адресою: https://devpost.com/software/accessvoice-ai
2026-06-22 22:22:46.867 | INFO     | src.scraper.project_detail_scraper:scrape_project_detail:23 - Збір деталей проекту за адресою: https://devpost.com/software/ev-grid-intelligence-system
2026-06-22 22:22:48.770 | INFO     | src.scraper.project_detail_scraper:scrape_project_detail:23 - Збір деталей проекту за адресою: https://devpost.com/software/blinkai-fhq8js
2026-06-22 22:22:50.754 | INFO     | src.scraper.project_detail_scraper:scrape_project_detail:23 - Збір деталей проекту за адресою: https://devpost.com/software/kozai
2026-06-22 22:22:52.813 | INFO     | src.scraper.project_detail_scraper:scrape_project_detail:23 - Збір деталей проекту за адресою: https://devpost.com/software/kindvoiceua
2026-06-22 22:22:53.857 | INFO     | src.scraper.project_detail_scraper:scrape_project_detail:23 - Збір деталей проекту за адресою: https://devpost.com/software/campus-carry
2026-06-22 22:22:55.942 | INFO     | src.scraper.project_detail_scraper:scrape_project_detail:23 - Збір деталей проекту за адресою: https://devpost.com/software/mr-blueprint-sumi2x
2026-06-22 22:22:58.439 | INFO     | src.scraper.project_detail_scraper:scrape_project_detail:23 - Збір деталей проекту за адресою: https://devpost.com/software/echo-access
2026-06-22 22:23:00.382 | INFO     | src.scraper.project_detail_scraper:scrape_project_detail:23 - Збір деталей проекту за адресою: https://devpost.com/software/empathia-pds7qu
2026-06-22 22:23:01.471 | INFO     | src.scraper.project_detail_scraper:scrape_project_detail:23 - Збір деталей проекту за адресою: https://devpost.com/software/intervai-3k7m9a
2026-06-22 22:23:02.607 | INFO     | src.scraper.project_detail_scraper:scrape_project_detail:23 - Збір деталей проекту за адресою: https://devpost.com/software/foodbridge-ctbjs1
2026-06-22 22:23:04.465 | INFO     | src.scraper.project_detail_scraper:scrape_project_detail:23 - Збір деталей проекту за адресою: https://devpost.com/software/ai-cursor-guide
2026-06-22 22:23:06.603 | INFO     | src.scraper.project_detail_scraper:scrape_project_detail:23 - Збір деталей проекту за адресою: https://devpost.com/software/project-iris-edge-ai-aac-platform
2026-06-22 22:23:08.938 | INFO     | src.scraper.project_detail_scraper:scrape_project_detail:23 - Збір деталей проекту за адресою: https://devpost.com/software/mirror-tarot-as-a-mirror-for-self-observation
2026-06-22 22:23:10.042 | INFO     | src.scraper.project_detail_scraper:scrape_project_detail:23 - Збір деталей проекту за адресою: https://devpost.com/software/z3r0-nrkaox
2026-06-22 22:23:11.950 | INFO     | src.scraper.project_detail_scraper:scrape_project_detail:23 - Збір деталей проекту за адресою: https://devpost.com/software/community-aid-hub
2026-06-22 22:23:13.813 | INFO     | src.scraper.project_detail_scraper:scrape_project_detail:23 - Збір деталей проекту за адресою: https://devpost.com/software/haikumirror
2026-06-22 22:23:14.869 | INFO     | src.scraper.project_detail_scraper:scrape_project_detail:23 - Збір деталей проекту за адресою: https://devpost.com/software/agentos-njf8gh
2026-06-22 22:23:17.387 | INFO     | src.scraper.project_detail_scraper:scrape_project_detail:23 - Збір деталей проекту за адресою: https://devpost.com/software/sockt-3cft0d
2026-06-22 22:23:19.309 | INFO     | src.scraper.project_detail_scraper:scrape_project_detail:23 - Збір деталей проекту за адресою: https://devpost.com/software/drive-fleet-a-modern-vehicle-booking-management-portal
2026-06-22 22:23:21.379 | INFO     | src.scraper.project_detail_scraper:scrape_project_detail:23 - Збір деталей проекту за адресою: https://devpost.com/software/mood-map-567bqj
2026-06-22 22:23:22.402 | INFO     | src.scraper.project_detail_scraper:scrape_project_detail:23 - Збір деталей проекту за адресою: https://devpost.com/software/couponvault
2026-06-22 22:23:24.478 | INFO     | src.scraper.project_detail_scraper:scrape_project_detail:23 - Збір деталей проекту за адресою: https://devpost.com/software/gyanintent
2026-06-22 22:23:26.394 | INFO     | src.scraper.project_detail_scraper:scrape_project_detail:23 - Збір деталей проекту за адресою: https://devpost.com/software/rachnaksh
2026-06-22 22:23:27.490 | INFO     | src.scraper.project_detail_scraper:scrape_project_detail:23 - Збір деталей проекту за адресою: https://devpost.com/software/road-sos-xlefdh
2026-06-22 22:23:29.738 | INFO     | src.scraper.project_detail_scraper:scrape_project_detail:23 - Збір деталей проекту за адресою: https://devpost.com/software/hoot-h6mcf4
2026-06-22 22:23:31.794 | INFO     | src.scraper.project_detail_scraper:scrape_project_detail:23 - Збір деталей проекту за адресою: https://devpost.com/software/deadlinesnap-ai-deadline-extractor-reminder-extension
2026-06-22 22:23:32.931 | INFO     | src.scraper.project_detail_scraper:scrape_project_detail:23 - Збір деталей проекту за адресою: https://devpost.com/software/atlas-ember-travel-guide-generator-5jxh4p
2026-06-22 22:23:34.114 | INFO     | src.scraper.project_detail_scraper:scrape_project_detail:23 - Збір деталей проекту за адресою: https://devpost.com/software/resqai-fully-offline-ai-emergency-survival-assistant
2026-06-22 22:23:36.196 | INFO     | src.scraper.project_detail_scraper:scrape_project_detail:23 - Збір деталей проекту за адресою: https://devpost.com/software/autoyolo-neural-intelligence-platform
2026-06-22 22:23:38.228 | INFO     | src.scraper.project_detail_scraper:scrape_project_detail:23 - Збір деталей проекту за адресою: https://devpost.com/software/rev-ai-the-code-reviewer-dcl4iw
2026-06-22 22:23:40.366 | INFO     | src.scraper.project_detail_scraper:scrape_project_detail:23 - Збір деталей проекту за адресою: https://devpost.com/software/first_project-vik4mu
2026-06-22 22:23:42.517 | INFO     | src.scraper.project_detail_scraper:scrape_project_detail:23 - Збір деталей проекту за адресою: https://devpost.com/software/daily-sage-kys4r1
2026-06-22 22:23:44.528 | INFO     | src.scraper.project_detail_scraper:scrape_project_detail:23 - Збір деталей проекту за адресою: https://devpost.com/software/microbeat-accessible-tech-for-motor-cognitive-rehab
2026-06-22 22:23:46.696 | INFO     | src.scraper.project_detail_scraper:scrape_project_detail:23 - Збір деталей проекту за адресою: https://devpost.com/software/skillswap-bk5eqv
2026-06-22 22:23:47.796 | INFO     | src.scraper.project_detail_scraper:scrape_project_detail:23 - Збір деталей проекту за адресою: https://devpost.com/software/vani-5qfbp1
2026-06-22 22:23:50.057 | INFO     | src.scraper.project_detail_scraper:scrape_project_detail:23 - Збір деталей проекту за адресою: https://devpost.com/software/racepulse
2026-06-22 22:23:52.366 | INFO     | src.scraper.project_detail_scraper:scrape_project_detail:23 - Збір деталей проекту за адресою: https://devpost.com/software/learnflow-aj4yi7
2026-06-22 22:23:54.508 | INFO     | src.scraper.project_detail_scraper:scrape_project_detail:23 - Збір деталей проекту за адресою: https://devpost.com/software/querybot
2026-06-22 22:23:56.762 | INFO     | src.scraper.project_detail_scraper:scrape_project_detail:23 - Збір деталей проекту за адресою: https://devpost.com/software/tasky-your-productivity-pal
2026-06-22 22:23:58.505 | INFO     | src.scraper.project_detail_scraper:scrape_project_detail:23 - Збір деталей проекту за адресою: https://devpost.com/software/ai-legal-document-advisor
2026-06-22 22:24:00.105 | INFO     | src.scraper.project_detail_scraper:scrape_project_detail:23 - Збір деталей проекту за адресою: https://devpost.com/software/the-new-you-lfu17v
2026-06-22 22:24:01.329 | INFO     | src.scraper.project_detail_scraper:scrape_project_detail:23 - Збір деталей проекту за адресою: https://devpost.com/software/clariai
2026-06-22 22:24:02.447 | INFO     | src.scraper.project_detail_scraper:scrape_project_detail:23 - Збір деталей проекту за адресою: https://devpost.com/software/abroados
2026-06-22 22:24:04.146 | INFO     | src.scraper.project_detail_scraper:scrape_project_detail:23 - Збір деталей проекту за адресою: https://devpost.com/software/robosustain
2026-06-22 22:24:05.309 | INFO     | src.scraper.project_detail_scraper:scrape_project_detail:23 - Збір деталей проекту за адресою: https://devpost.com/software/politicon-1odwrb
2026-06-22 22:24:06.421 | INFO     | src.scraper.project_detail_scraper:scrape_project_detail:23 - Збір деталей проекту за адресою: https://devpost.com/software/gemini-wealthplanner-v1
2026-06-22 22:24:08.408 | INFO     | src.scraper.project_detail_scraper:scrape_project_detail:23 - Збір деталей проекту за адресою: https://devpost.com/software/questxp-wayr37
2026-06-22 22:24:10.284 | INFO     | src.scraper.project_detail_scraper:scrape_project_detail:23 - Збір деталей проекту за адресою: https://devpost.com/software/name-change
2026-06-22 22:24:12.579 | INFO     | src.scraper.project_detail_scraper:scrape_project_detail:23 - Збір деталей проекту за адресою: https://devpost.com/software/planix-kf4qtw
2026-06-22 22:24:14.697 | INFO     | src.scraper.project_detail_scraper:scrape_project_detail:23 - Збір деталей проекту за адресою: https://devpost.com/software/sentinelnet-ai-defended-secure-communication-platform
2026-06-22 22:24:16.858 | INFO     | src.scraper.project_detail_scraper:scrape_project_detail:23 - Збір деталей проекту за адресою: https://devpost.com/software/aeris-ai-ai1nmr
2026-06-22 22:24:18.829 | INFO     | src.scraper.project_detail_scraper:scrape_project_detail:23 - Збір деталей проекту за адресою: https://devpost.com/software/pro_compose
2026-06-22 22:24:20.720 | INFO     | src.scraper.project_detail_scraper:scrape_project_detail:23 - Збір деталей проекту за адресою: https://devpost.com/software/chatrix-4laej1
2026-06-22 22:24:21.812 | INFO     | src.scraper.project_detail_scraper:scrape_project_detail:23 - Збір деталей проекту за адресою: https://devpost.com/software/killbill-wam45d
2026-06-22 22:24:23.852 | INFO     | src.scraper.project_detail_scraper:scrape_project_detail:23 - Збір деталей проекту за адресою: https://devpost.com/software/habitforge-ai-smart-habit-tracker-with-future-you-simulator
2026-06-22 22:24:25.531 | INFO     | src.scraper.project_detail_scraper:scrape_project_detail:23 - Збір деталей проекту за адресою: https://devpost.com/software/campusos-szgvjo
2026-06-22 22:24:26.643 | INFO     | src.scraper.project_detail_scraper:scrape_project_detail:23 - Збір деталей проекту за адресою: https://devpost.com/software/vanguard-defi-credit-markets-for-real-world-trade
2026-06-22 22:24:28.811 | INFO     | src.scraper.project_detail_scraper:scrape_project_detail:23 - Збір деталей проекту за адресою: https://devpost.com/software/smart-study-companion-for-student-burnout-prevention
2026-06-22 22:24:30.828 | INFO     | src.scraper.project_detail_scraper:scrape_project_detail:23 - Збір деталей проекту за адресою: https://devpost.com/software/trustloop-mizt9y
2026-06-22 22:24:32.753 | INFO     | src.scraper.project_detail_scraper:scrape_project_detail:23 - Збір деталей проекту за адресою: https://devpost.com/software/smart-note-organiser
2026-06-22 22:24:34.817 | INFO     | src.scraper.project_detail_scraper:scrape_project_detail:23 - Збір деталей проекту за адресою: https://devpost.com/software/effortx
2026-06-22 22:24:36.613 | INFO     | src.scraper.project_detail_scraper:scrape_project_detail:23 - Збір деталей проекту за адресою: https://devpost.com/software/aurafit-wcz8xv
2026-06-22 22:24:38.535 | INFO     | src.scraper.project_detail_scraper:scrape_project_detail:23 - Збір деталей проекту за адресою: https://devpost.com/software/thread-ai-sti7ju
2026-06-22 22:24:40.740 | INFO     | src.scraper.project_detail_scraper:scrape_project_detail:23 - Збір деталей проекту за адресою: https://devpost.com/software/vralytics
2026-06-22 22:24:43.081 | INFO     | src.scraper.project_detail_scraper:scrape_project_detail:23 - Збір деталей проекту за адресою: https://devpost.com/software/safepath-nj0bap
2026-06-22 22:24:44.166 | INFO     | src.scraper.project_detail_scraper:scrape_project_detail:23 - Збір деталей проекту за адресою: https://devpost.com/software/sustain-a-thon
2026-06-22 22:24:47.139 | INFO     | src.scraper.project_detail_scraper:scrape_project_detail:23 - Збір деталей проекту за адресою: https://devpost.com/software/orion-ai-zat86j
2026-06-22 22:24:49.064 | INFO     | src.scraper.project_detail_scraper:scrape_project_detail:23 - Збір деталей проекту за адресою: https://devpost.com/software/airquality-tracker
2026-06-22 22:24:50.216 | INFO     | src.scraper.project_detail_scraper:scrape_project_detail:23 - Збір деталей проекту за адресою: https://devpost.com/software/pulsefit-arena
2026-06-22 22:24:52.327 | INFO     | src.scraper.project_detail_scraper:scrape_project_detail:23 - Збір деталей проекту за адресою: https://devpost.com/software/harmony-wellness
2026-06-22 22:24:53.376 | INFO     | src.scraper.project_detail_scraper:scrape_project_detail:23 - Збір деталей проекту за адресою: https://devpost.com/software/new-leaf-ngmfok
2026-06-22 22:24:55.381 | INFO     | src.scraper.project_detail_scraper:scrape_project_detail:23 - Збір деталей проекту за адресою: https://devpost.com/software/nmap-simplifier
2026-06-22 22:24:56.536 | INFO     | src.scraper.project_detail_scraper:scrape_project_detail:23 - Збір деталей проекту за адресою: https://devpost.com/software/stonkify
2026-06-22 22:24:58.614 | INFO     | src.scraper.project_detail_scraper:scrape_project_detail:23 - Збір деталей проекту за адресою: https://devpost.com/software/comic-con-flair-themed-portfolio
2026-06-22 22:25:01.460 | INFO     | src.scraper.project_detail_scraper:scrape_project_detail:23 - Збір деталей проекту за адресою: https://devpost.com/software/earth-s-story-an-anime-sustainability-inspired-journey
2026-06-22 22:25:04.100 | INFO     | src.scraper.project_detail_scraper:scrape_project_detail:23 - Збір деталей проекту за адресою: https://devpost.com/software/trana
2026-06-22 22:25:06.129 | INFO     | src.scraper.project_detail_scraper:scrape_project_detail:23 - Збір деталей проекту за адресою: https://devpost.com/software/wayfinder-p768ak
2026-06-22 22:25:07.682 | INFO     | src.scraper.project_detail_scraper:scrape_project_detail:23 - Збір деталей проекту за адресою: https://devpost.com/software/collage-stater-ai-rluhif
2026-06-22 22:25:09.836 | INFO     | src.scraper.project_detail_scraper:scrape_project_detail:23 - Збір деталей проекту за адресою: https://devpost.com/software/envirogen
2026-06-22 22:25:11.184 | INFO     | src.scraper.project_detail_scraper:scrape_project_detail:23 - Збір деталей проекту за адресою: https://devpost.com/software/safezam-intelligence-platform
2026-06-22 22:25:12.489 | INFO     | src.scraper.project_detail_scraper:scrape_project_detail:23 - Збір деталей проекту за адресою: https://devpost.com/software/safereturnai
2026-06-22 22:25:14.639 | INFO     | src.scraper.project_detail_scraper:scrape_project_detail:23 - Збір деталей проекту за адресою: https://devpost.com/software/apex-51g2z9
2026-06-22 22:25:16.902 | INFO     | src.scraper.project_detail_scraper:scrape_project_detail:23 - Збір деталей проекту за адресою: https://devpost.com/software/besafe-02ew5i
2026-06-22 22:25:19.009 | INFO     | src.scraper.project_detail_scraper:scrape_project_detail:23 - Збір деталей проекту за адресою: https://devpost.com/software/studymate-ng
2026-06-22 22:25:20.221 | INFO     | src.scraper.project_detail_scraper:scrape_project_detail:23 - Збір деталей проекту за адресою: https://devpost.com/software/learnyos-f3l18p
2026-06-22 22:25:22.574 | INFO     | src.scraper.project_detail_scraper:scrape_project_detail:23 - Збір деталей проекту за адресою: https://devpost.com/software/watcher-e15v63
2026-06-22 22:25:23.803 | INFO     | src.scraper.project_detail_scraper:scrape_project_detail:23 - Збір деталей проекту за адресою: https://devpost.com/software/futureself-ai
2026-06-22 22:25:26.048 | INFO     | src.scraper.project_detail_scraper:scrape_project_detail:23 - Збір деталей проекту за адресою: https://devpost.com/software/e-menu-portal
2026-06-22 22:25:28.185 | INFO     | src.scraper.project_detail_scraper:scrape_project_detail:23 - Збір деталей проекту за адресою: https://devpost.com/software/screencaft-ai
2026-06-22 22:25:29.244 | INFO     | src.scraper.project_detail_scraper:scrape_project_detail:23 - Збір деталей проекту за адресою: https://devpost.com/software/centsable-personal-finance-for-teens
2026-06-22 22:25:31.992 | INFO     | src.scraper.project_detail_scraper:scrape_project_detail:23 - Збір деталей проекту за адресою: https://devpost.com/software/fraudlens-m1q89v
2026-06-22 22:25:33.752 | INFO     | src.scraper.project_detail_scraper:scrape_project_detail:23 - Збір деталей проекту за адресою: https://devpost.com/software/aether-flow-autonomous-ai-data-intelligence-platform
2026-06-22 22:25:34.850 | INFO     | src.scraper.project_detail_scraper:scrape_project_detail:23 - Збір деталей проекту за адресою: https://devpost.com/software/canopy-7oxj3t
2026-06-22 22:25:36.756 | INFO     | src.scraper.project_detail_scraper:scrape_project_detail:23 - Збір деталей проекту за адресою: https://devpost.com/software/guardsight
2026-06-22 22:25:39.163 | INFO     | src.scraper.project_detail_scraper:scrape_project_detail:23 - Збір деталей проекту за адресою: https://devpost.com/software/tray
2026-06-22 22:25:40.250 | INFO     | src.scraper.project_detail_scraper:scrape_project_detail:23 - Збір деталей проекту за адресою: https://devpost.com/software/omnisprint
2026-06-22 22:25:42.338 | INFO     | src.scraper.project_detail_scraper:scrape_project_detail:23 - Збір деталей проекту за адресою: https://devpost.com/software/devcollab-gwt0la
2026-06-22 22:25:44.550 | INFO     | src.scraper.project_detail_scraper:scrape_project_detail:23 - Збір деталей проекту за адресою: https://devpost.com/software/ecoloop-wtakmn
2026-06-22 22:25:45.645 | INFO     | src.scraper.project_detail_scraper:scrape_project_detail:23 - Збір деталей проекту за адресою: https://devpost.com/software/astrovault-rlaokb
2026-06-22 22:25:47.828 | INFO     | src.scraper.project_detail_scraper:scrape_project_detail:23 - Збір деталей проекту за адресою: https://devpost.com/software/hustleai
2026-06-22 22:25:49.046 | INFO     | src.scraper.project_detail_scraper:scrape_project_detail:23 - Збір деталей проекту за адресою: https://devpost.com/software/itaqiz-agentverse
2026-06-22 22:25:51.142 | INFO     | src.scraper.project_detail_scraper:scrape_project_detail:23 - Збір деталей проекту за адресою: https://devpost.com/software/ai-council-for-enterprise
2026-06-22 22:25:53.336 | INFO     | src.scraper.project_detail_scraper:scrape_project_detail:23 - Збір деталей проекту за адресою: https://devpost.com/software/viz-lens-zj8mor
2026-06-22 22:25:54.421 | INFO     | src.scraper.project_detail_scraper:scrape_project_detail:23 - Збір деталей проекту за адресою: https://devpost.com/software/reactech-virtual-chemistry-lab-9r1jfw
2026-06-22 22:25:55.533 | INFO     | src.scraper.project_detail_scraper:scrape_project_detail:23 - Збір деталей проекту за адресою: https://devpost.com/software/collaborative-code-snippet-library-web-app
2026-06-22 22:25:56.700 | INFO     | src.scraper.project_detail_scraper:scrape_project_detail:23 - Збір деталей проекту за адресою: https://devpost.com/software/zeo-ai-zqfmon
2026-06-22 22:25:58.718 | INFO     | src.scraper.project_detail_scraper:scrape_project_detail:23 - Збір деталей проекту за адресою: https://devpost.com/software/healthtwin-guardian-ai-o1x7kg
2026-06-22 22:26:00.674 | INFO     | src.scraper.project_detail_scraper:scrape_project_detail:23 - Збір деталей проекту за адресою: https://devpost.com/software/fundsync
2026-06-22 22:26:02.704 | INFO     | src.scraper.project_detail_scraper:scrape_project_detail:23 - Збір деталей проекту за адресою: https://devpost.com/software/civiclens-ai-predictive-intelligence-for-smart-cities-5hevgj
2026-06-22 22:26:05.004 | INFO     | src.scraper.project_detail_scraper:scrape_project_detail:23 - Збір деталей проекту за адресою: https://devpost.com/software/memo-graph-a1ungo
2026-06-22 22:26:06.967 | INFO     | src.scraper.project_detail_scraper:scrape_project_detail:23 - Збір деталей проекту за адресою: https://devpost.com/software/careerai-vmcwyz
2026-06-22 22:26:09.456 | INFO     | src.scraper.project_detail_scraper:scrape_project_detail:23 - Збір деталей проекту за адресою: https://devpost.com/software/an-ai-powered-student-mental-health-companion
2026-06-22 22:26:10.520 | INFO     | src.scraper.project_detail_scraper:scrape_project_detail:23 - Збір деталей проекту за адресою: https://devpost.com/software/govtrust-transparent-governance-infrastructure
2026-06-22 22:26:12.474 | INFO     | src.scraper.project_detail_scraper:scrape_project_detail:23 - Збір деталей проекту за адресою: https://devpost.com/software/firstfix-edge-master
2026-06-22 22:26:14.501 | INFO     | src.scraper.project_detail_scraper:scrape_project_detail:23 - Збір деталей проекту за адресою: https://devpost.com/software/carenexa
2026-06-22 22:26:15.807 | INFO     | src.scraper.project_detail_scraper:scrape_project_detail:23 - Збір деталей проекту за адресою: https://devpost.com/software/three-pictures-j958zq
2026-06-22 22:26:16.986 | INFO     | src.scraper.project_detail_scraper:scrape_project_detail:23 - Збір деталей проекту за адресою: https://devpost.com/software/areapulse-f4adlm
2026-06-22 22:26:18.137 | INFO     | src.scraper.project_detail_scraper:scrape_project_detail:23 - Збір деталей проекту за адресою: https://devpost.com/software/gateflow-qr-based-access-control
2026-06-22 22:26:19.430 | INFO     | src.scraper.project_detail_scraper:scrape_project_detail:23 - Збір деталей проекту за адресою: https://devpost.com/software/analyzeup
2026-06-22 22:26:20.649 | INFO     | src.scraper.project_detail_scraper:scrape_project_detail:23 - Збір деталей проекту за адресою: https://devpost.com/software/craving-lol
2026-06-22 22:26:22.401 | INFO     | src.scraper.project_detail_scraper:scrape_project_detail:23 - Збір деталей проекту за адресою: https://devpost.com/software/securevista
2026-06-22 22:26:25.003 | INFO     | src.scraper.project_detail_scraper:scrape_project_detail:23 - Збір деталей проекту за адресою: https://devpost.com/software/queue-management
2026-06-22 22:26:26.135 | INFO     | src.scraper.project_detail_scraper:scrape_project_detail:23 - Збір деталей проекту за адресою: https://devpost.com/software/distributed-reliable-message-queue
2026-06-22 22:26:28.545 | INFO     | src.scraper.project_detail_scraper:scrape_project_detail:23 - Збір деталей проекту за адресою: https://devpost.com/software/usaid-jzow5s
2026-06-22 22:26:30.442 | INFO     | src.scraper.project_detail_scraper:scrape_project_detail:23 - Збір деталей проекту за адресою: https://devpost.com/software/braillebridge-0iyksq
2026-06-22 22:26:32.539 | INFO     | src.scraper.project_detail_scraper:scrape_project_detail:23 - Збір деталей проекту за адресою: https://devpost.com/software/proofgarden-nextgenhacks
2026-06-22 22:26:34.635 | INFO     | src.scraper.project_detail_scraper:scrape_project_detail:23 - Збір деталей проекту за адресою: https://devpost.com/software/cyberkidsecure
2026-06-22 22:26:35.942 | INFO     | src.scraper.project_detail_scraper:scrape_project_detail:23 - Збір деталей проекту за адресою: https://devpost.com/software/sustainability-tracker-w7ixtj
2026-06-22 22:26:38.196 | INFO     | src.scraper.project_detail_scraper:scrape_project_detail:23 - Збір деталей проекту за адресою: https://devpost.com/software/arafat-healthai
2026-06-22 22:26:39.832 | INFO     | src.scraper.project_detail_scraper:scrape_project_detail:23 - Збір деталей проекту за адресою: https://devpost.com/software/symptomweave-ai
2026-06-22 22:26:41.066 | INFO     | src.scraper.project_detail_scraper:scrape_project_detail:23 - Збір деталей проекту за адресою: https://devpost.com/software/echo-i7hly8
2026-06-22 22:26:43.442 | INFO     | src.scraper.project_detail_scraper:scrape_project_detail:23 - Збір деталей проекту за адресою: https://devpost.com/software/cardioai-yke1m4
2026-06-22 22:26:45.924 | INFO     | src.scraper.project_detail_scraper:scrape_project_detail:23 - Збір деталей проекту за адресою: https://devpost.com/software/falseflag
2026-06-22 22:26:48.473 | INFO     | src.scraper.project_detail_scraper:scrape_project_detail:23 - Збір деталей проекту за адресою: https://devpost.com/software/aloud-c6qsgr
2026-06-22 22:26:50.865 | INFO     | src.scraper.project_detail_scraper:scrape_project_detail:23 - Збір деталей проекту за адресою: https://devpost.com/software/mediq-ai-healthcare-intake-triage-platform
2026-06-22 22:26:52.909 | INFO     | src.scraper.project_detail_scraper:scrape_project_detail:23 - Збір деталей проекту за адресою: https://devpost.com/software/fifa-fanfest
2026-06-22 22:26:54.767 | INFO     | src.scraper.project_detail_scraper:scrape_project_detail:23 - Збір деталей проекту за адресою: https://devpost.com/software/axomed-prototype-1
2026-06-22 22:26:57.029 | INFO     | src.scraper.project_detail_scraper:scrape_project_detail:23 - Збір деталей проекту за адресою: https://devpost.com/software/armetal-cn5f4a
2026-06-22 22:26:58.054 | INFO     | src.scraper.project_detail_scraper:scrape_project_detail:23 - Збір деталей проекту за адресою: https://devpost.com/software/firstfix-edge-master-uc0z3n
2026-06-22 22:26:59.990 | INFO     | src.scraper.project_detail_scraper:scrape_project_detail:23 - Збір деталей проекту за адресою: https://devpost.com/software/chalk-205liu
2026-06-22 22:27:01.881 | INFO     | src.scraper.project_detail_scraper:scrape_project_detail:23 - Збір деталей проекту за адресою: https://devpost.com/software/outsurance
2026-06-22 22:27:03.064 | INFO     | src.scraper.project_detail_scraper:scrape_project_detail:23 - Збір деталей проекту за адресою: https://devpost.com/software/vivian-78wpm9
2026-06-22 22:27:05.488 | INFO     | src.scraper.project_detail_scraper:scrape_project_detail:23 - Збір деталей проекту за адресою: https://devpost.com/software/can-you-survived-10-days-to-payday
2026-06-22 22:27:07.457 | INFO     | src.scraper.project_detail_scraper:scrape_project_detail:23 - Збір деталей проекту за адресою: https://devpost.com/software/civora
2026-06-22 22:27:09.703 | INFO     | src.scraper.project_detail_scraper:scrape_project_detail:23 - Збір деталей проекту за адресою: https://devpost.com/software/neuroflow-ai-m4h6pi
2026-06-22 22:27:11.732 | INFO     | src.scraper.project_detail_scraper:scrape_project_detail:23 - Збір деталей проекту за адресою: https://devpost.com/software/proofsift
2026-06-22 22:27:14.151 | INFO     | src.scraper.project_detail_scraper:scrape_project_detail:23 - Збір деталей проекту за адресою: https://devpost.com/software/nexusai-autonomous-fintech-command-center
2026-06-22 22:27:16.089 | INFO     | src.scraper.project_detail_scraper:scrape_project_detail:23 - Збір деталей проекту за адресою: https://devpost.com/software/shipsense
2026-06-22 22:27:18.146 | INFO     | src.scraper.project_detail_scraper:scrape_project_detail:23 - Збір деталей проекту за адресою: https://devpost.com/software/nivesh-ai
2026-06-22 22:27:20.215 | INFO     | src.scraper.project_detail_scraper:scrape_project_detail:23 - Збір деталей проекту за адресою: https://devpost.com/software/shieldnet-cagprz
2026-06-22 22:27:22.616 | INFO     | src.scraper.project_detail_scraper:scrape_project_detail:23 - Збір деталей проекту за адресою: https://devpost.com/software/fin-wise-o9p4av
2026-06-22 22:27:25.105 | INFO     | src.scraper.project_detail_scraper:scrape_project_detail:23 - Збір деталей проекту за адресою: https://devpost.com/software/vera-your-anchor
2026-06-22 22:27:26.965 | INFO     | src.scraper.project_detail_scraper:scrape_project_detail:23 - Збір деталей проекту за адресою: https://devpost.com/software/neeshant-interactive-physics-e-book-system-2026-m9ozbu
2026-06-22 22:27:29.112 | INFO     | src.scraper.project_detail_scraper:scrape_project_detail:23 - Збір деталей проекту за адресою: https://devpost.com/software/haqdar-a1ecsu
2026-06-22 22:27:31.275 | INFO     | src.scraper.project_detail_scraper:scrape_project_detail:23 - Збір деталей проекту за адресою: https://devpost.com/software/justsayit
2026-06-22 22:27:33.351 | INFO     | src.scraper.project_detail_scraper:scrape_project_detail:23 - Збір деталей проекту за адресою: https://devpost.com/software/meridian-169rz3
2026-06-22 22:27:34.467 | INFO     | src.scraper.project_detail_scraper:scrape_project_detail:23 - Збір деталей проекту за адресою: https://devpost.com/software/facerate-ai
2026-06-22 22:27:36.356 | INFO     | src.scraper.project_detail_scraper:scrape_project_detail:23 - Збір деталей проекту за адресою: https://devpost.com/software/suite
2026-06-22 22:27:38.538 | INFO     | src.scraper.project_detail_scraper:scrape_project_detail:23 - Збір деталей проекту за адресою: https://devpost.com/software/decisioniq-ai-decision-intelligence-platform-0kqe8z
2026-06-22 22:27:40.758 | INFO     | src.scraper.project_detail_scraper:scrape_project_detail:23 - Збір деталей проекту за адресою: https://devpost.com/software/chemtech
2026-06-22 22:27:41.891 | INFO     | src.scraper.project_detail_scraper:scrape_project_detail:23 - Збір деталей проекту за адресою: https://devpost.com/software/euphoria-grow-your-garden
2026-06-22 22:27:44.455 | INFO     | src.scraper.project_detail_scraper:scrape_project_detail:23 - Збір деталей проекту за адресою: https://devpost.com/software/punjab-sabak-portal-6qko58
2026-06-22 22:27:45.572 | INFO     | src.scraper.project_detail_scraper:scrape_project_detail:23 - Збір деталей проекту за адресою: https://devpost.com/software/khusela-ai-7n9kbo
2026-06-22 22:27:47.930 | INFO     | src.scraper.project_detail_scraper:scrape_project_detail:23 - Збір деталей проекту за адресою: https://devpost.com/software/codementor-ai-ocean-themed-ai-career-navigator
2026-06-22 22:27:50.285 | INFO     | src.scraper.project_detail_scraper:scrape_project_detail:23 - Збір деталей проекту за адресою: https://devpost.com/software/lumen-hzr3pw
2026-06-22 22:27:52.119 | INFO     | src.scraper.project_detail_scraper:scrape_project_detail:23 - Збір деталей проекту за адресою: https://devpost.com/software/chat-box-43f5an
2026-06-22 22:27:54.146 | INFO     | src.scraper.project_detail_scraper:scrape_project_detail:23 - Збір деталей проекту за адресою: https://devpost.com/software/divi-ai-0138vt
2026-06-22 22:27:55.225 | INFO     | src.scraper.project_detail_scraper:scrape_project_detail:23 - Збір деталей проекту за адресою: https://devpost.com/software/jarvis-ehtnjb
2026-06-22 22:27:56.518 | INFO     | src.scraper.project_detail_scraper:scrape_project_detail:23 - Збір деталей проекту за адресою: https://devpost.com/software/intelliquiz-e6fsbl
2026-06-22 22:27:58.500 | INFO     | src.scraper.project_detail_scraper:scrape_project_detail:23 - Збір деталей проекту за адресою: https://devpost.com/software/medspectra
2026-06-22 22:28:00.384 | INFO     | src.scraper.project_detail_scraper:scrape_project_detail:23 - Збір деталей проекту за адресою: https://devpost.com/software/sciforge-ai
2026-06-22 22:28:02.832 | INFO     | src.scraper.project_detail_scraper:scrape_project_detail:23 - Збір деталей проекту за адресою: https://devpost.com/software/sentinelsift-x
2026-06-22 22:28:04.901 | INFO     | src.scraper.project_detail_scraper:scrape_project_detail:23 - Збір деталей проекту за адресою: https://devpost.com/software/sprout-81ygve
2026-06-22 22:28:07.161 | INFO     | src.scraper.project_detail_scraper:scrape_project_detail:23 - Збір деталей проекту за адресою: https://devpost.com/software/donna-academic-super-agent
2026-06-22 22:28:09.439 | INFO     | src.scraper.project_detail_scraper:scrape_project_detail:23 - Збір деталей проекту за адресою: https://devpost.com/software/intelliquest-t3wqcf
2026-06-22 22:28:10.623 | INFO     | src.scraper.project_detail_scraper:scrape_project_detail:23 - Збір деталей проекту за адресою: https://devpost.com/software/crashaid
2026-06-22 22:28:12.602 | INFO     | src.scraper.project_detail_scraper:scrape_project_detail:23 - Збір деталей проекту за адресою: https://devpost.com/software/elephantwatch
2026-06-22 22:28:15.043 | INFO     | src.scraper.project_detail_scraper:scrape_project_detail:23 - Збір деталей проекту за адресою: https://devpost.com/software/ochre-x5zn3u
2026-06-22 22:28:16.114 | INFO     | src.scraper.project_detail_scraper:scrape_project_detail:23 - Збір деталей проекту за адресою: https://devpost.com/software/peer-care
2026-06-22 22:28:17.991 | INFO     | src.scraper.project_detail_scraper:scrape_project_detail:23 - Збір деталей проекту за адресою: https://devpost.com/software/vitalvoice-ai-powered-clinical-intelligence-platform
2026-06-22 22:28:19.225 | INFO     | src.scraper.project_detail_scraper:scrape_project_detail:23 - Збір деталей проекту за адресою: https://devpost.com/software/due-process
2026-06-22 22:28:21.197 | INFO     | src.scraper.project_detail_scraper:scrape_project_detail:23 - Збір деталей проекту за адресою: https://devpost.com/software/curenet-ai
2026-06-22 22:28:23.256 | INFO     | src.scraper.project_detail_scraper:scrape_project_detail:23 - Збір деталей проекту за адресою: https://devpost.com/software/koreanear-ai-powered-korean-listening-vocabulary-game
2026-06-22 22:28:24.380 | INFO     | src.scraper.project_detail_scraper:scrape_project_detail:23 - Збір деталей проекту за адресою: https://devpost.com/software/soulspectrum-o8l2mh
2026-06-22 22:28:25.491 | INFO     | src.scraper.project_detail_scraper:scrape_project_detail:23 - Збір деталей проекту за адресою: https://devpost.com/software/hireflow-ai-ljmu86
2026-06-22 22:28:27.459 | INFO     | src.scraper.project_detail_scraper:scrape_project_detail:23 - Збір деталей проекту за адресою: https://devpost.com/software/aagro-sco
2026-06-22 22:28:29.997 | INFO     | src.scraper.project_detail_scraper:scrape_project_detail:23 - Збір деталей проекту за адресою: https://devpost.com/software/priceit-ai-price-scanner
2026-06-22 22:28:31.211 | INFO     | src.scraper.project_detail_scraper:scrape_project_detail:23 - Збір деталей проекту за адресою: https://devpost.com/software/nyayasathi-ai-powered-judicial-intelligence-platform
2026-06-22 22:28:32.627 | INFO     | src.scraper.project_detail_scraper:scrape_project_detail:23 - Збір деталей проекту за адресою: https://devpost.com/software/stroke-predicticn
2026-06-22 22:28:35.030 | INFO     | src.scraper.project_detail_scraper:scrape_project_detail:23 - Збір деталей проекту за адресою: https://devpost.com/software/moneytalk-1jamsc
2026-06-22 22:28:37.149 | INFO     | src.scraper.project_detail_scraper:scrape_project_detail:23 - Збір деталей проекту за адресою: https://devpost.com/software/cross-cleanse
2026-06-22 22:28:39.086 | INFO     | src.scraper.project_detail_scraper:scrape_project_detail:23 - Збір деталей проекту за адресою: https://devpost.com/software/purenest
2026-06-22 22:28:41.374 | INFO     | src.scraper.project_detail_scraper:scrape_project_detail:23 - Збір деталей проекту за адресою: https://devpost.com/software/reframe-personalized-ai-for-eating-disorder-recovery
2026-06-22 22:28:42.602 | INFO     | src.scraper.project_detail_scraper:scrape_project_detail:23 - Збір деталей проекту за адресою: https://devpost.com/software/biolens-qwieuz
2026-06-22 22:28:44.635 | INFO     | src.scraper.project_detail_scraper:scrape_project_detail:23 - Збір деталей проекту за адресою: https://devpost.com/software/studylingo
2026-06-22 22:28:46.598 | INFO     | src.scraper.project_detail_scraper:scrape_project_detail:23 - Збір деталей проекту за адресою: https://devpost.com/software/gesture-controlled-system-ho876v
2026-06-22 22:28:48.589 | INFO     | src.scraper.project_detail_scraper:scrape_project_detail:23 - Збір деталей проекту за адресою: https://devpost.com/software/prep-io-r5enjl
2026-06-22 22:28:50.942 | INFO     | src.scraper.project_detail_scraper:scrape_project_detail:23 - Збір деталей проекту за адресою: https://devpost.com/software/deepfake-detection-1wgli6
2026-06-22 22:28:53.478 | INFO     | src.scraper.project_detail_scraper:scrape_project_detail:23 - Збір деталей проекту за адресою: https://devpost.com/software/oceanguard-u19z4g
2026-06-22 22:28:54.584 | INFO     | src.scraper.project_detail_scraper:scrape_project_detail:23 - Збір деталей проекту за адресою: https://devpost.com/software/feynman-ai-tutor-ai
2026-06-22 22:28:56.662 | INFO     | src.scraper.project_detail_scraper:scrape_project_detail:23 - Збір деталей проекту за адресою: https://devpost.com/software/smartwardrobe-ai
2026-06-22 22:28:59.103 | INFO     | src.scraper.project_detail_scraper:scrape_project_detail:23 - Збір деталей проекту за адресою: https://devpost.com/software/supplysync-17xah2
2026-06-22 22:29:01.690 | INFO     | src.scraper.project_detail_scraper:scrape_project_detail:23 - Збір деталей проекту за адресою: https://devpost.com/software/ghosttrace-jh5ws8
2026-06-22 22:29:04.176 | INFO     | src.scraper.project_detail_scraper:scrape_project_detail:23 - Збір деталей проекту за адресою: https://devpost.com/software/synapse-ai-36ogxp
2026-06-22 22:29:06.190 | INFO     | src.scraper.project_detail_scraper:scrape_project_detail:23 - Збір деталей проекту за адресою: https://devpost.com/software/carewatch-intelligente-patient-innenbegleitung
2026-06-22 22:29:07.310 | INFO     | src.scraper.project_detail_scraper:scrape_project_detail:23 - Збір деталей проекту за адресою: https://devpost.com/software/loopback-f6tb4z
2026-06-22 22:29:09.474 | INFO     | src.scraper.project_detail_scraper:scrape_project_detail:23 - Збір деталей проекту за адресою: https://devpost.com/software/handshakeguard
2026-06-22 22:29:11.817 | INFO     | src.scraper.project_detail_scraper:scrape_project_detail:23 - Збір деталей проекту за адресою: https://devpost.com/software/aidyn
2026-06-22 22:29:14.308 | INFO     | src.scraper.project_detail_scraper:scrape_project_detail:23 - Збір деталей проекту за адресою: https://devpost.com/software/rxguard
2026-06-22 22:29:15.491 | INFO     | src.scraper.project_detail_scraper:scrape_project_detail:23 - Збір деталей проекту за адресою: https://devpost.com/software/cash-cow-rwl3ms
2026-06-22 22:29:17.526 | INFO     | src.scraper.project_detail_scraper:scrape_project_detail:23 - Збір деталей проекту за адресою: https://devpost.com/software/cogniscope-zj6wvc
2026-06-22 22:29:19.771 | INFO     | src.scraper.project_detail_scraper:scrape_project_detail:23 - Збір деталей проекту за адресою: https://devpost.com/software/driftid
2026-06-22 22:29:22.527 | INFO     | src.scraper.project_detail_scraper:scrape_project_detail:23 - Збір деталей проекту за адресою: https://devpost.com/software/investher-9cpbvj
2026-06-22 22:29:24.847 | INFO     | src.scraper.project_detail_scraper:scrape_project_detail:23 - Збір деталей проекту за адресою: https://devpost.com/software/crisisgrid-5jblfn
2026-06-22 22:29:26.962 | INFO     | src.scraper.project_detail_scraper:scrape_project_detail:23 - Збір деталей проекту за адресою: https://devpost.com/software/catalystmd-5-ai-agents-real-chemistry-real-drugs
2026-06-22 22:29:29.322 | INFO     | src.scraper.project_detail_scraper:scrape_project_detail:23 - Збір деталей проекту за адресою: https://devpost.com/software/magpie-90qwxr
2026-06-22 22:29:31.513 | INFO     | src.scraper.project_detail_scraper:scrape_project_detail:23 - Збір деталей проекту за адресою: https://devpost.com/software/repomind-42rgw6
2026-06-22 22:29:32.723 | INFO     | src.scraper.project_detail_scraper:scrape_project_detail:23 - Збір деталей проекту за адресою: https://devpost.com/software/pulsecare-pkwq2u
2026-06-22 22:29:33.939 | INFO     | src.scraper.project_detail_scraper:scrape_project_detail:23 - Збір деталей проекту за адресою: https://devpost.com/software/scooby-yd6su3
2026-06-22 22:29:35.076 | INFO     | src.scraper.project_detail_scraper:scrape_project_detail:23 - Збір деталей проекту за адресою: https://devpost.com/software/peerly
2026-06-22 22:29:37.307 | INFO     | src.scraper.project_detail_scraper:scrape_project_detail:23 - Збір деталей проекту за адресою: https://devpost.com/software/opensource-galaxy
2026-06-22 22:29:39.992 | INFO     | src.scraper.project_detail_scraper:scrape_project_detail:23 - Збір деталей проекту за адресою: https://devpost.com/software/onboard-ease-stop-making-new-hires-read-pdfs
2026-06-22 22:29:42.038 | INFO     | src.scraper.project_detail_scraper:scrape_project_detail:23 - Збір деталей проекту за адресою: https://devpost.com/software/vulnerability-log-analyzer-tool
2026-06-22 22:29:43.121 | INFO     | src.scraper.project_detail_scraper:scrape_project_detail:23 - Збір деталей проекту за адресою: https://devpost.com/software/redteam-ai-adversarial-decision-intelligence
2026-06-22 22:29:45.436 | INFO     | src.scraper.project_detail_scraper:scrape_project_detail:23 - Збір деталей проекту за адресою: https://devpost.com/software/gati-setu
2026-06-22 22:29:47.525 | INFO     | src.scraper.project_detail_scraper:scrape_project_detail:23 - Збір деталей проекту за адресою: https://devpost.com/software/the-smart-companion
2026-06-22 22:29:49.875 | INFO     | src.scraper.project_detail_scraper:scrape_project_detail:23 - Збір деталей проекту за адресою: https://devpost.com/software/scoutbot-9nmq14
2026-06-22 22:29:52.010 | INFO     | src.scraper.project_detail_scraper:scrape_project_detail:23 - Збір деталей проекту за адресою: https://devpost.com/software/gitclaim
2026-06-22 22:29:54.381 | INFO     | src.scraper.project_detail_scraper:scrape_project_detail:23 - Збір деталей проекту за адресою: https://devpost.com/software/vyavastha-civic-complaint-platform
2026-06-22 22:29:56.641 | INFO     | src.scraper.project_detail_scraper:scrape_project_detail:23 - Збір деталей проекту за адресою: https://devpost.com/software/gridpulse
2026-06-22 22:29:57.859 | INFO     | src.scraper.project_detail_scraper:scrape_project_detail:23 - Збір деталей проекту за адресою: https://devpost.com/software/synthocad
2026-06-22 22:30:00.097 | INFO     | src.scraper.project_detail_scraper:scrape_project_detail:23 - Збір деталей проекту за адресою: https://devpost.com/software/buffalo-ai
2026-06-22 22:30:02.170 | INFO     | src.scraper.project_detail_scraper:scrape_project_detail:23 - Збір деталей проекту за адресою: https://devpost.com/software/flowforge-uhmldf
2026-06-22 22:30:03.315 | INFO     | src.scraper.project_detail_scraper:scrape_project_detail:23 - Збір деталей проекту за адресою: https://devpost.com/software/airofuse-satellite-enhanced-air-quality-intelligence
2026-06-22 22:30:05.640 | INFO     | src.scraper.project_detail_scraper:scrape_project_detail:23 - Збір деталей проекту за адресою: https://devpost.com/software/opportuni-ci-tndab3
2026-06-22 22:30:07.813 | INFO     | src.scraper.project_detail_scraper:scrape_project_detail:23 - Збір деталей проекту за адресою: https://devpost.com/software/temporal-navigator
2026-06-22 22:30:09.753 | INFO     | src.scraper.project_detail_scraper:scrape_project_detail:23 - Збір деталей проекту за адресою: https://devpost.com/software/plant-doc
2026-06-22 22:30:10.867 | INFO     | src.scraper.project_detail_scraper:scrape_project_detail:23 - Збір деталей проекту за адресою: https://devpost.com/software/ia-studio-a-b-master-control
2026-06-22 22:30:13.287 | INFO     | src.scraper.project_detail_scraper:scrape_project_detail:23 - Збір деталей проекту за адресою: https://devpost.com/software/spectus-ai-cyber-forensics-platform
2026-06-22 22:30:15.445 | INFO     | src.scraper.project_detail_scraper:scrape_project_detail:23 - Збір деталей проекту за адресою: https://devpost.com/software/retailmind-5v947c
2026-06-22 22:30:17.681 | INFO     | src.scraper.project_detail_scraper:scrape_project_detail:23 - Збір деталей проекту за адресою: https://devpost.com/software/intellidev
2026-06-22 22:30:20.023 | INFO     | src.scraper.project_detail_scraper:scrape_project_detail:23 - Збір деталей проекту за адресою: https://devpost.com/software/sheshield-a72m38
2026-06-22 22:30:22.609 | INFO     | src.scraper.project_detail_scraper:scrape_project_detail:23 - Збір деталей проекту за адресою: https://devpost.com/software/aira-b6d2mh
2026-06-22 22:30:24.716 | INFO     | src.scraper.project_detail_scraper:scrape_project_detail:23 - Збір деталей проекту за адресою: https://devpost.com/software/turingchat
2026-06-22 22:30:27.092 | INFO     | src.scraper.project_detail_scraper:scrape_project_detail:23 - Збір деталей проекту за адресою: https://devpost.com/software/q-ai-9tlxj6
2026-06-22 22:30:29.173 | INFO     | src.scraper.project_detail_scraper:scrape_project_detail:23 - Збір деталей проекту за адресою: https://devpost.com/software/survivoros-2035
2026-06-22 22:30:31.256 | INFO     | src.scraper.project_detail_scraper:scrape_project_detail:23 - Збір деталей проекту за адресою: https://devpost.com/software/attentra
2026-06-22 22:30:33.320 | INFO     | src.scraper.project_detail_scraper:scrape_project_detail:23 - Збір деталей проекту за адресою: https://devpost.com/software/compass-jton3l
2026-06-22 22:30:35.620 | INFO     | src.scraper.project_detail_scraper:scrape_project_detail:23 - Збір деталей проекту за адресою: https://devpost.com/software/the-working-500
2026-06-22 22:30:36.755 | INFO     | src.scraper.project_detail_scraper:scrape_project_detail:23 - Збір деталей проекту за адресою: https://devpost.com/software/intentos-gmw1ao
2026-06-22 22:30:38.808 | INFO     | src.scraper.project_detail_scraper:scrape_project_detail:23 - Збір деталей проекту за адресою: https://devpost.com/software/synapsemind
2026-06-22 22:30:40.921 | INFO     | src.scraper.project_detail_scraper:scrape_project_detail:23 - Збір деталей проекту за адресою: https://devpost.com/software/imari
2026-06-22 22:30:42.691 | INFO     | src.scraper.project_detail_scraper:scrape_project_detail:23 - Збір деталей проекту за адресою: https://devpost.com/software/twinsights
2026-06-22 22:30:44.867 | INFO     | src.scraper.project_detail_scraper:scrape_project_detail:23 - Збір деталей проекту за адресою: https://devpost.com/software/heartsight-84ei1q
2026-06-22 22:30:46.892 | INFO     | src.scraper.project_detail_scraper:scrape_project_detail:23 - Збір деталей проекту за адресою: https://devpost.com/software/campusgigs-rnysge
2026-06-22 22:30:48.700 | INFO     | src.scraper.project_detail_scraper:scrape_project_detail:23 - Збір деталей проекту за адресою: https://devpost.com/software/alethia-o6vjik
2026-06-22 22:30:50.794 | INFO     | src.scraper.project_detail_scraper:scrape_project_detail:23 - Збір деталей проекту за адресою: https://devpost.com/software/wesla-ai-accessibility-app
2026-06-22 22:30:51.861 | INFO     | src.scraper.project_detail_scraper:scrape_project_detail:23 - Збір деталей проекту за адресою: https://devpost.com/software/flow-suite
2026-06-22 22:30:52.901 | INFO     | src.scraper.project_detail_scraper:scrape_project_detail:23 - Збір деталей проекту за адресою: https://devpost.com/software/deskguard
2026-06-22 22:30:54.774 | INFO     | src.scraper.project_detail_scraper:scrape_project_detail:23 - Збір деталей проекту за адресою: https://devpost.com/software/focusflow-ai-f2mez6
2026-06-22 22:30:56.717 | INFO     | src.scraper.project_detail_scraper:scrape_project_detail:23 - Збір деталей проекту за адресою: https://devpost.com/software/sequent-94iecv
2026-06-22 22:30:58.955 | INFO     | src.scraper.project_detail_scraper:scrape_project_detail:23 - Збір деталей проекту за адресою: https://devpost.com/software/xvectr
2026-06-22 22:31:01.095 | INFO     | src.scraper.project_detail_scraper:scrape_project_detail:23 - Збір деталей проекту за адресою: https://devpost.com/software/nurturelink-1peuav
2026-06-22 22:31:03.422 | INFO     | src.scraper.project_detail_scraper:scrape_project_detail:23 - Збір деталей проекту за адресою: https://devpost.com/software/unveils
2026-06-22 22:31:05.507 | INFO     | src.scraper.project_detail_scraper:scrape_project_detail:23 - Збір деталей проекту за адресою: https://devpost.com/software/sd-065qge
2026-06-22 22:31:07.647 | INFO     | src.scraper.project_detail_scraper:scrape_project_detail:23 - Збір деталей проекту за адресою: https://devpost.com/software/worthit
2026-06-22 22:31:09.661 | INFO     | src.scraper.project_detail_scraper:scrape_project_detail:23 - Збір деталей проекту за адресою: https://devpost.com/software/resume-builder-br09la
2026-06-22 22:31:10.759 | INFO     | src.scraper.project_detail_scraper:scrape_project_detail:23 - Збір деталей проекту за адресою: https://devpost.com/software/neurolens-9jgox0
2026-06-22 22:31:12.996 | INFO     | src.scraper.project_detail_scraper:scrape_project_detail:23 - Збір деталей проекту за адресою: https://devpost.com/software/signal-repair-ktm6cj
2026-06-22 22:31:15.409 | INFO     | __main__:run_full_ingestion:115 - Успішно імпортовано хакатон: NextGenHacks (488 проектів).
2026-06-22 22:31:17.411 | INFO     | __main__:run_full_ingestion:46 - [11/24] Початок збору даних для: DSH Hacks V1...
2026-06-22 22:31:17.412 | INFO     | src.scraper.hackathon_detail_scraper:scrape_hackathon_detail:19 - Збір деталей для хакатону за адресою: https://dsh-hacks-v1.devpost.com/
2026-06-22 22:31:18.699 | INFO     | src.scraper.projects_scraper:fetch_hackathon_projects:31 - Запуск збору проектів для субдомену: dsh-hacks-v1
2026-06-22 22:31:18.699 | INFO     | src.scraper.projects_scraper:fetch_hackathon_projects:35 - Збір проектів, сторінка 1...
2026-06-22 22:31:19.980 | INFO     | src.scraper.projects_scraper:fetch_hackathon_projects:107 - Сторінка 1: успішно зчитано 24 проектів.
2026-06-22 22:31:21.981 | INFO     | src.scraper.projects_scraper:fetch_hackathon_projects:35 - Збір проектів, сторінка 2...
2026-06-22 22:31:23.223 | INFO     | src.scraper.projects_scraper:fetch_hackathon_projects:107 - Сторінка 2: успішно зчитано 24 проектів.
2026-06-22 22:31:25.224 | INFO     | src.scraper.projects_scraper:fetch_hackathon_projects:35 - Збір проектів, сторінка 3...
2026-06-22 22:31:26.680 | INFO     | src.scraper.projects_scraper:fetch_hackathon_projects:107 - Сторінка 3: успішно зчитано 24 проектів.
2026-06-22 22:31:28.680 | INFO     | src.scraper.projects_scraper:fetch_hackathon_projects:35 - Збір проектів, сторінка 4...
2026-06-22 22:31:30.050 | INFO     | src.scraper.projects_scraper:fetch_hackathon_projects:107 - Сторінка 4: успішно зчитано 24 проектів.
2026-06-22 22:31:32.051 | INFO     | src.scraper.projects_scraper:fetch_hackathon_projects:35 - Збір проектів, сторінка 5...
2026-06-22 22:31:33.327 | INFO     | src.scraper.projects_scraper:fetch_hackathon_projects:107 - Сторінка 5: успішно зчитано 24 проектів.
2026-06-22 22:31:35.328 | INFO     | src.scraper.projects_scraper:fetch_hackathon_projects:35 - Збір проектів, сторінка 6...
2026-06-22 22:31:36.549 | INFO     | src.scraper.projects_scraper:fetch_hackathon_projects:107 - Сторінка 6: успішно зчитано 24 проектів.
2026-06-22 22:31:38.550 | INFO     | src.scraper.projects_scraper:fetch_hackathon_projects:35 - Збір проектів, сторінка 7...
2026-06-22 22:31:39.710 | INFO     | src.scraper.projects_scraper:fetch_hackathon_projects:107 - Сторінка 7: успішно зчитано 24 проектів.
2026-06-22 22:31:41.714 | INFO     | src.scraper.projects_scraper:fetch_hackathon_projects:35 - Збір проектів, сторінка 8...
2026-06-22 22:31:43.074 | INFO     | src.scraper.projects_scraper:fetch_hackathon_projects:107 - Сторінка 8: успішно зчитано 24 проектів.
2026-06-22 22:31:45.074 | INFO     | src.scraper.projects_scraper:fetch_hackathon_projects:35 - Збір проектів, сторінка 9...
2026-06-22 22:31:46.327 | INFO     | src.scraper.projects_scraper:fetch_hackathon_projects:107 - Сторінка 9: успішно зчитано 23 проектів.
2026-06-22 22:31:48.327 | INFO     | src.scraper.projects_scraper:fetch_hackathon_projects:35 - Збір проектів, сторінка 10...
2026-06-22 22:31:49.557 | INFO     | src.scraper.projects_scraper:fetch_hackathon_projects:107 - Сторінка 10: успішно зчитано 24 проектів.
2026-06-22 22:31:51.558 | INFO     | src.scraper.projects_scraper:fetch_hackathon_projects:35 - Збір проектів, сторінка 11...
2026-06-22 22:31:52.898 | INFO     | src.scraper.projects_scraper:fetch_hackathon_projects:107 - Сторінка 11: успішно зчитано 24 проектів.
2026-06-22 22:31:54.899 | INFO     | src.scraper.projects_scraper:fetch_hackathon_projects:35 - Збір проектів, сторінка 12...
2026-06-22 22:31:56.094 | INFO     | src.scraper.projects_scraper:fetch_hackathon_projects:107 - Сторінка 12: успішно зчитано 20 проектів.
2026-06-22 22:31:58.097 | INFO     | src.scraper.projects_scraper:fetch_hackathon_projects:35 - Збір проектів, сторінка 13...
2026-06-22 22:31:58.850 | INFO     | src.scraper.projects_scraper:fetch_hackathon_projects:52 - На сторінці 13 більше немає карток проектів. Завершуємо збір.
2026-06-22 22:31:58.851 | INFO     | __main__:run_full_ingestion:72 - Знайдено проектів для обробки: 283
2026-06-22 22:31:58.851 | INFO     | src.scraper.project_detail_scraper:scrape_project_detail:23 - Збір деталей проекту за адресою: https://devpost.com/software/actisolve-ai-6uv42j
2026-06-22 22:32:01.101 | INFO     | src.scraper.project_detail_scraper:scrape_project_detail:23 - Збір деталей проекту за адресою: https://devpost.com/software/tradepilot-charting-ui-options-autopilot
2026-06-22 22:32:03.768 | INFO     | src.scraper.project_detail_scraper:scrape_project_detail:23 - Збір деталей проекту за адресою: https://devpost.com/software/feelspace
2026-06-22 22:32:05.848 | INFO     | src.scraper.project_detail_scraper:scrape_project_detail:23 - Збір деталей проекту за адресою: https://devpost.com/software/lifememory-ai-eqt5p1
2026-06-22 22:32:08.053 | INFO     | src.scraper.project_detail_scraper:scrape_project_detail:23 - Збір деталей проекту за адресою: https://devpost.com/software/nutricare-agents-oefn4b
2026-06-22 22:32:10.919 | INFO     | src.scraper.project_detail_scraper:scrape_project_detail:23 - Збір деталей проекту за адресою: https://devpost.com/software/realtutor-ai-5egsyd
2026-06-22 22:32:13.245 | INFO     | src.scraper.project_detail_scraper:scrape_project_detail:23 - Збір деталей проекту за адресою: https://devpost.com/software/ai-smart-study-assistant-for-students
2026-06-22 22:32:14.441 | INFO     | src.scraper.project_detail_scraper:scrape_project_detail:23 - Збір деталей проекту за адресою: https://devpost.com/software/sustain-a-thon
2026-06-22 22:32:17.319 | INFO     | src.scraper.project_detail_scraper:scrape_project_detail:23 - Збір деталей проекту за адресою: https://devpost.com/software/ecokiosk-ai-powered-machine-su0adv
2026-06-22 22:32:19.396 | INFO     | src.scraper.project_detail_scraper:scrape_project_detail:23 - Збір деталей проекту за адресою: https://devpost.com/software/project-mind-tpqjvc
2026-06-22 22:32:21.565 | INFO     | src.scraper.project_detail_scraper:scrape_project_detail:23 - Збір деталей проекту за адресою: https://devpost.com/software/cerberus-real-time-entropy-defense-wargaming-console
2026-06-22 22:32:23.933 | INFO     | src.scraper.project_detail_scraper:scrape_project_detail:23 - Збір деталей проекту за адресою: https://devpost.com/software/scibridge-ai-bridge-between-research-and-school-experiments-puh20s
2026-06-22 22:32:25.119 | INFO     | src.scraper.project_detail_scraper:scrape_project_detail:23 - Збір деталей проекту за адресою: https://devpost.com/software/learnscape-tubm4g
2026-06-22 22:32:27.560 | INFO     | src.scraper.project_detail_scraper:scrape_project_detail:23 - Збір деталей проекту за адресою: https://devpost.com/software/saarathi-ai-yotfvs
2026-06-22 22:32:29.845 | INFO     | src.scraper.project_detail_scraper:scrape_project_detail:23 - Збір деталей проекту за адресою: https://devpost.com/software/stemsense
2026-06-22 22:32:31.962 | INFO     | src.scraper.project_detail_scraper:scrape_project_detail:23 - Збір деталей проекту за адресою: https://devpost.com/software/adapted-multi-agent-rag-powered-adaptive-learning-platform-6jt0zb
2026-06-22 22:32:33.829 | INFO     | src.scraper.project_detail_scraper:scrape_project_detail:23 - Збір деталей проекту за адресою: https://devpost.com/software/echo-t84zvg
2026-06-22 22:32:35.089 | INFO     | src.scraper.project_detail_scraper:scrape_project_detail:23 - Збір деталей проекту за адресою: https://devpost.com/software/repend
2026-06-22 22:32:37.351 | INFO     | src.scraper.project_detail_scraper:scrape_project_detail:23 - Збір деталей проекту за адресою: https://devpost.com/software/mypetpal-qbwgc9
2026-06-22 22:32:38.443 | INFO     | src.scraper.project_detail_scraper:scrape_project_detail:23 - Збір деталей проекту за адресою: https://devpost.com/software/project-dvomck5s9l3q
2026-06-22 22:32:39.534 | INFO     | src.scraper.project_detail_scraper:scrape_project_detail:23 - Збір деталей проекту за адресою: https://devpost.com/software/galicea-ai
2026-06-22 22:32:40.639 | INFO     | src.scraper.project_detail_scraper:scrape_project_detail:23 - Збір деталей проекту за адресою: https://devpost.com/software/rankify-ltzavm
2026-06-22 22:32:42.681 | INFO     | src.scraper.project_detail_scraper:scrape_project_detail:23 - Збір деталей проекту за адресою: https://devpost.com/software/felearn-ai-dnytex
2026-06-22 22:32:45.441 | INFO     | src.scraper.project_detail_scraper:scrape_project_detail:23 - Збір деталей проекту за адресою: https://devpost.com/software/sentinelai-devops-security-agent
2026-06-22 22:32:47.239 | INFO     | src.scraper.project_detail_scraper:scrape_project_detail:23 - Збір деталей проекту за адресою: https://devpost.com/software/advanced-nn-for-brain-tumor-det-classification-using-mri
2026-06-22 22:32:49.529 | INFO     | src.scraper.project_detail_scraper:scrape_project_detail:23 - Збір деталей проекту за адресою: https://devpost.com/software/sentinelai-devops-security-agent-n75dmv
2026-06-22 22:32:51.294 | INFO     | src.scraper.project_detail_scraper:scrape_project_detail:23 - Збір деталей проекту за адресою: https://devpost.com/software/pkd-compass-mgt16j
2026-06-22 22:32:53.385 | INFO     | src.scraper.project_detail_scraper:scrape_project_detail:23 - Збір деталей проекту за адресою: https://devpost.com/software/arcademy-at32jn
2026-06-22 22:32:55.322 | INFO     | src.scraper.project_detail_scraper:scrape_project_detail:23 - Збір деталей проекту за адресою: https://devpost.com/software/learning-journies
2026-06-22 22:32:57.295 | INFO     | src.scraper.project_detail_scraper:scrape_project_detail:23 - Збір деталей проекту за адресою: https://devpost.com/software/launchlab-ai-gju1f4
2026-06-22 22:32:58.359 | INFO     | src.scraper.project_detail_scraper:scrape_project_detail:23 - Збір деталей проекту за адресою: https://devpost.com/software/skillscan-ai-career-intelligence-for-students-sigtmc
2026-06-22 22:33:00.674 | INFO     | src.scraper.project_detail_scraper:scrape_project_detail:23 - Збір деталей проекту за адресою: https://devpost.com/software/lura-ai
2026-06-22 22:33:02.877 | INFO     | src.scraper.project_detail_scraper:scrape_project_detail:23 - Збір деталей проекту за адресою: https://devpost.com/software/placementor
2026-06-22 22:33:04.172 | INFO     | src.scraper.project_detail_scraper:scrape_project_detail:23 - Збір деталей проекту за адресою: https://devpost.com/software/archon-h0vdzw
2026-06-22 22:33:06.237 | INFO     | src.scraper.project_detail_scraper:scrape_project_detail:23 - Збір деталей проекту за адресою: https://devpost.com/software/dyslexicore-zfd297
2026-06-22 22:33:08.364 | INFO     | src.scraper.project_detail_scraper:scrape_project_detail:23 - Збір деталей проекту за адресою: https://devpost.com/software/launch-lab-ai
2026-06-22 22:33:09.474 | INFO     | src.scraper.project_detail_scraper:scrape_project_detail:23 - Збір деталей проекту за адресою: https://devpost.com/software/study-spark-d4tujp
2026-06-22 22:33:10.598 | INFO     | src.scraper.project_detail_scraper:scrape_project_detail:23 - Збір деталей проекту за адресою: https://devpost.com/software/snaptask
2026-06-22 22:33:11.754 | INFO     | src.scraper.project_detail_scraper:scrape_project_detail:23 - Збір деталей проекту за адресою: https://devpost.com/software/planix-ai-the-learning-operating-system-e1gbzv
2026-06-22 22:33:13.747 | INFO     | src.scraper.project_detail_scraper:scrape_project_detail:23 - Збір деталей проекту за адресою: https://devpost.com/software/crosscheck-dxn3v5
2026-06-22 22:33:14.904 | INFO     | src.scraper.project_detail_scraper:scrape_project_detail:23 - Збір деталей проекту за адресою: https://devpost.com/software/launchlab-ai-m4bgr7
2026-06-22 22:33:15.943 | INFO     | src.scraper.project_detail_scraper:scrape_project_detail:23 - Збір деталей проекту за адресою: https://devpost.com/software/stemnova-ai
2026-06-22 22:33:17.038 | INFO     | src.scraper.project_detail_scraper:scrape_project_detail:23 - Збір деталей проекту за адресою: https://devpost.com/software/launch-lab-ai-2vtcm7
2026-06-22 22:33:18.150 | INFO     | src.scraper.project_detail_scraper:scrape_project_detail:23 - Збір деталей проекту за адресою: https://devpost.com/software/mapmind-learnspace-ravblx
2026-06-22 22:33:20.192 | INFO     | src.scraper.project_detail_scraper:scrape_project_detail:23 - Збір деталей проекту за адресою: https://devpost.com/software/axiom-studios
2026-06-22 22:33:22.306 | INFO     | src.scraper.project_detail_scraper:scrape_project_detail:23 - Збір деталей проекту за адресою: https://devpost.com/software/launch-lab-ai-5fuvbc
2026-06-22 22:33:23.406 | INFO     | src.scraper.project_detail_scraper:scrape_project_detail:23 - Збір деталей проекту за адресою: https://devpost.com/software/launch-lab-ai-xmq7b0
2026-06-22 22:33:24.497 | INFO     | src.scraper.project_detail_scraper:scrape_project_detail:23 - Збір деталей проекту за адресою: https://devpost.com/software/jarvis-zero-build-anything-with-local-ai-agents
2026-06-22 22:33:26.267 | INFO     | src.scraper.project_detail_scraper:scrape_project_detail:23 - Збір деталей проекту за адресою: https://devpost.com/software/chronos-legacy-code-archaeologist
2026-06-22 22:33:28.278 | INFO     | src.scraper.project_detail_scraper:scrape_project_detail:23 - Збір деталей проекту за адресою: https://devpost.com/software/vitalguard-ai
2026-06-22 22:33:30.498 | INFO     | src.scraper.project_detail_scraper:scrape_project_detail:23 - Збір деталей проекту за адресою: https://devpost.com/software/mediscan-ai-o1uc8x
2026-06-22 22:33:32.512 | INFO     | src.scraper.project_detail_scraper:scrape_project_detail:23 - Збір деталей проекту за адресою: https://devpost.com/software/crm-pcg2xb
2026-06-22 22:33:34.519 | INFO     | src.scraper.project_detail_scraper:scrape_project_detail:23 - Збір деталей проекту за адресою: https://devpost.com/software/omnilab-ai-tis7jv
2026-06-22 22:33:36.779 | INFO     | src.scraper.project_detail_scraper:scrape_project_detail:23 - Збір деталей проекту за адресою: https://devpost.com/software/ai-powered-email-automation-agent-with-openclaw-gmail-ki9flw
2026-06-22 22:33:39.120 | INFO     | src.scraper.project_detail_scraper:scrape_project_detail:23 - Збір деталей проекту за адресою: https://devpost.com/software/project-varuna-h945ni
2026-06-22 22:33:41.095 | INFO     | src.scraper.project_detail_scraper:scrape_project_detail:23 - Збір деталей проекту за адресою: https://devpost.com/software/stembridge-nigeria
2026-06-22 22:33:43.324 | INFO     | src.scraper.project_detail_scraper:scrape_project_detail:23 - Збір деталей проекту за адресою: https://devpost.com/software/physidoodle-ai
2026-06-22 22:33:45.288 | INFO     | src.scraper.project_detail_scraper:scrape_project_detail:23 - Збір деталей проекту за адресою: https://devpost.com/software/clew
2026-06-22 22:33:47.753 | INFO     | src.scraper.project_detail_scraper:scrape_project_detail:23 - Збір деталей проекту за адресою: https://devpost.com/software/poweropt-ai-nextgen-power-predictor-2a6ugc
2026-06-22 22:33:49.853 | INFO     | src.scraper.project_detail_scraper:scrape_project_detail:23 - Збір деталей проекту за адресою: https://devpost.com/software/thinkbit-n9yca3
2026-06-22 22:33:50.924 | INFO     | src.scraper.project_detail_scraper:scrape_project_detail:23 - Збір деталей проекту за адресою: https://devpost.com/software/labmind-ai
2026-06-22 22:33:51.988 | INFO     | src.scraper.project_detail_scraper:scrape_project_detail:23 - Збір деталей проекту за адресою: https://devpost.com/software/signbridgev2
2026-06-22 22:33:54.052 | INFO     | src.scraper.project_detail_scraper:scrape_project_detail:23 - Збір деталей проекту за адресою: https://devpost.com/software/jansaathi-mw2ctg
2026-06-22 22:33:56.199 | INFO     | src.scraper.project_detail_scraper:scrape_project_detail:23 - Збір деталей проекту за адресою: https://devpost.com/software/centrix-ai
2026-06-22 22:33:57.796 | INFO     | src.scraper.project_detail_scraper:scrape_project_detail:23 - Збір деталей проекту за адресою: https://devpost.com/software/examwise-ai-8eok53
2026-06-22 22:33:59.699 | INFO     | src.scraper.project_detail_scraper:scrape_project_detail:23 - Збір деталей проекту за адресою: https://devpost.com/software/tradewizard-0rjx1g
2026-06-22 22:34:01.574 | INFO     | src.scraper.project_detail_scraper:scrape_project_detail:23 - Збір деталей проекту за адресою: https://devpost.com/software/cortexflow-w3ry5d
2026-06-22 22:34:03.667 | INFO     | src.scraper.project_detail_scraper:scrape_project_detail:23 - Збір деталей проекту за адресою: https://devpost.com/software/lumina-ai-ti31qn
2026-06-22 22:34:05.858 | INFO     | src.scraper.project_detail_scraper:scrape_project_detail:23 - Збір деталей проекту за адресою: https://devpost.com/software/focusmate-mbldun
2026-06-22 22:34:08.030 | INFO     | src.scraper.project_detail_scraper:scrape_project_detail:23 - Збір деталей проекту за адресою: https://devpost.com/software/seguri-a-digital-hand-to-hold-dkjo6w
2026-06-22 22:34:10.318 | INFO     | src.scraper.project_detail_scraper:scrape_project_detail:23 - Збір деталей проекту за адресою: https://devpost.com/software/pocketguru
2026-06-22 22:34:12.566 | INFO     | src.scraper.project_detail_scraper:scrape_project_detail:23 - Збір деталей проекту за адресою: https://devpost.com/software/regim
2026-06-22 22:34:14.836 | INFO     | src.scraper.project_detail_scraper:scrape_project_detail:23 - Збір деталей проекту за адресою: https://devpost.com/software/explainanything
2026-06-22 22:34:16.851 | INFO     | src.scraper.project_detail_scraper:scrape_project_detail:23 - Збір деталей проекту за адресою: https://devpost.com/software/tribal-lingua-0vp3cw
2026-06-22 22:34:18.062 | INFO     | src.scraper.project_detail_scraper:scrape_project_detail:23 - Збір деталей проекту за адресою: https://devpost.com/software/auditease-f1pqzw
2026-06-22 22:34:20.169 | INFO     | src.scraper.project_detail_scraper:scrape_project_detail:23 - Збір деталей проекту за адресою: https://devpost.com/software/stem-buddy
2026-06-22 22:34:21.225 | INFO     | src.scraper.project_detail_scraper:scrape_project_detail:23 - Збір деталей проекту за адресою: https://devpost.com/software/neurostem-ai-powered-stem-for-every-mind
2026-06-22 22:34:23.412 | INFO     | src.scraper.project_detail_scraper:scrape_project_detail:23 - Збір деталей проекту за адресою: https://devpost.com/software/zomath
2026-06-22 22:34:25.441 | INFO     | src.scraper.project_detail_scraper:scrape_project_detail:23 - Збір деталей проекту за адресою: https://devpost.com/software/endopath
2026-06-22 22:34:27.577 | INFO     | src.scraper.project_detail_scraper:scrape_project_detail:23 - Збір деталей проекту за адресою: https://devpost.com/software/aegis-jbdfrp
2026-06-22 22:34:29.839 | INFO     | src.scraper.project_detail_scraper:scrape_project_detail:23 - Збір деталей проекту за адресою: https://devpost.com/software/the-whispering-orb
2026-06-22 22:34:31.895 | INFO     | src.scraper.project_detail_scraper:scrape_project_detail:23 - Збір деталей проекту за адресою: https://devpost.com/software/chronos-a71yqo
2026-06-22 22:34:33.755 | INFO     | src.scraper.project_detail_scraper:scrape_project_detail:23 - Збір деталей проекту за адресою: https://devpost.com/software/optisense-triage
2026-06-22 22:34:35.796 | INFO     | src.scraper.project_detail_scraper:scrape_project_detail:23 - Збір деталей проекту за адресою: https://devpost.com/software/pubmed
2026-06-22 22:34:36.909 | INFO     | src.scraper.project_detail_scraper:scrape_project_detail:23 - Збір деталей проекту за адресою: https://devpost.com/software/disaster-brain
2026-06-22 22:34:38.856 | INFO     | src.scraper.project_detail_scraper:scrape_project_detail:23 - Збір деталей проекту за адресою: https://devpost.com/software/nexusstem-your-socratic-ai-agent-for-stem
2026-06-22 22:34:40.750 | INFO     | src.scraper.project_detail_scraper:scrape_project_detail:23 - Збір деталей проекту за адресою: https://devpost.com/software/neurobin-smart-waste-segregator-vd5j9x
2026-06-22 22:34:42.924 | INFO     | src.scraper.project_detail_scraper:scrape_project_detail:23 - Збір деталей проекту за адресою: https://devpost.com/software/eduboost-ai-zb6e32
2026-06-22 22:34:44.795 | INFO     | src.scraper.project_detail_scraper:scrape_project_detail:23 - Збір деталей проекту за адресою: https://devpost.com/software/pitchloop-vr
2026-06-22 22:34:46.972 | INFO     | src.scraper.project_detail_scraper:scrape_project_detail:23 - Збір деталей проекту за адресою: https://devpost.com/software/study-mate-5x9mp7
2026-06-22 22:34:49.345 | INFO     | src.scraper.project_detail_scraper:scrape_project_detail:23 - Збір деталей проекту за адресою: https://devpost.com/software/aeigs
2026-06-22 22:34:51.270 | INFO     | src.scraper.project_detail_scraper:scrape_project_detail:23 - Збір деталей проекту за адресою: https://devpost.com/software/mento-ai-b4fn1u
2026-06-22 22:34:53.278 | INFO     | src.scraper.project_detail_scraper:scrape_project_detail:23 - Збір деталей проекту за адресою: https://devpost.com/software/gemdesk-ai
2026-06-22 22:34:54.557 | INFO     | src.scraper.project_detail_scraper:scrape_project_detail:23 - Збір деталей проекту за адресою: https://devpost.com/software/equathora
2026-06-22 22:34:56.858 | INFO     | src.scraper.project_detail_scraper:scrape_project_detail:23 - Збір деталей проекту за адресою: https://devpost.com/software/market_pulse
2026-06-22 22:34:59.072 | INFO     | src.scraper.project_detail_scraper:scrape_project_detail:23 - Збір деталей проекту за адресою: https://devpost.com/software/upi_fraud_detection
2026-06-22 22:35:01.140 | INFO     | src.scraper.project_detail_scraper:scrape_project_detail:23 - Збір деталей проекту за адресою: https://devpost.com/software/osteoai-ai-based-osteoporosis-risk-detection
2026-06-22 22:35:03.568 | INFO     | src.scraper.project_detail_scraper:scrape_project_detail:23 - Збір деталей проекту за адресою: https://devpost.com/software/claros-ai-agent-for-learning-s4wgjr
2026-06-22 22:35:04.720 | INFO     | src.scraper.project_detail_scraper:scrape_project_detail:23 - Збір деталей проекту за адресою: https://devpost.com/software/cogni-adapt
2026-06-22 22:35:06.349 | INFO     | src.scraper.project_detail_scraper:scrape_project_detail:23 - Збір деталей проекту за адресою: https://devpost.com/software/aethertutor
2026-06-22 22:35:07.608 | INFO     | src.scraper.project_detail_scraper:scrape_project_detail:23 - Збір деталей проекту за адресою: https://devpost.com/software/kintsugi-notes-ynkma0
2026-06-22 22:35:09.769 | INFO     | src.scraper.project_detail_scraper:scrape_project_detail:23 - Збір деталей проекту за адресою: https://devpost.com/software/quizo-ai-quiz-generator
2026-06-22 22:35:10.906 | INFO     | src.scraper.project_detail_scraper:scrape_project_detail:23 - Збір деталей проекту за адресою: https://devpost.com/software/equinox-flow
2026-06-22 22:35:13.232 | INFO     | src.scraper.project_detail_scraper:scrape_project_detail:23 - Збір деталей проекту за адресою: https://devpost.com/software/physix-ai-ai-agent-for-debugging-simulation-hg5dfn
2026-06-22 22:35:15.296 | INFO     | src.scraper.project_detail_scraper:scrape_project_detail:23 - Збір деталей проекту за адресою: https://devpost.com/software/prepify-ai-7nymoa
2026-06-22 22:35:16.682 | INFO     | src.scraper.project_detail_scraper:scrape_project_detail:23 - Збір деталей проекту за адресою: https://devpost.com/software/memact
2026-06-22 22:35:18.000 | INFO     | src.scraper.project_detail_scraper:scrape_project_detail:23 - Збір деталей проекту за адресою: https://devpost.com/software/hbp100-hummingbird-privacy-firewall
2026-06-22 22:35:19.906 | INFO     | src.scraper.project_detail_scraper:scrape_project_detail:23 - Збір деталей проекту за адресою: https://devpost.com/software/intelliclass-your-end-to-end-smart-learning-platform
2026-06-22 22:35:21.898 | INFO     | src.scraper.project_detail_scraper:scrape_project_detail:23 - Збір деталей проекту за адресою: https://devpost.com/software/aionis-maieutics
2026-06-22 22:35:23.191 | INFO     | src.scraper.project_detail_scraper:scrape_project_detail:23 - Збір деталей проекту за адресою: https://devpost.com/software/the-new-you-lfu17v
2026-06-22 22:35:24.506 | INFO     | src.scraper.project_detail_scraper:scrape_project_detail:23 - Збір деталей проекту за адресою: https://devpost.com/software/lily-memo
2026-06-22 22:35:26.832 | INFO     | src.scraper.project_detail_scraper:scrape_project_detail:23 - Збір деталей проекту за адресою: https://devpost.com/software/omni-stem-ai-powered-eco-build-lab
2026-06-22 22:35:28.925 | INFO     | src.scraper.project_detail_scraper:scrape_project_detail:23 - Збір деталей проекту за адресою: https://devpost.com/software/counterfactual-engine-what-if-zl2vwm
2026-06-22 22:35:31.186 | INFO     | src.scraper.project_detail_scraper:scrape_project_detail:23 - Збір деталей проекту за адресою: https://devpost.com/software/sahayaai-intelligent-learning-career-platform
2026-06-22 22:35:33.085 | INFO     | src.scraper.project_detail_scraper:scrape_project_detail:23 - Збір деталей проекту за адресою: https://devpost.com/software/lingostem-ai
2026-06-22 22:35:35.196 | INFO     | src.scraper.project_detail_scraper:scrape_project_detail:23 - Збір деталей проекту за адресою: https://devpost.com/software/cognifyai-smart-learning-decision-assistant
2026-06-22 22:35:37.471 | INFO     | src.scraper.project_detail_scraper:scrape_project_detail:23 - Збір деталей проекту за адресою: https://devpost.com/software/weekwin
2026-06-22 22:35:38.548 | INFO     | src.scraper.project_detail_scraper:scrape_project_detail:23 - Збір деталей проекту за адресою: https://devpost.com/software/payguard-qj08ie
2026-06-22 22:35:40.820 | INFO     | src.scraper.project_detail_scraper:scrape_project_detail:23 - Збір деталей проекту за адресою: https://devpost.com/software/stemos
2026-06-22 22:35:43.171 | INFO     | src.scraper.project_detail_scraper:scrape_project_detail:23 - Збір деталей проекту за адресою: https://devpost.com/software/rekxare-dami-a-multilingual-study-time-organizer
2026-06-22 22:35:45.514 | INFO     | src.scraper.project_detail_scraper:scrape_project_detail:23 - Збір деталей проекту за адресою: https://devpost.com/software/stem-research-agent
2026-06-22 22:35:47.414 | INFO     | src.scraper.project_detail_scraper:scrape_project_detail:23 - Збір деталей проекту за адресою: https://devpost.com/software/studypulse-qlfuha
2026-06-22 22:35:49.597 | INFO     | src.scraper.project_detail_scraper:scrape_project_detail:23 - Збір деталей проекту за адресою: https://devpost.com/software/elexit
2026-06-22 22:35:51.898 | INFO     | src.scraper.project_detail_scraper:scrape_project_detail:23 - Збір деталей проекту за адресою: https://devpost.com/software/jarvis-mwyg0s
2026-06-22 22:35:53.071 | INFO     | src.scraper.project_detail_scraper:scrape_project_detail:23 - Збір деталей проекту за адресою: https://devpost.com/software/ai-conditioner-by-refyn-technologies
2026-06-22 22:35:54.236 | INFO     | src.scraper.project_detail_scraper:scrape_project_detail:23 - Збір деталей проекту за адресою: https://devpost.com/software/clonbrow
2026-06-22 22:35:56.707 | INFO     | src.scraper.project_detail_scraper:scrape_project_detail:23 - Збір деталей проекту за адресою: https://devpost.com/software/resqlink-app
2026-06-22 22:35:57.877 | INFO     | src.scraper.project_detail_scraper:scrape_project_detail:23 - Збір деталей проекту за адресою: https://devpost.com/software/signbridge-tjcnv5
2026-06-22 22:35:59.030 | INFO     | src.scraper.project_detail_scraper:scrape_project_detail:23 - Збір деталей проекту за адресою: https://devpost.com/software/clonbrow-v2
2026-06-22 22:36:01.234 | INFO     | src.scraper.project_detail_scraper:scrape_project_detail:23 - Збір деталей проекту за адресою: https://devpost.com/software/veritas-gtiw48
2026-06-22 22:36:03.031 | INFO     | src.scraper.project_detail_scraper:scrape_project_detail:23 - Збір деталей проекту за адресою: https://devpost.com/software/lumora-ozjvfn
2026-06-22 22:36:04.137 | INFO     | src.scraper.project_detail_scraper:scrape_project_detail:23 - Збір деталей проекту за адресою: https://devpost.com/software/ai-disaster-prediction-and-alert-system
2026-06-22 22:36:06.204 | INFO     | src.scraper.project_detail_scraper:scrape_project_detail:23 - Збір деталей проекту за адресою: https://devpost.com/software/microbeat-accessible-tech-for-motor-cognitive-rehab-at2mx4
2026-06-22 22:36:08.217 | INFO     | src.scraper.project_detail_scraper:scrape_project_detail:23 - Збір деталей проекту за адресою: https://devpost.com/software/triage-vatdyw
2026-06-22 22:36:10.334 | INFO     | src.scraper.project_detail_scraper:scrape_project_detail:23 - Збір деталей проекту за адресою: https://devpost.com/software/sparsh-mukthi-t6qlkr
2026-06-22 22:36:11.963 | INFO     | src.scraper.project_detail_scraper:scrape_project_detail:23 - Збір деталей проекту за адресою: https://devpost.com/software/recommendation-system-24poi5
2026-06-22 22:36:13.047 | INFO     | src.scraper.project_detail_scraper:scrape_project_detail:23 - Збір деталей проекту за адресою: https://devpost.com/software/a-z-learn
2026-06-22 22:36:15.012 | INFO     | src.scraper.project_detail_scraper:scrape_project_detail:23 - Збір деталей проекту за адресою: https://devpost.com/software/killbill-wam45d
2026-06-22 22:36:17.025 | INFO     | src.scraper.project_detail_scraper:scrape_project_detail:23 - Збір деталей проекту за адресою: https://devpost.com/software/codetwin
2026-06-22 22:36:19.483 | INFO     | src.scraper.project_detail_scraper:scrape_project_detail:23 - Збір деталей проекту за адресою: https://devpost.com/software/teacherrank-https-teacherrank-vercel-app
2026-06-22 22:36:21.643 | INFO     | src.scraper.project_detail_scraper:scrape_project_detail:23 - Збір деталей проекту за адресою: https://devpost.com/software/chronooptics
2026-06-22 22:36:23.645 | INFO     | src.scraper.project_detail_scraper:scrape_project_detail:23 - Збір деталей проекту за адресою: https://devpost.com/software/slatify
2026-06-22 22:36:25.476 | INFO     | src.scraper.project_detail_scraper:scrape_project_detail:23 - Збір деталей проекту за адресою: https://devpost.com/software/neon-labyrinth-race
2026-06-22 22:36:27.571 | INFO     | src.scraper.project_detail_scraper:scrape_project_detail:23 - Збір деталей проекту за адресою: https://devpost.com/software/student-companion-ai-chatbot
2026-06-22 22:36:28.825 | INFO     | src.scraper.project_detail_scraper:scrape_project_detail:23 - Збір деталей проекту за адресою: https://devpost.com/software/flabs
2026-06-22 22:36:30.979 | INFO     | src.scraper.project_detail_scraper:scrape_project_detail:23 - Збір деталей проекту за адресою: https://devpost.com/software/intelliquest-bx8vu9
2026-06-22 22:36:32.118 | INFO     | src.scraper.project_detail_scraper:scrape_project_detail:23 - Збір деталей проекту за адресою: https://devpost.com/software/studymate-7ir61w
2026-06-22 22:36:34.255 | INFO     | src.scraper.project_detail_scraper:scrape_project_detail:23 - Збір деталей проекту за адресою: https://devpost.com/software/codesage-i9u4nd
2026-06-22 22:36:36.311 | INFO     | src.scraper.project_detail_scraper:scrape_project_detail:23 - Збір деталей проекту за адресою: https://devpost.com/software/stemlens-ai
2026-06-22 22:36:38.319 | INFO     | src.scraper.project_detail_scraper:scrape_project_detail:23 - Збір деталей проекту за адресою: https://devpost.com/software/stem-lens
2026-06-22 22:36:39.456 | INFO     | src.scraper.project_detail_scraper:scrape_project_detail:23 - Збір деталей проекту за адресою: https://devpost.com/software/scisleuth
2026-06-22 22:36:41.592 | INFO     | src.scraper.project_detail_scraper:scrape_project_detail:23 - Збір деталей проекту за адресою: https://devpost.com/software/genmed-eds8vg
2026-06-22 22:36:43.742 | INFO     | src.scraper.project_detail_scraper:scrape_project_detail:23 - Збір деталей проекту за адресою: https://devpost.com/software/wakeupbuddy
2026-06-22 22:36:46.160 | INFO     | src.scraper.project_detail_scraper:scrape_project_detail:23 - Збір деталей проекту за адресою: https://devpost.com/software/novamind-ai-powered-stem-adventure
2026-06-22 22:36:48.258 | INFO     | src.scraper.project_detail_scraper:scrape_project_detail:23 - Збір деталей проекту за адресою: https://devpost.com/software/finshield-ai-pjbk7g
2026-06-22 22:36:49.511 | INFO     | src.scraper.project_detail_scraper:scrape_project_detail:23 - Збір деталей проекту за адресою: https://devpost.com/software/ghostengineer
2026-06-22 22:36:51.391 | INFO     | src.scraper.project_detail_scraper:scrape_project_detail:23 - Збір деталей проекту за адресою: https://devpost.com/software/provit
2026-06-22 22:36:53.560 | INFO     | src.scraper.project_detail_scraper:scrape_project_detail:23 - Збір деталей проекту за адресою: https://devpost.com/software/mentorcircle-pmt38e
2026-06-22 22:36:55.675 | INFO     | src.scraper.project_detail_scraper:scrape_project_detail:23 - Збір деталей проекту за адресою: https://devpost.com/software/devbloom-studio
2026-06-22 22:36:57.830 | INFO     | src.scraper.project_detail_scraper:scrape_project_detail:23 - Збір деталей проекту за адресою: https://devpost.com/software/major-match-kpte7y
2026-06-22 22:36:58.927 | INFO     | src.scraper.project_detail_scraper:scrape_project_detail:23 - Збір деталей проекту за адресою: https://devpost.com/software/buildit-urw59q
2026-06-22 22:37:01.334 | INFO     | src.scraper.project_detail_scraper:scrape_project_detail:23 - Збір деталей проекту за адресою: https://devpost.com/software/lorebound
2026-06-22 22:37:03.297 | INFO     | src.scraper.project_detail_scraper:scrape_project_detail:23 - Збір деталей проекту за адресою: https://devpost.com/software/marketmantra-6iyklf
2026-06-22 22:37:05.885 | INFO     | src.scraper.project_detail_scraper:scrape_project_detail:23 - Збір деталей проекту за адресою: https://devpost.com/software/watcher-nstuq1
2026-06-22 22:37:06.977 | INFO     | src.scraper.project_detail_scraper:scrape_project_detail:23 - Збір деталей проекту за адресою: https://devpost.com/software/edupath-ai-ey0rtu
2026-06-22 22:37:08.224 | INFO     | src.scraper.project_detail_scraper:scrape_project_detail:23 - Збір деталей проекту за адресою: https://devpost.com/software/edugrc-shield-interactive-ai-safety-governance-lab
2026-06-22 22:37:10.356 | INFO     | src.scraper.project_detail_scraper:scrape_project_detail:23 - Збір деталей проекту за адресою: https://devpost.com/software/signal-repair-qejsk0
2026-06-22 22:37:12.196 | INFO     | src.scraper.project_detail_scraper:scrape_project_detail:23 - Збір деталей проекту за адресою: https://devpost.com/software/stemate
2026-06-22 22:37:14.150 | INFO     | src.scraper.project_detail_scraper:scrape_project_detail:23 - Збір деталей проекту за адресою: https://devpost.com/software/mentio
2026-06-22 22:37:15.996 | INFO     | src.scraper.project_detail_scraper:scrape_project_detail:23 - Збір деталей проекту за адресою: https://devpost.com/software/resource-search-engine
2026-06-22 22:37:18.182 | INFO     | src.scraper.project_detail_scraper:scrape_project_detail:23 - Збір деталей проекту за адресою: https://devpost.com/software/tracer-2cx0ei
2026-06-22 22:37:20.657 | INFO     | src.scraper.project_detail_scraper:scrape_project_detail:23 - Збір деталей проекту за адресою: https://devpost.com/software/picolab
2026-06-22 22:37:23.195 | INFO     | src.scraper.project_detail_scraper:scrape_project_detail:23 - Збір деталей проекту за адресою: https://devpost.com/software/stemverse-ai
2026-06-22 22:37:25.491 | INFO     | src.scraper.project_detail_scraper:scrape_project_detail:23 - Збір деталей проекту за адресою: https://devpost.com/software/skillbridge-ai-bt5gf4
2026-06-22 22:37:27.407 | INFO     | src.scraper.project_detail_scraper:scrape_project_detail:23 - Збір деталей проекту за адресою: https://devpost.com/software/omnisprint
2026-06-22 22:37:29.395 | INFO     | src.scraper.project_detail_scraper:scrape_project_detail:23 - Збір деталей проекту за адресою: https://devpost.com/software/aegis-nexus-ai-autonomous-security-copilot
2026-06-22 22:37:31.511 | INFO     | src.scraper.project_detail_scraper:scrape_project_detail:23 - Збір деталей проекту за адресою: https://devpost.com/software/msomi-ai
2026-06-22 22:37:33.659 | INFO     | src.scraper.project_detail_scraper:scrape_project_detail:23 - Збір деталей проекту за адресою: https://devpost.com/software/neurostem-atlas
2026-06-22 22:37:34.733 | INFO     | src.scraper.project_detail_scraper:scrape_project_detail:23 - Збір деталей проекту за адресою: https://devpost.com/software/quanta-t5rsd3
2026-06-22 22:37:36.848 | INFO     | src.scraper.project_detail_scraper:scrape_project_detail:23 - Збір деталей проекту за адресою: https://devpost.com/software/rootcause-ai-pre9o2
2026-06-22 22:37:38.837 | INFO     | src.scraper.project_detail_scraper:scrape_project_detail:23 - Збір деталей проекту за адресою: https://devpost.com/software/stem-ai-tutor-sur9tv
2026-06-22 22:37:40.003 | INFO     | src.scraper.project_detail_scraper:scrape_project_detail:23 - Збір деталей проекту за адресою: https://devpost.com/software/ai-steam-lab
2026-06-22 22:37:41.985 | INFO     | src.scraper.project_detail_scraper:scrape_project_detail:23 - Збір деталей проекту за адресою: https://devpost.com/software/citadel-hotel
2026-06-22 22:37:44.200 | INFO     | src.scraper.project_detail_scraper:scrape_project_detail:23 - Збір деталей проекту за адресою: https://devpost.com/software/conjure-ai-5vcgu4
2026-06-22 22:37:46.202 | INFO     | src.scraper.project_detail_scraper:scrape_project_detail:23 - Збір деталей проекту за адресою: https://devpost.com/software/stemforge-ai-the-ai-learning-operating-system
2026-06-22 22:37:48.205 | INFO     | src.scraper.project_detail_scraper:scrape_project_detail:23 - Збір деталей проекту за адресою: https://devpost.com/software/stello
2026-06-22 22:37:49.235 | INFO     | src.scraper.project_detail_scraper:scrape_project_detail:23 - Збір деталей проекту за адресою: https://devpost.com/software/digicloset-24o5qz
2026-06-22 22:37:51.758 | INFO     | src.scraper.project_detail_scraper:scrape_project_detail:23 - Збір деталей проекту за адресою: https://devpost.com/software/mathgraph-dev
2026-06-22 22:37:53.721 | INFO     | src.scraper.project_detail_scraper:scrape_project_detail:23 - Збір деталей проекту за адресою: https://devpost.com/software/blood-donation-5s8xyu
2026-06-22 22:37:54.894 | INFO     | src.scraper.project_detail_scraper:scrape_project_detail:23 - Збір деталей проекту за адресою: https://devpost.com/software/gyaan-ai
2026-06-22 22:37:57.344 | INFO     | src.scraper.project_detail_scraper:scrape_project_detail:23 - Збір деталей проекту за адресою: https://devpost.com/software/devis-solaires-ai-edu
2026-06-22 22:37:59.320 | INFO     | src.scraper.project_detail_scraper:scrape_project_detail:23 - Збір деталей проекту за адресою: https://devpost.com/software/scholar-link-ai
2026-06-22 22:38:01.155 | INFO     | src.scraper.project_detail_scraper:scrape_project_detail:23 - Збір деталей проекту за адресою: https://devpost.com/software/intellistem-ai-revolutionizing-stem-education-i
2026-06-22 22:38:03.150 | INFO     | src.scraper.project_detail_scraper:scrape_project_detail:23 - Збір деталей проекту за адресою: https://devpost.com/software/stemvue
2026-06-22 22:38:05.093 | INFO     | src.scraper.project_detail_scraper:scrape_project_detail:23 - Збір деталей проекту за адресою: https://devpost.com/software/stemgenie-aoi
2026-06-22 22:38:06.775 | INFO     | src.scraper.project_detail_scraper:scrape_project_detail:23 - Збір деталей проекту за адресою: https://devpost.com/software/echo-graph
2026-06-22 22:38:08.910 | INFO     | src.scraper.project_detail_scraper:scrape_project_detail:23 - Збір деталей проекту за адресою: https://devpost.com/software/scoutbot
2026-06-22 22:38:10.101 | INFO     | src.scraper.project_detail_scraper:scrape_project_detail:23 - Збір деталей проекту за адресою: https://devpost.com/software/curiobuddy
2026-06-22 22:38:12.011 | INFO     | src.scraper.project_detail_scraper:scrape_project_detail:23 - Збір деталей проекту за адресою: https://devpost.com/software/g-a-i-a
2026-06-22 22:38:13.107 | INFO     | src.scraper.project_detail_scraper:scrape_project_detail:23 - Збір деталей проекту за адресою: https://devpost.com/software/asyncsignals
2026-06-22 22:38:15.292 | INFO     | src.scraper.project_detail_scraper:scrape_project_detail:23 - Збір деталей проекту за адресою: https://devpost.com/software/aura-ogqrd4
2026-06-22 22:38:17.665 | INFO     | src.scraper.project_detail_scraper:scrape_project_detail:23 - Збір деталей проекту за адресою: https://devpost.com/software/prime-papers
2026-06-22 22:38:18.712 | INFO     | src.scraper.project_detail_scraper:scrape_project_detail:23 - Збір деталей проекту за адресою: https://devpost.com/software/cogpace
2026-06-22 22:38:20.644 | INFO     | src.scraper.project_detail_scraper:scrape_project_detail:23 - Збір деталей проекту за адресою: https://devpost.com/software/virtual-stem-lab-assistant
2026-06-22 22:38:22.505 | INFO     | src.scraper.project_detail_scraper:scrape_project_detail:23 - Збір деталей проекту за адресою: https://devpost.com/software/trashmate-usqcz4
2026-06-22 22:38:23.626 | INFO     | src.scraper.project_detail_scraper:scrape_project_detail:23 - Збір деталей проекту за адресою: https://devpost.com/software/zenithlab-ai
2026-06-22 22:38:25.717 | INFO     | src.scraper.project_detail_scraper:scrape_project_detail:23 - Збір деталей проекту за адресою: https://devpost.com/software/im-telligent
2026-06-22 22:38:27.685 | INFO     | src.scraper.project_detail_scraper:scrape_project_detail:23 - Збір деталей проекту за адресою: https://devpost.com/software/atlock
2026-06-22 22:38:29.677 | INFO     | src.scraper.project_detail_scraper:scrape_project_detail:23 - Збір деталей проекту за адресою: https://devpost.com/software/ergolearn-e6mf3x
2026-06-22 22:38:31.500 | INFO     | src.scraper.project_detail_scraper:scrape_project_detail:23 - Збір деталей проекту за адресою: https://devpost.com/software/tactilify
2026-06-22 22:38:32.627 | INFO     | src.scraper.project_detail_scraper:scrape_project_detail:23 - Збір деталей проекту за адресою: https://devpost.com/software/docfix-studio-ai-study-document-cleaner
2026-06-22 22:38:34.482 | INFO     | src.scraper.project_detail_scraper:scrape_project_detail:23 - Збір деталей проекту за адресою: https://devpost.com/software/concept-dna
2026-06-22 22:38:36.553 | INFO     | src.scraper.project_detail_scraper:scrape_project_detail:23 - Збір деталей проекту за адресою: https://devpost.com/software/a2a-mediflow-ai-healthcontext-ai
2026-06-22 22:38:38.892 | INFO     | src.scraper.project_detail_scraper:scrape_project_detail:23 - Збір деталей проекту за адресою: https://devpost.com/software/altiverse
2026-06-22 22:38:40.745 | INFO     | src.scraper.project_detail_scraper:scrape_project_detail:23 - Збір деталей проекту за адресою: https://devpost.com/software/axiom-the-universe-that-runs-on-your-mistakes
2026-06-22 22:38:41.803 | INFO     | src.scraper.project_detail_scraper:scrape_project_detail:23 - Збір деталей проекту за адресою: https://devpost.com/software/playlab
2026-06-22 22:38:42.991 | INFO     | src.scraper.project_detail_scraper:scrape_project_detail:23 - Збір деталей проекту за адресою: https://devpost.com/software/stem-lab-ai
2026-06-22 22:38:44.897 | INFO     | src.scraper.project_detail_scraper:scrape_project_detail:23 - Збір деталей проекту за адресою: https://devpost.com/software/astrosim-ai-interactive-gravity-sandbox-ai-stem-tutor
2026-06-22 22:38:46.846 | INFO     | src.scraper.project_detail_scraper:scrape_project_detail:23 - Збір деталей проекту за адресою: https://devpost.com/software/stemify-uwtyx6
2026-06-22 22:38:48.619 | INFO     | src.scraper.project_detail_scraper:scrape_project_detail:23 - Збір деталей проекту за адресою: https://devpost.com/software/horizon-stem-ai
2026-06-22 22:38:50.752 | INFO     | src.scraper.project_detail_scraper:scrape_project_detail:23 - Збір деталей проекту за адресою: https://devpost.com/software/robo-verse
2026-06-22 22:38:52.701 | INFO     | src.scraper.project_detail_scraper:scrape_project_detail:23 - Збір деталей проекту за адресою: https://devpost.com/software/arenapulse
2026-06-22 22:38:54.755 | INFO     | src.scraper.project_detail_scraper:scrape_project_detail:23 - Збір деталей проекту за адресою: https://devpost.com/software/axomed-prototype-1
2026-06-22 22:38:56.937 | INFO     | src.scraper.project_detail_scraper:scrape_project_detail:23 - Збір деталей проекту за адресою: https://devpost.com/software/sci-sim
2026-06-22 22:38:58.900 | INFO     | src.scraper.project_detail_scraper:scrape_project_detail:23 - Збір деталей проекту за адресою: https://devpost.com/software/krishimitra-ai-smart-farming-assistant-for-kerala-farmers-h6kgbl
2026-06-22 22:39:00.820 | INFO     | src.scraper.project_detail_scraper:scrape_project_detail:23 - Збір деталей проекту за адресою: https://devpost.com/software/hormonelens-x39nd8
2026-06-22 22:39:01.988 | INFO     | src.scraper.project_detail_scraper:scrape_project_detail:23 - Збір деталей проекту за адресою: https://devpost.com/software/blackout-4ergbc
2026-06-22 22:39:03.804 | INFO     | src.scraper.project_detail_scraper:scrape_project_detail:23 - Збір деталей проекту за адресою: https://devpost.com/software/forafuture
2026-06-22 22:39:04.883 | INFO     | src.scraper.project_detail_scraper:scrape_project_detail:23 - Збір деталей проекту за адресою: https://devpost.com/software/visual-problem-transformer
2026-06-22 22:39:07.028 | INFO     | src.scraper.project_detail_scraper:scrape_project_detail:23 - Збір деталей проекту за адресою: https://devpost.com/software/neurolearn-l0hazv
2026-06-22 22:39:09.187 | INFO     | src.scraper.project_detail_scraper:scrape_project_detail:23 - Збір деталей проекту за адресою: https://devpost.com/software/sage-dtukeb
2026-06-22 22:39:11.194 | INFO     | src.scraper.project_detail_scraper:scrape_project_detail:23 - Збір деталей проекту за адресою: https://devpost.com/software/orbit-ai-stem-lab
2026-06-22 22:39:13.165 | INFO     | src.scraper.project_detail_scraper:scrape_project_detail:23 - Збір деталей проекту за адресою: https://devpost.com/software/classloop-bx67h4
2026-06-22 22:39:14.305 | INFO     | src.scraper.project_detail_scraper:scrape_project_detail:23 - Збір деталей проекту за адресою: https://devpost.com/software/stemcraft-ai
2026-06-22 22:39:16.301 | INFO     | src.scraper.project_detail_scraper:scrape_project_detail:23 - Збір деталей проекту за адресою: https://devpost.com/software/stem-detective
2026-06-22 22:39:18.380 | INFO     | src.scraper.project_detail_scraper:scrape_project_detail:23 - Збір деталей проекту за адресою: https://devpost.com/software/neuroflow-ai-m4h6pi
2026-06-22 22:39:20.639 | INFO     | src.scraper.project_detail_scraper:scrape_project_detail:23 - Збір деталей проекту за адресою: https://devpost.com/software/nexusai-autonomous-fintech-command-center
2026-06-22 22:39:22.764 | INFO     | src.scraper.project_detail_scraper:scrape_project_detail:23 - Збір деталей проекту за адресою: https://devpost.com/software/proofsift
2026-06-22 22:39:25.340 | INFO     | src.scraper.project_detail_scraper:scrape_project_detail:23 - Збір деталей проекту за адресою: https://devpost.com/software/nivesh-ai
2026-06-22 22:39:27.365 | INFO     | src.scraper.project_detail_scraper:scrape_project_detail:23 - Збір деталей проекту за адресою: https://devpost.com/software/fin-wise-o9p4av
2026-06-22 22:39:30.037 | INFO     | src.scraper.project_detail_scraper:scrape_project_detail:23 - Збір деталей проекту за адресою: https://devpost.com/software/vizo-cd4smw
2026-06-22 22:39:31.956 | INFO     | src.scraper.project_detail_scraper:scrape_project_detail:23 - Збір деталей проекту за адресою: https://devpost.com/software/yggdrasil-ry2jin
2026-06-22 22:39:33.899 | INFO     | src.scraper.project_detail_scraper:scrape_project_detail:23 - Збір деталей проекту за адресою: https://devpost.com/software/civora
2026-06-22 22:39:35.984 | INFO     | src.scraper.project_detail_scraper:scrape_project_detail:23 - Збір деталей проекту за адресою: https://devpost.com/software/simuniverse
2026-06-22 22:39:38.416 | INFO     | src.scraper.project_detail_scraper:scrape_project_detail:23 - Збір деталей проекту за адресою: https://devpost.com/software/aura-n02pra
2026-06-22 22:39:39.618 | INFO     | src.scraper.project_detail_scraper:scrape_project_detail:23 - Збір деталей проекту за адресою: https://devpost.com/software/divi-ai-0138vt
2026-06-22 22:39:40.721 | INFO     | src.scraper.project_detail_scraper:scrape_project_detail:23 - Збір деталей проекту за адресою: https://devpost.com/software/opticore-jkn3i0
2026-06-22 22:39:43.031 | INFO     | src.scraper.project_detail_scraper:scrape_project_detail:23 - Збір деталей проекту за адресою: https://devpost.com/software/medqtrack
2026-06-22 22:39:45.247 | INFO     | src.scraper.project_detail_scraper:scrape_project_detail:23 - Збір деталей проекту за адресою: https://devpost.com/software/unpark-fjwrd4
2026-06-22 22:39:47.420 | INFO     | src.scraper.project_detail_scraper:scrape_project_detail:23 - Збір деталей проекту за адресою: https://devpost.com/software/foodshare-ys7jp2
2026-06-22 22:39:49.809 | INFO     | src.scraper.project_detail_scraper:scrape_project_detail:23 - Збір деталей проекту за адресою: https://devpost.com/software/scisim
2026-06-22 22:39:51.782 | INFO     | src.scraper.project_detail_scraper:scrape_project_detail:23 - Збір деталей проекту за адресою: https://devpost.com/software/titralab-ai-virtual-titration-lab
2026-06-22 22:39:53.839 | INFO     | src.scraper.project_detail_scraper:scrape_project_detail:23 - Збір деталей проекту за адресою: https://devpost.com/software/de-3vjpt4
2026-06-22 22:39:55.824 | INFO     | src.scraper.project_detail_scraper:scrape_project_detail:23 - Збір деталей проекту за адресою: https://devpost.com/software/sciforge-ai
2026-06-22 22:39:58.036 | INFO     | src.scraper.project_detail_scraper:scrape_project_detail:23 - Збір деталей проекту за адресою: https://devpost.com/software/stemflow-ai-learning-reinforcement-system-cjotmv
2026-06-22 22:40:00.240 | INFO     | src.scraper.project_detail_scraper:scrape_project_detail:23 - Збір деталей проекту за адресою: https://devpost.com/software/sparky-y1ud59
2026-06-22 22:40:02.804 | INFO     | src.scraper.project_detail_scraper:scrape_project_detail:23 - Збір деталей проекту за адресою: https://devpost.com/software/novamind-ai
2026-06-22 22:40:04.847 | INFO     | src.scraper.project_detail_scraper:scrape_project_detail:23 - Збір деталей проекту за адресою: https://devpost.com/software/mlops-playground
2026-06-22 22:40:06.996 | INFO     | src.scraper.project_detail_scraper:scrape_project_detail:23 - Збір деталей проекту за адресою: https://devpost.com/software/circuitsathi
2026-06-22 22:40:09.098 | INFO     | src.scraper.project_detail_scraper:scrape_project_detail:23 - Збір деталей проекту за адресою: https://devpost.com/software/lablens-rtavzo
2026-06-22 22:40:11.343 | INFO     | src.scraper.project_detail_scraper:scrape_project_detail:23 - Збір деталей проекту за адресою: https://devpost.com/software/eduflix-s8q2fx
2026-06-22 22:40:13.476 | INFO     | src.scraper.project_detail_scraper:scrape_project_detail:23 - Збір деталей проекту за адресою: https://devpost.com/software/stem-sandbox
2026-06-22 22:40:14.601 | INFO     | src.scraper.project_detail_scraper:scrape_project_detail:23 - Збір деталей проекту за адресою: https://devpost.com/software/smart-school-system-bell
2026-06-22 22:40:16.969 | INFO     | src.scraper.project_detail_scraper:scrape_project_detail:23 - Збір деталей проекту за адресою: https://devpost.com/software/stempilot-ai
2026-06-22 22:40:19.022 | INFO     | src.scraper.project_detail_scraper:scrape_project_detail:23 - Збір деталей проекту за адресою: https://devpost.com/software/punjab-sabak-portal
2026-06-22 22:40:20.452 | INFO     | src.scraper.project_detail_scraper:scrape_project_detail:23 - Збір деталей проекту за адресою: https://devpost.com/software/jarvis-mnfu3s
2026-06-22 22:40:22.343 | INFO     | src.scraper.project_detail_scraper:scrape_project_detail:23 - Збір деталей проекту за адресою: https://devpost.com/software/office-rpg-the-career-training-simulator-qyfovm
2026-06-22 22:40:23.527 | INFO     | src.scraper.project_detail_scraper:scrape_project_detail:23 - Збір деталей проекту за адресою: https://devpost.com/software/notemind-ai-talk-to-your-notes-3wt98p
2026-06-22 22:40:25.570 | INFO     | src.scraper.project_detail_scraper:scrape_project_detail:23 - Збір деталей проекту за адресою: https://devpost.com/software/intelliquiz
2026-06-22 22:40:27.599 | INFO     | src.scraper.project_detail_scraper:scrape_project_detail:23 - Збір деталей проекту за адресою: https://devpost.com/software/truthlens-fwo02r
2026-06-22 22:40:28.926 | INFO     | src.scraper.project_detail_scraper:scrape_project_detail:23 - Збір деталей проекту за адресою: https://devpost.com/software/flowhale-ai-powered-korean-listening-vocabulary-game
2026-06-22 22:40:30.436 | INFO     | src.scraper.project_detail_scraper:scrape_project_detail:23 - Збір деталей проекту за адресою: https://devpost.com/software/labmateai
2026-06-22 22:40:32.488 | INFO     | src.scraper.project_detail_scraper:scrape_project_detail:23 - Збір деталей проекту за адресою: https://devpost.com/software/vidya-setu-b5xi0y
2026-06-22 22:40:34.633 | INFO     | src.scraper.project_detail_scraper:scrape_project_detail:23 - Збір деталей проекту за адресою: https://devpost.com/software/t-os-ai-powered-systems-education-platform
2026-06-22 22:40:36.976 | INFO     | src.scraper.project_detail_scraper:scrape_project_detail:23 - Збір деталей проекту за адресою: https://devpost.com/software/labai
2026-06-22 22:40:38.990 | INFO     | src.scraper.project_detail_scraper:scrape_project_detail:23 - Збір деталей проекту за адресою: https://devpost.com/software/axiom-orthogonal-modeling
2026-06-22 22:40:40.072 | INFO     | src.scraper.project_detail_scraper:scrape_project_detail:23 - Збір деталей проекту за адресою: https://devpost.com/software/math-sat-browser-extension-tutor
2026-06-22 22:40:41.948 | INFO     | src.scraper.project_detail_scraper:scrape_project_detail:23 - Збір деталей проекту за адресою: https://devpost.com/software/skillboard
2026-06-22 22:40:43.840 | INFO     | src.scraper.project_detail_scraper:scrape_project_detail:23 - Збір деталей проекту за адресою: https://devpost.com/software/visionaid-congo
2026-06-22 22:40:46.173 | INFO     | src.scraper.project_detail_scraper:scrape_project_detail:23 - Збір деталей проекту за адресою: https://devpost.com/software/edumind-ai-ga3fjk
2026-06-22 22:40:48.012 | INFO     | src.scraper.project_detail_scraper:scrape_project_detail:23 - Збір деталей проекту за адресою: https://devpost.com/software/visualizer-ymi78s
2026-06-22 22:40:49.249 | INFO     | src.scraper.project_detail_scraper:scrape_project_detail:23 - Збір деталей проекту за адресою: https://devpost.com/software/questai-h9vs6x
2026-06-22 22:40:50.318 | INFO     | src.scraper.project_detail_scraper:scrape_project_detail:23 - Збір деталей проекту за адресою: https://devpost.com/software/green-basket-2wutmx
2026-06-22 22:40:52.276 | INFO     | __main__:run_full_ingestion:115 - Успішно імпортовано хакатон: DSH Hacks V1 (283 проектів).
2026-06-22 22:40:54.278 | INFO     | __main__:run_full_ingestion:46 - [12/24] Початок збору даних для: Learning Hackathon: Spec Driven Development...
2026-06-22 22:40:54.279 | INFO     | src.scraper.hackathon_detail_scraper:scrape_hackathon_detail:19 - Збір деталей для хакатону за адресою: https://learn-ai.devpost.com/
2026-06-22 22:40:55.268 | INFO     | src.scraper.projects_scraper:fetch_hackathon_projects:31 - Запуск збору проектів для субдомену: learn-ai
2026-06-22 22:40:55.269 | INFO     | src.scraper.projects_scraper:fetch_hackathon_projects:35 - Збір проектів, сторінка 1...
2026-06-22 22:40:55.995 | INFO     | src.scraper.projects_scraper:fetch_hackathon_projects:52 - На сторінці 1 більше немає карток проектів. Завершуємо збір.
2026-06-22 22:40:55.996 | INFO     | __main__:run_full_ingestion:72 - Знайдено проектів для обробки: 0
2026-06-22 22:40:56.001 | INFO     | __main__:run_full_ingestion:115 - Успішно імпортовано хакатон: Learning Hackathon: Spec Driven Development (0 проектів).
2026-06-22 22:40:58.003 | INFO     | __main__:run_full_ingestion:46 - [13/24] Початок збору даних для: UC Berkeley AI Hackathon 2026...
2026-06-22 22:40:58.004 | INFO     | src.scraper.hackathon_detail_scraper:scrape_hackathon_detail:19 - Збір деталей для хакатону за адресою: https://ai-hackathon-2026.devpost.com/
2026-06-22 22:40:58.881 | INFO     | src.scraper.projects_scraper:fetch_hackathon_projects:31 - Запуск збору проектів для субдомену: ai-hackathon-2026
2026-06-22 22:40:58.881 | INFO     | src.scraper.projects_scraper:fetch_hackathon_projects:35 - Збір проектів, сторінка 1...
2026-06-22 22:40:59.869 | INFO     | src.scraper.projects_scraper:fetch_hackathon_projects:107 - Сторінка 1: успішно зчитано 24 проектів.
2026-06-22 22:41:01.869 | INFO     | src.scraper.projects_scraper:fetch_hackathon_projects:35 - Збір проектів, сторінка 2...
2026-06-22 22:41:03.267 | INFO     | src.scraper.projects_scraper:fetch_hackathon_projects:107 - Сторінка 2: успішно зчитано 24 проектів.
2026-06-22 22:41:05.268 | INFO     | src.scraper.projects_scraper:fetch_hackathon_projects:35 - Збір проектів, сторінка 3...
2026-06-22 22:41:06.609 | INFO     | src.scraper.projects_scraper:fetch_hackathon_projects:107 - Сторінка 3: успішно зчитано 24 проектів.
2026-06-22 22:41:08.609 | INFO     | src.scraper.projects_scraper:fetch_hackathon_projects:35 - Збір проектів, сторінка 4...
2026-06-22 22:41:10.084 | INFO     | src.scraper.projects_scraper:fetch_hackathon_projects:107 - Сторінка 4: успішно зчитано 24 проектів.
2026-06-22 22:41:12.084 | INFO     | src.scraper.projects_scraper:fetch_hackathon_projects:35 - Збір проектів, сторінка 5...
2026-06-22 22:41:13.573 | INFO     | src.scraper.projects_scraper:fetch_hackathon_projects:107 - Сторінка 5: успішно зчитано 24 проектів.
2026-06-22 22:41:15.574 | INFO     | src.scraper.projects_scraper:fetch_hackathon_projects:35 - Збір проектів, сторінка 6...
2026-06-22 22:41:16.908 | INFO     | src.scraper.projects_scraper:fetch_hackathon_projects:107 - Сторінка 6: успішно зчитано 24 проектів.
2026-06-22 22:41:18.909 | INFO     | src.scraper.projects_scraper:fetch_hackathon_projects:35 - Збір проектів, сторінка 7...
2026-06-22 22:41:20.329 | INFO     | src.scraper.projects_scraper:fetch_hackathon_projects:107 - Сторінка 7: успішно зчитано 24 проектів.
2026-06-22 22:41:22.331 | INFO     | src.scraper.projects_scraper:fetch_hackathon_projects:35 - Збір проектів, сторінка 8...
2026-06-22 22:41:23.895 | INFO     | src.scraper.projects_scraper:fetch_hackathon_projects:107 - Сторінка 8: успішно зчитано 24 проектів.
2026-06-22 22:41:25.897 | INFO     | src.scraper.projects_scraper:fetch_hackathon_projects:35 - Збір проектів, сторінка 9...
2026-06-22 22:41:27.435 | INFO     | src.scraper.projects_scraper:fetch_hackathon_projects:107 - Сторінка 9: успішно зчитано 24 проектів.
2026-06-22 22:41:29.436 | INFO     | src.scraper.projects_scraper:fetch_hackathon_projects:35 - Збір проектів, сторінка 10...
2026-06-22 22:41:30.778 | INFO     | src.scraper.projects_scraper:fetch_hackathon_projects:107 - Сторінка 10: успішно зчитано 24 проектів.
2026-06-22 22:41:32.779 | INFO     | src.scraper.projects_scraper:fetch_hackathon_projects:35 - Збір проектів, сторінка 11...
2026-06-22 22:41:34.170 | INFO     | src.scraper.projects_scraper:fetch_hackathon_projects:107 - Сторінка 11: успішно зчитано 24 проектів.
2026-06-22 22:41:36.172 | INFO     | src.scraper.projects_scraper:fetch_hackathon_projects:35 - Збір проектів, сторінка 12...
2026-06-22 22:41:37.494 | INFO     | src.scraper.projects_scraper:fetch_hackathon_projects:107 - Сторінка 12: успішно зчитано 24 проектів.
2026-06-22 22:41:39.495 | INFO     | src.scraper.projects_scraper:fetch_hackathon_projects:35 - Збір проектів, сторінка 13...
2026-06-22 22:41:40.862 | INFO     | src.scraper.projects_scraper:fetch_hackathon_projects:107 - Сторінка 13: успішно зчитано 24 проектів.
2026-06-22 22:41:42.863 | INFO     | src.scraper.projects_scraper:fetch_hackathon_projects:35 - Збір проектів, сторінка 14...
2026-06-22 22:41:44.211 | INFO     | src.scraper.projects_scraper:fetch_hackathon_projects:107 - Сторінка 14: успішно зчитано 24 проектів.
2026-06-22 22:41:46.212 | INFO     | src.scraper.projects_scraper:fetch_hackathon_projects:35 - Збір проектів, сторінка 15...
2026-06-22 22:41:47.851 | INFO     | src.scraper.projects_scraper:fetch_hackathon_projects:107 - Сторінка 15: успішно зчитано 24 проектів.
2026-06-22 22:41:49.853 | INFO     | src.scraper.projects_scraper:fetch_hackathon_projects:35 - Збір проектів, сторінка 16...
2026-06-22 22:41:51.218 | INFO     | src.scraper.projects_scraper:fetch_hackathon_projects:107 - Сторінка 16: успішно зчитано 24 проектів.
2026-06-22 22:41:53.219 | INFO     | src.scraper.projects_scraper:fetch_hackathon_projects:35 - Збір проектів, сторінка 17...
2026-06-22 22:41:54.482 | INFO     | src.scraper.projects_scraper:fetch_hackathon_projects:107 - Сторінка 17: успішно зчитано 16 проектів.
2026-06-22 22:41:56.482 | INFO     | src.scraper.projects_scraper:fetch_hackathon_projects:35 - Збір проектів, сторінка 18...
2026-06-22 22:41:57.259 | INFO     | src.scraper.projects_scraper:fetch_hackathon_projects:52 - На сторінці 18 більше немає карток проектів. Завершуємо збір.
2026-06-22 22:41:57.260 | INFO     | __main__:run_full_ingestion:72 - Знайдено проектів для обробки: 400
2026-06-22 22:41:57.260 | INFO     | src.scraper.project_detail_scraper:scrape_project_detail:23 - Збір деталей проекту за адресою: https://devpost.com/software/scaffold-84plfg
2026-06-22 22:41:59.636 | INFO     | src.scraper.project_detail_scraper:scrape_project_detail:23 - Збір деталей проекту за адресою: https://devpost.com/software/remark-ow4myn
2026-06-22 22:42:02.003 | INFO     | src.scraper.project_detail_scraper:scrape_project_detail:23 - Збір деталей проекту за адресою: https://devpost.com/software/call-with-hands
2026-06-22 22:42:04.009 | INFO     | src.scraper.project_detail_scraper:scrape_project_detail:23 - Збір деталей проекту за адресою: https://devpost.com/software/datalab-ai
2026-06-22 22:42:05.180 | INFO     | src.scraper.project_detail_scraper:scrape_project_detail:23 - Збір деталей проекту за адресою: https://devpost.com/software/stratum-yg7mfv
2026-06-22 22:42:06.286 | INFO     | src.scraper.project_detail_scraper:scrape_project_detail:23 - Збір деталей проекту за адресою: https://devpost.com/software/shadowguard-ai-26q9y0
2026-06-22 22:42:08.264 | INFO     | src.scraper.project_detail_scraper:scrape_project_detail:23 - Збір деталей проекту за адресою: https://devpost.com/software/simulationos
2026-06-22 22:42:10.365 | INFO     | src.scraper.project_detail_scraper:scrape_project_detail:23 - Збір деталей проекту за адресою: https://devpost.com/software/riposte-break-the-model-prove-it-patch-it
2026-06-22 22:42:12.387 | INFO     | src.scraper.project_detail_scraper:scrape_project_detail:23 - Збір деталей проекту за адресою: https://devpost.com/software/traid-h6db5a
2026-06-22 22:42:14.688 | INFO     | src.scraper.project_detail_scraper:scrape_project_detail:23 - Збір деталей проекту за адресою: https://devpost.com/software/neuroholo
2026-06-22 22:42:16.694 | INFO     | src.scraper.project_detail_scraper:scrape_project_detail:23 - Збір деталей проекту за адресою: https://devpost.com/software/winnow-dzb281
2026-06-22 22:42:19.083 | INFO     | src.scraper.project_detail_scraper:scrape_project_detail:23 - Збір деталей проекту за адресою: https://devpost.com/software/calhack-ai-26
2026-06-22 22:42:21.276 | INFO     | src.scraper.project_detail_scraper:scrape_project_detail:23 - Збір деталей проекту за адресою: https://devpost.com/software/ramp-2igw7p
2026-06-22 22:42:23.257 | INFO     | src.scraper.project_detail_scraper:scrape_project_detail:23 - Збір деталей проекту за адресою: https://devpost.com/software/cogloop
2026-06-22 22:42:24.376 | INFO     | src.scraper.project_detail_scraper:scrape_project_detail:23 - Збір деталей проекту за адресою: https://devpost.com/software/triple-l
2026-06-22 22:42:26.512 | INFO     | src.scraper.project_detail_scraper:scrape_project_detail:23 - Збір деталей проекту за адресою: https://devpost.com/software/bananaduck
2026-06-22 22:42:27.674 | INFO     | src.scraper.project_detail_scraper:scrape_project_detail:23 - Збір деталей проекту за адресою: https://devpost.com/software/le-outings
2026-06-22 22:42:28.710 | INFO     | src.scraper.project_detail_scraper:scrape_project_detail:23 - Збір деталей проекту за адресою: https://devpost.com/software/re-dream
2026-06-22 22:42:30.725 | INFO     | src.scraper.project_detail_scraper:scrape_project_detail:23 - Збір деталей проекту за адресою: https://devpost.com/software/dietmate
2026-06-22 22:42:31.864 | INFO     | src.scraper.project_detail_scraper:scrape_project_detail:23 - Збір деталей проекту за адресою: https://devpost.com/software/match-vision
2026-06-22 22:42:33.941 | INFO     | src.scraper.project_detail_scraper:scrape_project_detail:23 - Збір деталей проекту за адресою: https://devpost.com/software/lol-mpraqn
2026-06-22 22:42:35.103 | INFO     | src.scraper.project_detail_scraper:scrape_project_detail:23 - Збір деталей проекту за адресою: https://devpost.com/software/ribbit-rtnfvg
2026-06-22 22:42:37.288 | INFO     | src.scraper.project_detail_scraper:scrape_project_detail:23 - Збір деталей проекту за адресою: https://devpost.com/software/margin-6lcfs7
2026-06-22 22:42:39.464 | INFO     | src.scraper.project_detail_scraper:scrape_project_detail:23 - Збір деталей проекту за адресою: https://devpost.com/software/rocketcursor
2026-06-22 22:42:41.292 | INFO     | src.scraper.project_detail_scraper:scrape_project_detail:23 - Збір деталей проекту за адресою: https://devpost.com/software/assistantai
2026-06-22 22:42:43.432 | INFO     | src.scraper.project_detail_scraper:scrape_project_detail:23 - Збір деталей проекту за адресою: https://devpost.com/software/treasurelens-ai
2026-06-22 22:42:44.622 | INFO     | src.scraper.project_detail_scraper:scrape_project_detail:23 - Збір деталей проекту за адресою: https://devpost.com/software/redundant
2026-06-22 22:42:46.957 | INFO     | src.scraper.project_detail_scraper:scrape_project_detail:23 - Збір деталей проекту за адресою: https://devpost.com/software/vid-scribe
2026-06-22 22:42:48.919 | INFO     | src.scraper.project_detail_scraper:scrape_project_detail:23 - Збір деталей проекту за адресою: https://devpost.com/software/watchtower-ai-qgi0sa
2026-06-22 22:42:51.324 | INFO     | src.scraper.project_detail_scraper:scrape_project_detail:23 - Збір деталей проекту за адресою: https://devpost.com/software/passage-skdf8a
2026-06-22 22:42:53.427 | INFO     | src.scraper.project_detail_scraper:scrape_project_detail:23 - Збір деталей проекту за адресою: https://devpost.com/software/college-copilot
2026-06-22 22:42:55.470 | INFO     | src.scraper.project_detail_scraper:scrape_project_detail:23 - Збір деталей проекту за адресою: https://devpost.com/software/mimic-show-don-t-code
2026-06-22 22:42:57.801 | INFO     | src.scraper.project_detail_scraper:scrape_project_detail:23 - Збір деталей проекту за адресою: https://devpost.com/software/pose-simon
2026-06-22 22:42:58.930 | INFO     | src.scraper.project_detail_scraper:scrape_project_detail:23 - Збір деталей проекту за адресою: https://devpost.com/software/studforge
2026-06-22 22:43:00.801 | INFO     | src.scraper.project_detail_scraper:scrape_project_detail:23 - Збір деталей проекту за адресою: https://devpost.com/software/immunify-dnv043
2026-06-22 22:43:02.934 | INFO     | src.scraper.project_detail_scraper:scrape_project_detail:23 - Збір деталей проекту за адресою: https://devpost.com/software/landingmate-ai
2026-06-22 22:43:04.994 | INFO     | src.scraper.project_detail_scraper:scrape_project_detail:23 - Збір деталей проекту за адресою: https://devpost.com/software/quasiqinetic
2026-06-22 22:43:06.174 | INFO     | src.scraper.project_detail_scraper:scrape_project_detail:23 - Збір деталей проекту за адресою: https://devpost.com/software/lifetap
2026-06-22 22:43:08.481 | INFO     | src.scraper.project_detail_scraper:scrape_project_detail:23 - Збір деталей проекту за адресою: https://devpost.com/software/nazaya-haven
2026-06-22 22:43:10.406 | INFO     | src.scraper.project_detail_scraper:scrape_project_detail:23 - Збір деталей проекту за адресою: https://devpost.com/software/ledger-ybhkg2
2026-06-22 22:43:12.399 | INFO     | src.scraper.project_detail_scraper:scrape_project_detail:23 - Збір деталей проекту за адресою: https://devpost.com/software/movemate-1wck8u
2026-06-22 22:43:13.477 | INFO     | src.scraper.project_detail_scraper:scrape_project_detail:23 - Збір деталей проекту за адресою: https://devpost.com/software/myautobenefits
2026-06-22 22:43:15.492 | INFO     | src.scraper.project_detail_scraper:scrape_project_detail:23 - Збір деталей проекту за адресою: https://devpost.com/software/rrr-s98zwc
2026-06-22 22:43:17.392 | INFO     | src.scraper.project_detail_scraper:scrape_project_detail:23 - Збір деталей проекту за адресою: https://devpost.com/software/celiacbot
2026-06-22 22:43:19.222 | INFO     | src.scraper.project_detail_scraper:scrape_project_detail:23 - Збір деталей проекту за адресою: https://devpost.com/software/foreman-j2kscg
2026-06-22 22:43:20.304 | INFO     | src.scraper.project_detail_scraper:scrape_project_detail:23 - Збір деталей проекту за адресою: https://devpost.com/software/gridmind-t42omn
2026-06-22 22:43:22.501 | INFO     | src.scraper.project_detail_scraper:scrape_project_detail:23 - Збір деталей проекту за адресою: https://devpost.com/software/reasoning-under-pressure
2026-06-22 22:43:24.381 | INFO     | src.scraper.project_detail_scraper:scrape_project_detail:23 - Збір деталей проекту за адресою: https://devpost.com/software/aaa-8xq2io
2026-06-22 22:43:26.581 | INFO     | src.scraper.project_detail_scraper:scrape_project_detail:23 - Збір деталей проекту за адресою: https://devpost.com/software/interviewiq-kcam9v
2026-06-22 22:43:27.647 | INFO     | src.scraper.project_detail_scraper:scrape_project_detail:23 - Збір деталей проекту за адресою: https://devpost.com/software/blackbox-450mkg
2026-06-22 22:43:28.742 | INFO     | src.scraper.project_detail_scraper:scrape_project_detail:23 - Збір деталей проекту за адресою: https://devpost.com/software/walletos
2026-06-22 22:43:30.879 | INFO     | src.scraper.project_detail_scraper:scrape_project_detail:23 - Збір деталей проекту за адресою: https://devpost.com/software/cortex-4hg1tz
2026-06-22 22:43:32.139 | INFO     | src.scraper.project_detail_scraper:scrape_project_detail:23 - Збір деталей проекту за адресою: https://devpost.com/software/recall-tpfq6l
2026-06-22 22:43:34.673 | INFO     | src.scraper.project_detail_scraper:scrape_project_detail:23 - Збір деталей проекту за адресою: https://devpost.com/software/dream-book-jg0qno
2026-06-22 22:43:37.029 | INFO     | src.scraper.project_detail_scraper:scrape_project_detail:23 - Збір деталей проекту за адресою: https://devpost.com/software/sherlock-b4mksd
2026-06-22 22:43:39.591 | INFO     | src.scraper.project_detail_scraper:scrape_project_detail:23 - Збір деталей проекту за адресою: https://devpost.com/software/browsecheck
2026-06-22 22:43:41.817 | INFO     | src.scraper.project_detail_scraper:scrape_project_detail:23 - Збір деталей проекту за адресою: https://devpost.com/software/cerebra-diqop9
2026-06-22 22:43:43.927 | INFO     | src.scraper.project_detail_scraper:scrape_project_detail:23 - Збір деталей проекту за адресою: https://devpost.com/software/dryrun
2026-06-22 22:43:45.913 | INFO     | src.scraper.project_detail_scraper:scrape_project_detail:23 - Збір деталей проекту за адресою: https://devpost.com/software/kokua-cb1hmu
2026-06-22 22:43:47.010 | INFO     | src.scraper.project_detail_scraper:scrape_project_detail:23 - Збір деталей проекту за адресою: https://devpost.com/software/aintercept
2026-06-22 22:43:48.974 | INFO     | src.scraper.project_detail_scraper:scrape_project_detail:23 - Збір деталей проекту за адресою: https://devpost.com/software/constructa
2026-06-22 22:43:51.552 | INFO     | src.scraper.project_detail_scraper:scrape_project_detail:23 - Збір деталей проекту за адресою: https://devpost.com/software/parksmart-j6zm89
2026-06-22 22:43:52.651 | INFO     | src.scraper.project_detail_scraper:scrape_project_detail:23 - Збір деталей проекту за адресою: https://devpost.com/software/ai-crypto-trader
2026-06-22 22:43:53.751 | INFO     | src.scraper.project_detail_scraper:scrape_project_detail:23 - Збір деталей проекту за адресою: https://devpost.com/software/hello-sea
2026-06-22 22:43:55.486 | INFO     | src.scraper.project_detail_scraper:scrape_project_detail:23 - Збір деталей проекту за адресою: https://devpost.com/software/deliberate-r7tboc
2026-06-22 22:43:57.707 | INFO     | src.scraper.project_detail_scraper:scrape_project_detail:23 - Збір деталей проекту за адресою: https://devpost.com/software/infer-t3smnh
2026-06-22 22:43:59.685 | INFO     | src.scraper.project_detail_scraper:scrape_project_detail:23 - Збір деталей проекту за адресою: https://devpost.com/software/pantryagent
2026-06-22 22:44:01.953 | INFO     | src.scraper.project_detail_scraper:scrape_project_detail:23 - Збір деталей проекту за адресою: https://devpost.com/software/remi-h5xu1j
2026-06-22 22:44:03.854 | INFO     | src.scraper.project_detail_scraper:scrape_project_detail:23 - Збір деталей проекту за адресою: https://devpost.com/software/rehabpong
2026-06-22 22:44:05.950 | INFO     | src.scraper.project_detail_scraper:scrape_project_detail:23 - Збір деталей проекту за адресою: https://devpost.com/software/agentdex
2026-06-22 22:44:07.887 | INFO     | src.scraper.project_detail_scraper:scrape_project_detail:23 - Збір деталей проекту за адресою: https://devpost.com/software/better-solutions
2026-06-22 22:44:09.834 | INFO     | src.scraper.project_detail_scraper:scrape_project_detail:23 - Збір деталей проекту за адресою: https://devpost.com/software/splice-sentinel
2026-06-22 22:44:12.033 | INFO     | src.scraper.project_detail_scraper:scrape_project_detail:23 - Збір деталей проекту за адресою: https://devpost.com/software/haven-qhsx30
2026-06-22 22:44:13.990 | INFO     | src.scraper.project_detail_scraper:scrape_project_detail:23 - Збір деталей проекту за адресою: https://devpost.com/software/the-shepherd
2026-06-22 22:44:16.296 | INFO     | src.scraper.project_detail_scraper:scrape_project_detail:23 - Збір деталей проекту за адресою: https://devpost.com/software/sportsmom-ai
2026-06-22 22:44:18.407 | INFO     | src.scraper.project_detail_scraper:scrape_project_detail:23 - Збір деталей проекту за адресою: https://devpost.com/software/ai-character-messengers-for-language-learning
2026-06-22 22:44:19.535 | INFO     | src.scraper.project_detail_scraper:scrape_project_detail:23 - Збір деталей проекту за адресою: https://devpost.com/software/classpilot-sw2onv
2026-06-22 22:44:20.630 | INFO     | src.scraper.project_detail_scraper:scrape_project_detail:23 - Збір деталей проекту за адресою: https://devpost.com/software/backyard-intelligence-nrev73
2026-06-22 22:44:22.740 | INFO     | src.scraper.project_detail_scraper:scrape_project_detail:23 - Збір деталей проекту за адресою: https://devpost.com/software/curriculearn-24yxz9
2026-06-22 22:44:24.966 | INFO     | src.scraper.project_detail_scraper:scrape_project_detail:23 - Збір деталей проекту за адресою: https://devpost.com/software/talegate-club
2026-06-22 22:44:26.826 | INFO     | src.scraper.project_detail_scraper:scrape_project_detail:23 - Збір деталей проекту за адресою: https://devpost.com/software/moggie
2026-06-22 22:44:28.931 | INFO     | src.scraper.project_detail_scraper:scrape_project_detail:23 - Збір деталей проекту за адресою: https://devpost.com/software/tessera-h4vfaj
2026-06-22 22:44:30.742 | INFO     | src.scraper.project_detail_scraper:scrape_project_detail:23 - Збір деталей проекту за адресою: https://devpost.com/software/meridian-jsctxp
2026-06-22 22:44:31.827 | INFO     | src.scraper.project_detail_scraper:scrape_project_detail:23 - Збір деталей проекту за адресою: https://devpost.com/software/crowd-physics
2026-06-22 22:44:33.897 | INFO     | src.scraper.project_detail_scraper:scrape_project_detail:23 - Збір деталей проекту за адресою: https://devpost.com/software/foodprint-uyrcf5
2026-06-22 22:44:35.807 | INFO     | src.scraper.project_detail_scraper:scrape_project_detail:23 - Збір деталей проекту за адресою: https://devpost.com/software/uptime-ai
2026-06-22 22:44:38.260 | INFO     | src.scraper.project_detail_scraper:scrape_project_detail:23 - Збір деталей проекту за адресою: https://devpost.com/software/talkode
2026-06-22 22:44:40.301 | INFO     | src.scraper.project_detail_scraper:scrape_project_detail:23 - Збір деталей проекту за адресою: https://devpost.com/software/safestreets-h6yprx
2026-06-22 22:44:41.349 | INFO     | src.scraper.project_detail_scraper:scrape_project_detail:23 - Збір деталей проекту за адресою: https://devpost.com/software/trek-7fqslv
2026-06-22 22:44:42.448 | INFO     | src.scraper.project_detail_scraper:scrape_project_detail:23 - Збір деталей проекту за адресою: https://devpost.com/software/narcore
2026-06-22 22:44:44.469 | INFO     | src.scraper.project_detail_scraper:scrape_project_detail:23 - Збір деталей проекту за адресою: https://devpost.com/software/world-cup-oracle
2026-06-22 22:44:45.597 | INFO     | src.scraper.project_detail_scraper:scrape_project_detail:23 - Збір деталей проекту за адресою: https://devpost.com/software/medrag-m4x6qv
2026-06-22 22:44:47.554 | INFO     | src.scraper.project_detail_scraper:scrape_project_detail:23 - Збір деталей проекту за адресою: https://devpost.com/software/conjure-ghipod
2026-06-22 22:44:49.560 | INFO     | src.scraper.project_detail_scraper:scrape_project_detail:23 - Збір деталей проекту за адресою: https://devpost.com/software/anchorpoint
2026-06-22 22:44:51.539 | INFO     | src.scraper.project_detail_scraper:scrape_project_detail:23 - Збір деталей проекту за адресою: https://devpost.com/software/acuguide
2026-06-22 22:44:53.902 | INFO     | src.scraper.project_detail_scraper:scrape_project_detail:23 - Збір деталей проекту за адресою: https://devpost.com/software/immunoverse-composable-in-silico-gene-therapy-screening
2026-06-22 22:44:55.717 | INFO     | src.scraper.project_detail_scraper:scrape_project_detail:23 - Збір деталей проекту за адресою: https://devpost.com/software/baymax-1wumi3
2026-06-22 22:44:57.945 | INFO     | src.scraper.project_detail_scraper:scrape_project_detail:23 - Збір деталей проекту за адресою: https://devpost.com/software/carecall-3g5l4o
2026-06-22 22:44:59.149 | INFO     | src.scraper.project_detail_scraper:scrape_project_detail:23 - Збір деталей проекту за адресою: https://devpost.com/software/cupvoice
2026-06-22 22:45:00.867 | INFO     | src.scraper.project_detail_scraper:scrape_project_detail:23 - Збір деталей проекту за адресою: https://devpost.com/software/311-ai
2026-06-22 22:45:02.853 | INFO     | src.scraper.project_detail_scraper:scrape_project_detail:23 - Збір деталей проекту за адресою: https://devpost.com/software/alpharesearch-9fwk4m
2026-06-22 22:45:05.111 | INFO     | src.scraper.project_detail_scraper:scrape_project_detail:23 - Збір деталей проекту за адресою: https://devpost.com/software/audata
2026-06-22 22:45:07.227 | INFO     | src.scraper.project_detail_scraper:scrape_project_detail:23 - Збір деталей проекту за адресою: https://devpost.com/software/neural-arcade
2026-06-22 22:45:08.292 | INFO     | src.scraper.project_detail_scraper:scrape_project_detail:23 - Збір деталей проекту за адресою: https://devpost.com/software/fambai-cv-btnw54
2026-06-22 22:45:09.805 | INFO     | src.scraper.project_detail_scraper:scrape_project_detail:23 - Збір деталей проекту за адресою: https://devpost.com/software/urbanpilot
2026-06-22 22:45:11.848 | INFO     | src.scraper.project_detail_scraper:scrape_project_detail:23 - Збір деталей проекту за адресою: https://devpost.com/software/herald-hospital-emergency-room-agentic-live-digital-twin
2026-06-22 22:45:13.502 | INFO     | src.scraper.project_detail_scraper:scrape_project_detail:23 - Збір деталей проекту за адресою: https://devpost.com/software/dispatch-ai-nh8txb
2026-06-22 22:45:15.523 | INFO     | src.scraper.project_detail_scraper:scrape_project_detail:23 - Збір деталей проекту за адресою: https://devpost.com/software/debtlens-6vl8p1
2026-06-22 22:45:17.559 | INFO     | src.scraper.project_detail_scraper:scrape_project_detail:23 - Збір деталей проекту за адресою: https://devpost.com/software/browserdelta
2026-06-22 22:45:19.594 | INFO     | src.scraper.project_detail_scraper:scrape_project_detail:23 - Збір деталей проекту за адресою: https://devpost.com/software/civicguard-2v3due
2026-06-22 22:45:20.751 | INFO     | src.scraper.project_detail_scraper:scrape_project_detail:23 - Збір деталей проекту за адресою: https://devpost.com/software/screen-mosaic
2026-06-22 22:45:22.913 | INFO     | src.scraper.project_detail_scraper:scrape_project_detail:23 - Збір деталей проекту за адресою: https://devpost.com/software/sourcerer-2x9trg
2026-06-22 22:45:24.817 | INFO     | src.scraper.project_detail_scraper:scrape_project_detail:23 - Збір деталей проекту за адресою: https://devpost.com/software/klarifai
2026-06-22 22:45:26.499 | INFO     | src.scraper.project_detail_scraper:scrape_project_detail:23 - Збір деталей проекту за адресою: https://devpost.com/software/promptetheus
2026-06-22 22:45:28.705 | INFO     | src.scraper.project_detail_scraper:scrape_project_detail:23 - Збір деталей проекту за адресою: https://devpost.com/software/voiceless-voice-agents
2026-06-22 22:45:29.768 | INFO     | src.scraper.project_detail_scraper:scrape_project_detail:23 - Збір деталей проекту за адресою: https://devpost.com/software/touch-grass-trsawn
2026-06-22 22:45:30.900 | INFO     | src.scraper.project_detail_scraper:scrape_project_detail:23 - Збір деталей проекту за адресою: https://devpost.com/software/continuum-sx7ife
2026-06-22 22:45:32.945 | INFO     | src.scraper.project_detail_scraper:scrape_project_detail:23 - Збір деталей проекту за адресою: https://devpost.com/software/first-response-8amhze
2026-06-22 22:45:33.990 | INFO     | src.scraper.project_detail_scraper:scrape_project_detail:23 - Збір деталей проекту за адресою: https://devpost.com/software/lighthouse-ai-safety-net-for-a-loved-one-s-digital-life
2026-06-22 22:45:36.111 | INFO     | src.scraper.project_detail_scraper:scrape_project_detail:23 - Збір деталей проекту за адресою: https://devpost.com/software/soteria-7uit1h
2026-06-22 22:45:37.153 | INFO     | src.scraper.project_detail_scraper:scrape_project_detail:23 - Збір деталей проекту за адресою: https://devpost.com/software/quad-iv8l4h
2026-06-22 22:45:39.172 | INFO     | src.scraper.project_detail_scraper:scrape_project_detail:23 - Збір деталей проекту за адресою: https://devpost.com/software/topo-s73fyi
2026-06-22 22:45:40.201 | INFO     | src.scraper.project_detail_scraper:scrape_project_detail:23 - Збір деталей проекту за адресою: https://devpost.com/software/birdbox-ai
2026-06-22 22:45:41.218 | INFO     | src.scraper.project_detail_scraper:scrape_project_detail:23 - Збір деталей проекту за адресою: https://devpost.com/software/uni-pilot
2026-06-22 22:45:43.216 | INFO     | src.scraper.project_detail_scraper:scrape_project_detail:23 - Збір деталей проекту за адресою: https://devpost.com/software/macroweaver
2026-06-22 22:45:45.137 | INFO     | src.scraper.project_detail_scraper:scrape_project_detail:23 - Збір деталей проекту за адресою: https://devpost.com/software/northstar-pv31st
2026-06-22 22:45:46.201 | INFO     | src.scraper.project_detail_scraper:scrape_project_detail:23 - Збір деталей проекту за адресою: https://devpost.com/software/mechpilot
2026-06-22 22:45:47.227 | INFO     | src.scraper.project_detail_scraper:scrape_project_detail:23 - Збір деталей проекту за адресою: https://devpost.com/software/feynman-s6h3ke
2026-06-22 22:45:49.131 | INFO     | src.scraper.project_detail_scraper:scrape_project_detail:23 - Збір деталей проекту за адресою: https://devpost.com/software/pathwise-et072x
2026-06-22 22:45:50.188 | INFO     | src.scraper.project_detail_scraper:scrape_project_detail:23 - Збір деталей проекту за адресою: https://devpost.com/software/newsreel-18x95m
2026-06-22 22:45:52.044 | INFO     | src.scraper.project_detail_scraper:scrape_project_detail:23 - Збір деталей проекту за адресою: https://devpost.com/software/temp-name-len5c0
2026-06-22 22:45:54.061 | INFO     | src.scraper.project_detail_scraper:scrape_project_detail:23 - Збір деталей проекту за адресою: https://devpost.com/software/jugaad-dpmqi7
2026-06-22 22:45:56.202 | INFO     | src.scraper.project_detail_scraper:scrape_project_detail:23 - Збір деталей проекту за адресою: https://devpost.com/software/bang-4-your-buck
2026-06-22 22:45:58.340 | INFO     | src.scraper.project_detail_scraper:scrape_project_detail:23 - Збір деталей проекту за адресою: https://devpost.com/software/formbridge
2026-06-22 22:46:00.454 | INFO     | src.scraper.project_detail_scraper:scrape_project_detail:23 - Збір деталей проекту за адресою: https://devpost.com/software/compass-hdpfnb
2026-06-22 22:46:02.663 | INFO     | src.scraper.project_detail_scraper:scrape_project_detail:23 - Збір деталей проекту за адресою: https://devpost.com/software/interviewiq-83fgmt
2026-06-22 22:46:05.172 | INFO     | src.scraper.project_detail_scraper:scrape_project_detail:23 - Збір деталей проекту за адресою: https://devpost.com/software/agent-immunity
2026-06-22 22:46:06.304 | INFO     | src.scraper.project_detail_scraper:scrape_project_detail:23 - Збір деталей проекту за адресою: https://devpost.com/software/retention
2026-06-22 22:46:07.462 | INFO     | src.scraper.project_detail_scraper:scrape_project_detail:23 - Збір деталей проекту за адресою: https://devpost.com/software/growsafe
2026-06-22 22:46:08.570 | INFO     | src.scraper.project_detail_scraper:scrape_project_detail:23 - Збір деталей проекту за адресою: https://devpost.com/software/vault-mind
2026-06-22 22:46:10.628 | INFO     | src.scraper.project_detail_scraper:scrape_project_detail:23 - Збір деталей проекту за адресою: https://devpost.com/software/6-ht3uk2
2026-06-22 22:46:11.729 | INFO     | src.scraper.project_detail_scraper:scrape_project_detail:23 - Збір деталей проекту за адресою: https://devpost.com/software/saffron-5am27b
2026-06-22 22:46:13.644 | INFO     | src.scraper.project_detail_scraper:scrape_project_detail:23 - Збір деталей проекту за адресою: https://devpost.com/software/sting-bfqvia
2026-06-22 22:46:15.755 | INFO     | src.scraper.project_detail_scraper:scrape_project_detail:23 - Збір деталей проекту за адресою: https://devpost.com/software/unicorn-hy7ljf
2026-06-22 22:46:17.660 | INFO     | src.scraper.project_detail_scraper:scrape_project_detail:23 - Збір деталей проекту за адресою: https://devpost.com/software/lucid-voice
2026-06-22 22:46:19.633 | INFO     | src.scraper.project_detail_scraper:scrape_project_detail:23 - Збір деталей проекту за адресою: https://devpost.com/software/the-gospel-game
2026-06-22 22:46:21.712 | INFO     | src.scraper.project_detail_scraper:scrape_project_detail:23 - Збір деталей проекту за адресою: https://devpost.com/software/terminalpoker
2026-06-22 22:46:22.731 | INFO     | src.scraper.project_detail_scraper:scrape_project_detail:23 - Збір деталей проекту за адресою: https://devpost.com/software/fireflai
2026-06-22 22:46:24.560 | INFO     | src.scraper.project_detail_scraper:scrape_project_detail:23 - Збір деталей проекту за адресою: https://devpost.com/software/labmate-cbeust
2026-06-22 22:46:26.585 | INFO     | src.scraper.project_detail_scraper:scrape_project_detail:23 - Збір деталей проекту за адресою: https://devpost.com/software/accessi-nbsd30
2026-06-22 22:46:28.547 | INFO     | src.scraper.project_detail_scraper:scrape_project_detail:23 - Збір деталей проекту за адресою: https://devpost.com/software/ember-3jhgxo
2026-06-22 22:46:30.611 | INFO     | src.scraper.project_detail_scraper:scrape_project_detail:23 - Збір деталей проекту за адресою: https://devpost.com/software/veritas-qj3c8x
2026-06-22 22:46:32.595 | INFO     | src.scraper.project_detail_scraper:scrape_project_detail:23 - Збір деталей проекту за адресою: https://devpost.com/software/pulse-desktop-pet
2026-06-22 22:46:33.749 | INFO     | src.scraper.project_detail_scraper:scrape_project_detail:23 - Збір деталей проекту за адресою: https://devpost.com/software/rem-xk6i7d
2026-06-22 22:46:35.868 | INFO     | src.scraper.project_detail_scraper:scrape_project_detail:23 - Збір деталей проекту за адресою: https://devpost.com/software/hired-f17pvo
2026-06-22 22:46:37.834 | INFO     | src.scraper.project_detail_scraper:scrape_project_detail:23 - Збір деталей проекту за адресою: https://devpost.com/software/mars-forecast
2026-06-22 22:46:39.806 | INFO     | src.scraper.project_detail_scraper:scrape_project_detail:23 - Збір деталей проекту за адресою: https://devpost.com/software/dosedna
2026-06-22 22:46:41.810 | INFO     | src.scraper.project_detail_scraper:scrape_project_detail:23 - Збір деталей проекту за адресою: https://devpost.com/software/acre-z831bm
2026-06-22 22:46:43.659 | INFO     | src.scraper.project_detail_scraper:scrape_project_detail:23 - Збір деталей проекту за адресою: https://devpost.com/software/fluently-rm76lw
2026-06-22 22:46:45.626 | INFO     | src.scraper.project_detail_scraper:scrape_project_detail:23 - Збір деталей проекту за адресою: https://devpost.com/software/aid-hominem
2026-06-22 22:46:47.487 | INFO     | src.scraper.project_detail_scraper:scrape_project_detail:23 - Збір деталей проекту за адресою: https://devpost.com/software/locked-in-vision
2026-06-22 22:46:49.333 | INFO     | src.scraper.project_detail_scraper:scrape_project_detail:23 - Збір деталей проекту за адресою: https://devpost.com/software/busy-brain
2026-06-22 22:46:51.269 | INFO     | src.scraper.project_detail_scraper:scrape_project_detail:23 - Збір деталей проекту за адресою: https://devpost.com/software/edudeals
2026-06-22 22:46:53.084 | INFO     | src.scraper.project_detail_scraper:scrape_project_detail:23 - Збір деталей проекту за адресою: https://devpost.com/software/aegis-jtde8o
2026-06-22 22:46:55.044 | INFO     | src.scraper.project_detail_scraper:scrape_project_detail:23 - Збір деталей проекту за адресою: https://devpost.com/software/agribroker
2026-06-22 22:46:56.278 | INFO     | src.scraper.project_detail_scraper:scrape_project_detail:23 - Збір деталей проекту за адресою: https://devpost.com/software/phagentic
2026-06-22 22:46:58.289 | INFO     | src.scraper.project_detail_scraper:scrape_project_detail:23 - Збір деталей проекту за адресою: https://devpost.com/software/open-door-dojp02
2026-06-22 22:47:00.275 | INFO     | src.scraper.project_detail_scraper:scrape_project_detail:23 - Збір деталей проекту за адресою: https://devpost.com/software/engram-81o3xf
2026-06-22 22:47:02.108 | INFO     | src.scraper.project_detail_scraper:scrape_project_detail:23 - Збір деталей проекту за адресою: https://devpost.com/software/fizz-buzz
2026-06-22 22:47:03.333 | INFO     | src.scraper.project_detail_scraper:scrape_project_detail:23 - Збір деталей проекту за адресою: https://devpost.com/software/lighthome
2026-06-22 22:47:05.297 | INFO     | src.scraper.project_detail_scraper:scrape_project_detail:23 - Збір деталей проекту за адресою: https://devpost.com/software/semantics-isknaf
2026-06-22 22:47:06.948 | INFO     | src.scraper.project_detail_scraper:scrape_project_detail:23 - Збір деталей проекту за адресою: https://devpost.com/software/accordion-jwarge
2026-06-22 22:47:08.936 | INFO     | src.scraper.project_detail_scraper:scrape_project_detail:23 - Збір деталей проекту за адресою: https://devpost.com/software/langtour
2026-06-22 22:47:11.024 | INFO     | src.scraper.project_detail_scraper:scrape_project_detail:23 - Збір деталей проекту за адресою: https://devpost.com/software/kael-pbgmar
2026-06-22 22:47:12.114 | INFO     | src.scraper.project_detail_scraper:scrape_project_detail:23 - Збір деталей проекту за адресою: https://devpost.com/software/gbtutor
2026-06-22 22:47:14.075 | INFO     | src.scraper.project_detail_scraper:scrape_project_detail:23 - Збір деталей проекту за адресою: https://devpost.com/software/seance-gpa2xy
2026-06-22 22:47:16.231 | INFO     | src.scraper.project_detail_scraper:scrape_project_detail:23 - Збір деталей проекту за адресою: https://devpost.com/software/armlet-by-crimson-health
2026-06-22 22:47:17.369 | INFO     | src.scraper.project_detail_scraper:scrape_project_detail:23 - Збір деталей проекту за адресою: https://devpost.com/software/history-buddy
2026-06-22 22:47:19.568 | INFO     | src.scraper.project_detail_scraper:scrape_project_detail:23 - Збір деталей проекту за адресою: https://devpost.com/software/trustfall-oxibqa
2026-06-22 22:47:21.518 | INFO     | src.scraper.project_detail_scraper:scrape_project_detail:23 - Збір деталей проекту за адресою: https://devpost.com/software/stream-director
2026-06-22 22:47:23.291 | INFO     | src.scraper.project_detail_scraper:scrape_project_detail:23 - Збір деталей проекту за адресою: https://devpost.com/software/userswarm
2026-06-22 22:47:25.369 | INFO     | src.scraper.project_detail_scraper:scrape_project_detail:23 - Збір деталей проекту за адресою: https://devpost.com/software/aerofreight-ai
2026-06-22 22:47:27.404 | INFO     | src.scraper.project_detail_scraper:scrape_project_detail:23 - Збір деталей проекту за адресою: https://devpost.com/software/sivic
2026-06-22 22:47:28.568 | INFO     | src.scraper.project_detail_scraper:scrape_project_detail:23 - Збір деталей проекту за адресою: https://devpost.com/software/prompttopath
2026-06-22 22:47:30.563 | INFO     | src.scraper.project_detail_scraper:scrape_project_detail:23 - Збір деталей проекту за адресою: https://devpost.com/software/uncomfortable
2026-06-22 22:47:32.643 | INFO     | src.scraper.project_detail_scraper:scrape_project_detail:23 - Збір деталей проекту за адресою: https://devpost.com/software/dataset-scout
2026-06-22 22:47:34.670 | INFO     | src.scraper.project_detail_scraper:scrape_project_detail:23 - Збір деталей проекту за адресою: https://devpost.com/software/refactorika
2026-06-22 22:47:36.713 | INFO     | src.scraper.project_detail_scraper:scrape_project_detail:23 - Збір деталей проекту за адресою: https://devpost.com/software/brailleai-a-two-way-voice-for-the-deafblind
2026-06-22 22:47:38.664 | INFO     | src.scraper.project_detail_scraper:scrape_project_detail:23 - Збір деталей проекту за адресою: https://devpost.com/software/lexia-245dih
2026-06-22 22:47:40.665 | INFO     | src.scraper.project_detail_scraper:scrape_project_detail:23 - Збір деталей проекту за адресою: https://devpost.com/software/snorkel-upla5v
2026-06-22 22:47:41.856 | INFO     | src.scraper.project_detail_scraper:scrape_project_detail:23 - Збір деталей проекту за адресою: https://devpost.com/software/vanguard-telematics
2026-06-22 22:47:43.850 | INFO     | src.scraper.project_detail_scraper:scrape_project_detail:23 - Збір деталей проекту за адресою: https://devpost.com/software/diffusion-accelerator
2026-06-22 22:47:45.678 | INFO     | src.scraper.project_detail_scraper:scrape_project_detail:23 - Збір деталей проекту за адресою: https://devpost.com/software/groundtruth-z9avo5
2026-06-22 22:47:47.551 | INFO     | src.scraper.project_detail_scraper:scrape_project_detail:23 - Збір деталей проекту за адресою: https://devpost.com/software/finding-the-lost-wells-of-appalachia
2026-06-22 22:47:49.648 | INFO     | src.scraper.project_detail_scraper:scrape_project_detail:23 - Збір деталей проекту за адресою: https://devpost.com/software/anymon
2026-06-22 22:47:50.738 | INFO     | src.scraper.project_detail_scraper:scrape_project_detail:23 - Збір деталей проекту за адресою: https://devpost.com/software/lifelink-soibwr
2026-06-22 22:47:51.823 | INFO     | src.scraper.project_detail_scraper:scrape_project_detail:23 - Збір деталей проекту за адресою: https://devpost.com/software/voxaid-3luwvj
2026-06-22 22:47:52.882 | INFO     | src.scraper.project_detail_scraper:scrape_project_detail:23 - Збір деталей проекту за адресою: https://devpost.com/software/re-compress
2026-06-22 22:47:54.960 | INFO     | src.scraper.project_detail_scraper:scrape_project_detail:23 - Збір деталей проекту за адресою: https://devpost.com/software/failurecloud
2026-06-22 22:47:57.203 | INFO     | src.scraper.project_detail_scraper:scrape_project_detail:23 - Збір деталей проекту за адресою: https://devpost.com/software/growflow
2026-06-22 22:47:58.245 | INFO     | src.scraper.project_detail_scraper:scrape_project_detail:23 - Збір деталей проекту за адресою: https://devpost.com/software/the-memory-pods
2026-06-22 22:48:00.283 | INFO     | src.scraper.project_detail_scraper:scrape_project_detail:23 - Збір деталей проекту за адресою: https://devpost.com/software/trace-ai-ndmt8c
2026-06-22 22:48:01.483 | INFO     | src.scraper.project_detail_scraper:scrape_project_detail:23 - Збір деталей проекту за адресою: https://devpost.com/software/robo-jab
2026-06-22 22:48:03.402 | INFO     | src.scraper.project_detail_scraper:scrape_project_detail:23 - Збір деталей проекту за адресою: https://devpost.com/software/sarchlight
2026-06-22 22:48:05.466 | INFO     | src.scraper.project_detail_scraper:scrape_project_detail:23 - Збір деталей проекту за адресою: https://devpost.com/software/agi-14q6d3
2026-06-22 22:48:07.682 | INFO     | src.scraper.project_detail_scraper:scrape_project_detail:23 - Збір деталей проекту за адресою: https://devpost.com/software/roko-hc1wam
2026-06-22 22:48:09.938 | INFO     | src.scraper.project_detail_scraper:scrape_project_detail:23 - Збір деталей проекту за адресою: https://devpost.com/software/attentionretention
2026-06-22 22:48:11.858 | INFO     | src.scraper.project_detail_scraper:scrape_project_detail:23 - Збір деталей проекту за адресою: https://devpost.com/software/scribe-52cq4b
2026-06-22 22:48:12.987 | INFO     | src.scraper.project_detail_scraper:scrape_project_detail:23 - Збір деталей проекту за адресою: https://devpost.com/software/relay-ai-relay-context-routing-for-multi-agent-ai
2026-06-22 22:48:14.797 | INFO     | src.scraper.project_detail_scraper:scrape_project_detail:23 - Збір деталей проекту за адресою: https://devpost.com/software/moneypenny-7a0rfu
2026-06-22 22:48:16.785 | INFO     | src.scraper.project_detail_scraper:scrape_project_detail:23 - Збір деталей проекту за адресою: https://devpost.com/software/mental-galaxy
2026-06-22 22:48:18.738 | INFO     | src.scraper.project_detail_scraper:scrape_project_detail:23 - Збір деталей проекту за адресою: https://devpost.com/software/wander-18qa5o
2026-06-22 22:48:20.859 | INFO     | src.scraper.project_detail_scraper:scrape_project_detail:23 - Збір деталей проекту за адресою: https://devpost.com/software/claudeware
2026-06-22 22:48:22.994 | INFO     | src.scraper.project_detail_scraper:scrape_project_detail:23 - Збір деталей проекту за адресою: https://devpost.com/software/loop-7tnj5g
2026-06-22 22:48:25.239 | INFO     | src.scraper.project_detail_scraper:scrape_project_detail:23 - Збір деталей проекту за адресою: https://devpost.com/software/trailaid
2026-06-22 22:48:26.294 | INFO     | src.scraper.project_detail_scraper:scrape_project_detail:23 - Збір деталей проекту за адресою: https://devpost.com/software/foleo
2026-06-22 22:48:28.437 | INFO     | src.scraper.project_detail_scraper:scrape_project_detail:23 - Збір деталей проекту за адресою: https://devpost.com/software/terrain-t2k8rf
2026-06-22 22:48:29.524 | INFO     | src.scraper.project_detail_scraper:scrape_project_detail:23 - Збір деталей проекту за адресою: https://devpost.com/software/plur-predictive-large-scale-user-routing
2026-06-22 22:48:31.604 | INFO     | src.scraper.project_detail_scraper:scrape_project_detail:23 - Збір деталей проекту за адресою: https://devpost.com/software/tbd-nprbw3
2026-06-22 22:48:33.430 | INFO     | src.scraper.project_detail_scraper:scrape_project_detail:23 - Збір деталей проекту за адресою: https://devpost.com/software/tactus-z9a8w6
2026-06-22 22:48:35.471 | INFO     | src.scraper.project_detail_scraper:scrape_project_detail:23 - Збір деталей проекту за адресою: https://devpost.com/software/look-out-m0kebj
2026-06-22 22:48:36.597 | INFO     | src.scraper.project_detail_scraper:scrape_project_detail:23 - Збір деталей проекту за адресою: https://devpost.com/software/oncall-9e5yl6
2026-06-22 22:48:38.373 | INFO     | src.scraper.project_detail_scraper:scrape_project_detail:23 - Збір деталей проекту за адресою: https://devpost.com/software/forge-z8v4qm
2026-06-22 22:48:40.705 | INFO     | src.scraper.project_detail_scraper:scrape_project_detail:23 - Збір деталей проекту за адресою: https://devpost.com/software/safeagent
2026-06-22 22:48:42.743 | INFO     | src.scraper.project_detail_scraper:scrape_project_detail:23 - Збір деталей проекту за адресою: https://devpost.com/software/cloudflite
2026-06-22 22:48:43.838 | INFO     | src.scraper.project_detail_scraper:scrape_project_detail:23 - Збір деталей проекту за адресою: https://devpost.com/software/recapture-slr8ob
2026-06-22 22:48:46.086 | INFO     | src.scraper.project_detail_scraper:scrape_project_detail:23 - Збір деталей проекту за адресою: https://devpost.com/software/captain-ddoski
2026-06-22 22:48:47.279 | INFO     | src.scraper.project_detail_scraper:scrape_project_detail:23 - Збір деталей проекту за адресою: https://devpost.com/software/sleepsense-ai
2026-06-22 22:48:48.449 | INFO     | src.scraper.project_detail_scraper:scrape_project_detail:23 - Збір деталей проекту за адресою: https://devpost.com/software/okaybet
2026-06-22 22:48:49.529 | INFO     | src.scraper.project_detail_scraper:scrape_project_detail:23 - Збір деталей проекту за адресою: https://devpost.com/software/lumalens
2026-06-22 22:48:51.372 | INFO     | src.scraper.project_detail_scraper:scrape_project_detail:23 - Збір деталей проекту за адресою: https://devpost.com/software/cadence-rt1hgp
2026-06-22 22:48:53.400 | INFO     | src.scraper.project_detail_scraper:scrape_project_detail:23 - Збір деталей проекту за адресою: https://devpost.com/software/tempus-wvheua
2026-06-22 22:48:55.453 | INFO     | src.scraper.project_detail_scraper:scrape_project_detail:23 - Збір деталей проекту за адресою: https://devpost.com/software/blue-grid
2026-06-22 22:48:56.555 | INFO     | src.scraper.project_detail_scraper:scrape_project_detail:23 - Збір деталей проекту за адресою: https://devpost.com/software/glass-hkrwfy
2026-06-22 22:48:58.389 | INFO     | src.scraper.project_detail_scraper:scrape_project_detail:23 - Збір деталей проекту за адресою: https://devpost.com/software/gatebreaking
2026-06-22 22:48:59.451 | INFO     | src.scraper.project_detail_scraper:scrape_project_detail:23 - Збір деталей проекту за адресою: https://devpost.com/software/aideas-finalist-aset-academic-safety-and-evidencing-truth
2026-06-22 22:49:01.438 | INFO     | src.scraper.project_detail_scraper:scrape_project_detail:23 - Збір деталей проекту за адресою: https://devpost.com/software/snappy-mov1nq
2026-06-22 22:49:03.089 | INFO     | src.scraper.project_detail_scraper:scrape_project_detail:23 - Збір деталей проекту за адресою: https://devpost.com/software/langbase
2026-06-22 22:49:05.020 | INFO     | src.scraper.project_detail_scraper:scrape_project_detail:23 - Збір деталей проекту за адресою: https://devpost.com/software/careloop-gsiy8w
2026-06-22 22:49:07.106 | INFO     | src.scraper.project_detail_scraper:scrape_project_detail:23 - Збір деталей проекту за адресою: https://devpost.com/software/claudedj
2026-06-22 22:49:08.187 | INFO     | src.scraper.project_detail_scraper:scrape_project_detail:23 - Збір деталей проекту за адресою: https://devpost.com/software/faultline-0px7tq
2026-06-22 22:49:10.121 | INFO     | src.scraper.project_detail_scraper:scrape_project_detail:23 - Збір деталей проекту за адресою: https://devpost.com/software/aria-autonomous-it-response-intelligence-agent
2026-06-22 22:49:12.490 | INFO     | src.scraper.project_detail_scraper:scrape_project_detail:23 - Збір деталей проекту за адресою: https://devpost.com/software/graphed-5za34o
2026-06-22 22:49:14.251 | INFO     | src.scraper.project_detail_scraper:scrape_project_detail:23 - Збір деталей проекту за адресою: https://devpost.com/software/siren-axl2up
2026-06-22 22:49:15.306 | INFO     | src.scraper.project_detail_scraper:scrape_project_detail:23 - Збір деталей проекту за адресою: https://devpost.com/software/glimpse-1gm8fz
2026-06-22 22:49:17.240 | INFO     | src.scraper.project_detail_scraper:scrape_project_detail:23 - Збір деталей проекту за адресою: https://devpost.com/software/auto-chem
2026-06-22 22:49:19.222 | INFO     | src.scraper.project_detail_scraper:scrape_project_detail:23 - Збір деталей проекту за адресою: https://devpost.com/software/hope-humanitarian-operations-personal-empowerment
2026-06-22 22:49:21.256 | INFO     | src.scraper.project_detail_scraper:scrape_project_detail:23 - Збір деталей проекту за адресою: https://devpost.com/software/novoproteinai
2026-06-22 22:49:23.216 | INFO     | src.scraper.project_detail_scraper:scrape_project_detail:23 - Збір деталей проекту за адресою: https://devpost.com/software/beacon-z5b9nh
2026-06-22 22:49:25.346 | INFO     | src.scraper.project_detail_scraper:scrape_project_detail:23 - Збір деталей проекту за адресою: https://devpost.com/software/crisisroom
2026-06-22 22:49:27.522 | INFO     | src.scraper.project_detail_scraper:scrape_project_detail:23 - Збір деталей проекту за адресою: https://devpost.com/software/ferb-ai-friendly-education-reasoning-bots
2026-06-22 22:49:29.950 | INFO     | src.scraper.project_detail_scraper:scrape_project_detail:23 - Збір деталей проекту за адресою: https://devpost.com/software/gitintent
2026-06-22 22:49:31.014 | INFO     | src.scraper.project_detail_scraper:scrape_project_detail:23 - Збір деталей проекту за адресою: https://devpost.com/software/wayve-afvdl2
2026-06-22 22:49:33.003 | INFO     | src.scraper.project_detail_scraper:scrape_project_detail:23 - Збір деталей проекту за адресою: https://devpost.com/software/collina
2026-06-22 22:49:35.002 | INFO     | src.scraper.project_detail_scraper:scrape_project_detail:23 - Збір деталей проекту за адресою: https://devpost.com/software/everypen
2026-06-22 22:49:36.183 | INFO     | src.scraper.project_detail_scraper:scrape_project_detail:23 - Збір деталей проекту за адресою: https://devpost.com/software/rankup-ai
2026-06-22 22:49:37.325 | INFO     | src.scraper.project_detail_scraper:scrape_project_detail:23 - Збір деталей проекту за адресою: https://devpost.com/software/patient-agent
2026-06-22 22:49:38.690 | INFO     | src.scraper.project_detail_scraper:scrape_project_detail:23 - Збір деталей проекту за адресою: https://devpost.com/software/buildproof-9cg5ev
2026-06-22 22:49:40.707 | INFO     | src.scraper.project_detail_scraper:scrape_project_detail:23 - Збір деталей проекту за адресою: https://devpost.com/software/lullow
2026-06-22 22:49:42.787 | INFO     | src.scraper.project_detail_scraper:scrape_project_detail:23 - Збір деталей проекту за адресою: https://devpost.com/software/nos-ambulance-assistant
2026-06-22 22:49:44.916 | INFO     | src.scraper.project_detail_scraper:scrape_project_detail:23 - Збір деталей проекту за адресою: https://devpost.com/software/glassbox-rhxod4
2026-06-22 22:49:46.859 | INFO     | src.scraper.project_detail_scraper:scrape_project_detail:23 - Збір деталей проекту за адресою: https://devpost.com/software/demoagent
2026-06-22 22:49:47.930 | INFO     | src.scraper.project_detail_scraper:scrape_project_detail:23 - Збір деталей проекту за адресою: https://devpost.com/software/scanotic
2026-06-22 22:49:50.160 | INFO     | src.scraper.project_detail_scraper:scrape_project_detail:23 - Збір деталей проекту за адресою: https://devpost.com/software/lumen-q0yw9j
2026-06-22 22:49:52.034 | INFO     | src.scraper.project_detail_scraper:scrape_project_detail:23 - Збір деталей проекту за адресою: https://devpost.com/software/firefly-a-quote-saving-tool
2026-06-22 22:49:53.752 | INFO     | src.scraper.project_detail_scraper:scrape_project_detail:23 - Збір деталей проекту за адресою: https://devpost.com/software/nightingale-tizxwu
2026-06-22 22:49:54.824 | INFO     | src.scraper.project_detail_scraper:scrape_project_detail:23 - Збір деталей проекту за адресою: https://devpost.com/software/learn-and-grow
2026-06-22 22:49:56.855 | INFO     | src.scraper.project_detail_scraper:scrape_project_detail:23 - Збір деталей проекту за адресою: https://devpost.com/software/handful-hc7826
2026-06-22 22:49:57.939 | INFO     | src.scraper.project_detail_scraper:scrape_project_detail:23 - Збір деталей проекту за адресою: https://devpost.com/software/lockstep-qzx2rc
2026-06-22 22:49:59.020 | INFO     | src.scraper.project_detail_scraper:scrape_project_detail:23 - Збір деталей проекту за адресою: https://devpost.com/software/precedent
2026-06-22 22:50:01.126 | INFO     | src.scraper.project_detail_scraper:scrape_project_detail:23 - Збір деталей проекту за адресою: https://devpost.com/software/senya
2026-06-22 22:50:03.109 | INFO     | src.scraper.project_detail_scraper:scrape_project_detail:23 - Збір деталей проекту за адресою: https://devpost.com/software/demoless
2026-06-22 22:50:05.431 | INFO     | src.scraper.project_detail_scraper:scrape_project_detail:23 - Збір деталей проекту за адресою: https://devpost.com/software/pinpal-smpl9r
2026-06-22 22:50:07.381 | INFO     | src.scraper.project_detail_scraper:scrape_project_detail:23 - Збір деталей проекту за адресою: https://devpost.com/software/referralguard
2026-06-22 22:50:08.676 | INFO     | src.scraper.project_detail_scraper:scrape_project_detail:23 - Збір деталей проекту за адресою: https://devpost.com/software/authneuro
2026-06-22 22:50:10.826 | INFO     | src.scraper.project_detail_scraper:scrape_project_detail:23 - Збір деталей проекту за адресою: https://devpost.com/software/upic-self-generated-training-data-using-zero-shot-reasoning
2026-06-22 22:50:13.155 | INFO     | src.scraper.project_detail_scraper:scrape_project_detail:23 - Збір деталей проекту за адресою: https://devpost.com/software/workbench-107jf2
2026-06-22 22:50:14.521 | INFO     | src.scraper.project_detail_scraper:scrape_project_detail:23 - Збір деталей проекту за адресою: https://devpost.com/software/pulse-ai-ub9lxt
2026-06-22 22:50:16.921 | INFO     | src.scraper.project_detail_scraper:scrape_project_detail:23 - Збір деталей проекту за адресою: https://devpost.com/software/marquee-evfm5p
2026-06-22 22:50:18.180 | INFO     | src.scraper.project_detail_scraper:scrape_project_detail:23 - Збір деталей проекту за адресою: https://devpost.com/software/visionarena
2026-06-22 22:50:20.489 | INFO     | src.scraper.project_detail_scraper:scrape_project_detail:23 - Збір деталей проекту за адресою: https://devpost.com/software/flowproof
2026-06-22 22:50:21.848 | INFO     | src.scraper.project_detail_scraper:scrape_project_detail:23 - Збір деталей проекту за адресою: https://devpost.com/software/quitecare
2026-06-22 22:50:23.928 | INFO     | src.scraper.project_detail_scraper:scrape_project_detail:23 - Збір деталей проекту за адресою: https://devpost.com/software/spr0uts0urc4
2026-06-22 22:50:26.249 | INFO     | src.scraper.project_detail_scraper:scrape_project_detail:23 - Збір деталей проекту за адресою: https://devpost.com/software/tiruno
2026-06-22 22:50:27.431 | INFO     | src.scraper.project_detail_scraper:scrape_project_detail:23 - Збір деталей проекту за адресою: https://devpost.com/software/baton-verified-ai-agent-handoffs
2026-06-22 22:50:29.368 | INFO     | src.scraper.project_detail_scraper:scrape_project_detail:23 - Збір деталей проекту за адресою: https://devpost.com/software/rhetoriq-kctvnh
2026-06-22 22:50:30.632 | INFO     | src.scraper.project_detail_scraper:scrape_project_detail:23 - Збір деталей проекту за адресою: https://devpost.com/software/scalepilot
2026-06-22 22:50:32.976 | INFO     | src.scraper.project_detail_scraper:scrape_project_detail:23 - Збір деталей проекту за адресою: https://devpost.com/software/recoverai-h190b5
2026-06-22 22:50:34.225 | INFO     | src.scraper.project_detail_scraper:scrape_project_detail:23 - Збір деталей проекту за адресою: https://devpost.com/software/fetch-health
2026-06-22 22:50:36.517 | INFO     | src.scraper.project_detail_scraper:scrape_project_detail:23 - Збір деталей проекту за адресою: https://devpost.com/software/lunix
2026-06-22 22:50:37.734 | INFO     | src.scraper.project_detail_scraper:scrape_project_detail:23 - Збір деталей проекту за адресою: https://devpost.com/software/s-9ikm1b
2026-06-22 22:50:40.226 | INFO     | src.scraper.project_detail_scraper:scrape_project_detail:23 - Збір деталей проекту за адресою: https://devpost.com/software/compressor
2026-06-22 22:50:42.070 | INFO     | src.scraper.project_detail_scraper:scrape_project_detail:23 - Збір деталей проекту за адресою: https://devpost.com/software/aegis-z0yqbs
2026-06-22 22:50:44.333 | INFO     | src.scraper.project_detail_scraper:scrape_project_detail:23 - Збір деталей проекту за адресою: https://devpost.com/software/tripsync-5q81zg
2026-06-22 22:50:46.763 | INFO     | src.scraper.project_detail_scraper:scrape_project_detail:23 - Збір деталей проекту за адресою: https://devpost.com/software/mariposa-1j7isr
2026-06-22 22:50:48.171 | INFO     | src.scraper.project_detail_scraper:scrape_project_detail:23 - Збір деталей проекту за адресою: https://devpost.com/software/aside-ai
2026-06-22 22:50:50.498 | INFO     | src.scraper.project_detail_scraper:scrape_project_detail:23 - Збір деталей проекту за адресою: https://devpost.com/software/glovebox
2026-06-22 22:50:52.477 | INFO     | src.scraper.project_detail_scraper:scrape_project_detail:23 - Збір деталей проекту за адресою: https://devpost.com/software/plantcasso-qhu2so
2026-06-22 22:50:54.837 | INFO     | src.scraper.project_detail_scraper:scrape_project_detail:23 - Збір деталей проекту за адресою: https://devpost.com/software/signcast
2026-06-22 22:50:56.979 | INFO     | src.scraper.project_detail_scraper:scrape_project_detail:23 - Збір деталей проекту за адресою: https://devpost.com/software/deepdrive-0y8k6x
2026-06-22 22:50:59.204 | INFO     | src.scraper.project_detail_scraper:scrape_project_detail:23 - Збір деталей проекту за адресою: https://devpost.com/software/paper-cuts
2026-06-22 22:51:01.763 | INFO     | src.scraper.project_detail_scraper:scrape_project_detail:23 - Збір деталей проекту за адресою: https://devpost.com/software/sherpa-asqvoe
2026-06-22 22:51:02.908 | INFO     | src.scraper.project_detail_scraper:scrape_project_detail:23 - Збір деталей проекту за адресою: https://devpost.com/software/plan-b-agent
2026-06-22 22:51:04.981 | INFO     | src.scraper.project_detail_scraper:scrape_project_detail:23 - Збір деталей проекту за адресою: https://devpost.com/software/marketverse-zgjmlv
2026-06-22 22:51:07.353 | INFO     | src.scraper.project_detail_scraper:scrape_project_detail:23 - Збір деталей проекту за адресою: https://devpost.com/software/homeawayfromhome
2026-06-22 22:51:09.532 | INFO     | src.scraper.project_detail_scraper:scrape_project_detail:23 - Збір деталей проекту за адресою: https://devpost.com/software/eve-y4h0mt
2026-06-22 22:51:11.927 | INFO     | src.scraper.project_detail_scraper:scrape_project_detail:23 - Збір деталей проекту за адресою: https://devpost.com/software/contextmaster
2026-06-22 22:51:14.085 | INFO     | src.scraper.project_detail_scraper:scrape_project_detail:23 - Збір деталей проекту за адресою: https://devpost.com/software/improving-autonomous-vehicles
2026-06-22 22:51:16.082 | INFO     | src.scraper.project_detail_scraper:scrape_project_detail:23 - Збір деталей проекту за адресою: https://devpost.com/software/quant-code
2026-06-22 22:51:18.142 | INFO     | src.scraper.project_detail_scraper:scrape_project_detail:23 - Збір деталей проекту за адресою: https://devpost.com/software/inspector-23ser6
2026-06-22 22:51:20.150 | INFO     | src.scraper.project_detail_scraper:scrape_project_detail:23 - Збір деталей проекту за адресою: https://devpost.com/software/flaky-test-hunter
2026-06-22 22:51:21.234 | INFO     | src.scraper.project_detail_scraper:scrape_project_detail:23 - Збір деталей проекту за адресою: https://devpost.com/software/drunk-buddy
2026-06-22 22:51:22.264 | INFO     | src.scraper.project_detail_scraper:scrape_project_detail:23 - Збір деталей проекту за адресою: https://devpost.com/software/signoff-verified-delivery-for-coding-agents
2026-06-22 22:51:24.208 | INFO     | src.scraper.project_detail_scraper:scrape_project_detail:23 - Збір деталей проекту за адресою: https://devpost.com/software/the-one-that-always-listen
2026-06-22 22:51:26.251 | INFO     | src.scraper.project_detail_scraper:scrape_project_detail:23 - Збір деталей проекту за адресою: https://devpost.com/software/focusify-82zrno
2026-06-22 22:51:28.416 | INFO     | src.scraper.project_detail_scraper:scrape_project_detail:23 - Збір деталей проекту за адресою: https://devpost.com/software/storylearn-ai
2026-06-22 22:51:31.167 | INFO     | src.scraper.project_detail_scraper:scrape_project_detail:23 - Збір деталей проекту за адресою: https://devpost.com/software/tendly-smolpq
2026-06-22 22:51:32.273 | INFO     | src.scraper.project_detail_scraper:scrape_project_detail:23 - Збір деталей проекту за адресою: https://devpost.com/software/etch-3kg4d9
2026-06-22 22:51:34.478 | INFO     | src.scraper.project_detail_scraper:scrape_project_detail:23 - Збір деталей проекту за адресою: https://devpost.com/software/learnlocal-uqj5p4
2026-06-22 22:51:36.458 | INFO     | src.scraper.project_detail_scraper:scrape_project_detail:23 - Збір деталей проекту за адресою: https://devpost.com/software/vigil-ai-in7wfv
2026-06-22 22:51:38.473 | INFO     | src.scraper.project_detail_scraper:scrape_project_detail:23 - Збір деталей проекту за адресою: https://devpost.com/software/otomedi
2026-06-22 22:51:40.726 | INFO     | src.scraper.project_detail_scraper:scrape_project_detail:23 - Збір деталей проекту за адресою: https://devpost.com/software/curio-uzx34g
2026-06-22 22:51:42.345 | INFO     | src.scraper.project_detail_scraper:scrape_project_detail:23 - Збір деталей проекту за адресою: https://devpost.com/software/reseller
2026-06-22 22:51:43.694 | INFO     | src.scraper.project_detail_scraper:scrape_project_detail:23 - Збір деталей проекту за адресою: https://devpost.com/software/dwell-2a79sw
2026-06-22 22:51:45.898 | INFO     | src.scraper.project_detail_scraper:scrape_project_detail:23 - Збір деталей проекту за адресою: https://devpost.com/software/two-customer
2026-06-22 22:51:48.280 | INFO     | src.scraper.project_detail_scraper:scrape_project_detail:23 - Збір деталей проекту за адресою: https://devpost.com/software/cal-gpt-guitar-pedal-technologies
2026-06-22 22:51:50.922 | INFO     | src.scraper.project_detail_scraper:scrape_project_detail:23 - Збір деталей проекту за адресою: https://devpost.com/software/vision-copilot-test
2026-06-22 22:51:53.185 | INFO     | src.scraper.project_detail_scraper:scrape_project_detail:23 - Збір деталей проекту за адресою: https://devpost.com/software/team-gauntlet
2026-06-22 22:51:55.135 | INFO     | src.scraper.project_detail_scraper:scrape_project_detail:23 - Збір деталей проекту за адресою: https://devpost.com/software/policypulse-see-the-effects-of-a-law-before-it-passes
2026-06-22 22:51:57.697 | INFO     | src.scraper.project_detail_scraper:scrape_project_detail:23 - Збір деталей проекту за адресою: https://devpost.com/software/cortex-9rn8tg
2026-06-22 22:51:59.696 | INFO     | src.scraper.project_detail_scraper:scrape_project_detail:23 - Збір деталей проекту за адресою: https://devpost.com/software/theracat
2026-06-22 22:52:01.146 | INFO     | src.scraper.project_detail_scraper:scrape_project_detail:23 - Збір деталей проекту за адресою: https://devpost.com/software/radical
2026-06-22 22:52:03.419 | INFO     | src.scraper.project_detail_scraper:scrape_project_detail:23 - Збір деталей проекту за адресою: https://devpost.com/software/eat-tokens-wisely-ai
2026-06-22 22:52:04.537 | INFO     | src.scraper.project_detail_scraper:scrape_project_detail:23 - Збір деталей проекту за адресою: https://devpost.com/software/dumpd
2026-06-22 22:52:07.317 | INFO     | src.scraper.project_detail_scraper:scrape_project_detail:23 - Збір деталей проекту за адресою: https://devpost.com/software/familyshield
2026-06-22 22:52:09.787 | INFO     | src.scraper.project_detail_scraper:scrape_project_detail:23 - Збір деталей проекту за адресою: https://devpost.com/software/agromind
2026-06-22 22:52:12.001 | INFO     | src.scraper.project_detail_scraper:scrape_project_detail:23 - Збір деталей проекту за адресою: https://devpost.com/software/prism-iobxzr
2026-06-22 22:52:13.232 | INFO     | src.scraper.project_detail_scraper:scrape_project_detail:23 - Збір деталей проекту за адресою: https://devpost.com/software/cadence-a-voice-that-sounds-like-you
2026-06-22 22:52:15.561 | INFO     | src.scraper.project_detail_scraper:scrape_project_detail:23 - Збір деталей проекту за адресою: https://devpost.com/software/crowdsense-2btc4g
2026-06-22 22:52:17.525 | INFO     | src.scraper.project_detail_scraper:scrape_project_detail:23 - Збір деталей проекту за адресою: https://devpost.com/software/student-nova
2026-06-22 22:52:18.625 | INFO     | src.scraper.project_detail_scraper:scrape_project_detail:23 - Збір деталей проекту за адресою: https://devpost.com/software/second-brain-vrxyco
2026-06-22 22:52:20.434 | INFO     | src.scraper.project_detail_scraper:scrape_project_detail:23 - Збір деталей проекту за адресою: https://devpost.com/software/fact-check-b25pcg
2026-06-22 22:52:22.413 | INFO     | src.scraper.project_detail_scraper:scrape_project_detail:23 - Збір деталей проекту за адресою: https://devpost.com/software/bridgenote
2026-06-22 22:52:24.667 | INFO     | src.scraper.project_detail_scraper:scrape_project_detail:23 - Збір деталей проекту за адресою: https://devpost.com/software/clara-mkjrny
2026-06-22 22:52:26.538 | INFO     | src.scraper.project_detail_scraper:scrape_project_detail:23 - Збір деталей проекту за адресою: https://devpost.com/software/mission-blackout-ai-decision-authority-simulator
2026-06-22 22:52:28.465 | INFO     | src.scraper.project_detail_scraper:scrape_project_detail:23 - Збір деталей проекту за адресою: https://devpost.com/software/sift-guardian-self-correcting-secops-agents
2026-06-22 22:52:30.602 | INFO     | src.scraper.project_detail_scraper:scrape_project_detail:23 - Збір деталей проекту за адресою: https://devpost.com/software/vibeedit
2026-06-22 22:52:31.834 | INFO     | src.scraper.project_detail_scraper:scrape_project_detail:23 - Збір деталей проекту за адресою: https://devpost.com/software/quoram
2026-06-22 22:52:34.484 | INFO     | src.scraper.project_detail_scraper:scrape_project_detail:23 - Збір деталей проекту за адресою: https://devpost.com/software/wheelway-saxt0u
2026-06-22 22:52:35.726 | INFO     | src.scraper.project_detail_scraper:scrape_project_detail:23 - Збір деталей проекту за адресою: https://devpost.com/software/astro-llm-the-llm-almanac
2026-06-22 22:52:37.785 | INFO     | src.scraper.project_detail_scraper:scrape_project_detail:23 - Збір деталей проекту за адресою: https://devpost.com/software/triad-learn-your-way
2026-06-22 22:52:38.990 | INFO     | src.scraper.project_detail_scraper:scrape_project_detail:23 - Збір деталей проекту за адресою: https://devpost.com/software/interim-y8rh0n
2026-06-22 22:52:40.209 | INFO     | src.scraper.project_detail_scraper:scrape_project_detail:23 - Збір деталей проекту за адресою: https://devpost.com/software/debate-rpg
2026-06-22 22:52:42.282 | INFO     | src.scraper.project_detail_scraper:scrape_project_detail:23 - Збір деталей проекту за адресою: https://devpost.com/software/vibe-city
2026-06-22 22:52:44.572 | INFO     | src.scraper.project_detail_scraper:scrape_project_detail:23 - Збір деталей проекту за адресою: https://devpost.com/software/my-friend-elderly-helper
2026-06-22 22:52:46.011 | INFO     | src.scraper.project_detail_scraper:scrape_project_detail:23 - Збір деталей проекту за адресою: https://devpost.com/software/baymax-1uw642
2026-06-22 22:52:48.040 | INFO     | src.scraper.project_detail_scraper:scrape_project_detail:23 - Збір деталей проекту за адресою: https://devpost.com/software/compass-8bghuk
2026-06-22 22:52:50.300 | INFO     | src.scraper.project_detail_scraper:scrape_project_detail:23 - Збір деталей проекту за адресою: https://devpost.com/software/sonoxr
2026-06-22 22:52:51.495 | INFO     | src.scraper.project_detail_scraper:scrape_project_detail:23 - Збір деталей проекту за адресою: https://devpost.com/software/distill-bumkjx
2026-06-22 22:52:52.671 | INFO     | src.scraper.project_detail_scraper:scrape_project_detail:23 - Збір деталей проекту за адресою: https://devpost.com/software/firstpass-mdta7f
2026-06-22 22:52:54.889 | INFO     | src.scraper.project_detail_scraper:scrape_project_detail:23 - Збір деталей проекту за адресою: https://devpost.com/software/triage-y10mpq
2026-06-22 22:52:57.075 | INFO     | src.scraper.project_detail_scraper:scrape_project_detail:23 - Збір деталей проекту за адресою: https://devpost.com/software/lighthouse-o06q58
2026-06-22 22:52:58.442 | INFO     | src.scraper.project_detail_scraper:scrape_project_detail:23 - Збір деталей проекту за адресою: https://devpost.com/software/mantleguard
2026-06-22 22:52:59.584 | INFO     | src.scraper.project_detail_scraper:scrape_project_detail:23 - Збір деталей проекту за адресою: https://devpost.com/software/tokenc
2026-06-22 22:53:01.646 | INFO     | src.scraper.project_detail_scraper:scrape_project_detail:23 - Збір деталей проекту за адресою: https://devpost.com/software/bearfuel
2026-06-22 22:53:04.088 | INFO     | src.scraper.project_detail_scraper:scrape_project_detail:23 - Збір деталей проекту за адресою: https://devpost.com/software/ghost-fighter
2026-06-22 22:53:06.720 | INFO     | src.scraper.project_detail_scraper:scrape_project_detail:23 - Збір деталей проекту за адресою: https://devpost.com/software/axisgen
2026-06-22 22:53:07.875 | INFO     | src.scraper.project_detail_scraper:scrape_project_detail:23 - Збір деталей проекту за адресою: https://devpost.com/software/motioncast
2026-06-22 22:53:10.138 | INFO     | src.scraper.project_detail_scraper:scrape_project_detail:23 - Збір деталей проекту за адресою: https://devpost.com/software/hivesense
2026-06-22 22:53:12.442 | INFO     | src.scraper.project_detail_scraper:scrape_project_detail:23 - Збір деталей проекту за адресою: https://devpost.com/software/executor-ai
2026-06-22 22:53:14.616 | INFO     | src.scraper.project_detail_scraper:scrape_project_detail:23 - Збір деталей проекту за адресою: https://devpost.com/software/compressgram
2026-06-22 22:53:16.734 | INFO     | src.scraper.project_detail_scraper:scrape_project_detail:23 - Збір деталей проекту за адресою: https://devpost.com/software/selfaudit
2026-06-22 22:53:18.831 | INFO     | src.scraper.project_detail_scraper:scrape_project_detail:23 - Збір деталей проекту за адресою: https://devpost.com/software/kindred-9cksgi
2026-06-22 22:53:20.037 | INFO     | src.scraper.project_detail_scraper:scrape_project_detail:23 - Збір деталей проекту за адресою: https://devpost.com/software/relay-g4i2bc
2026-06-22 22:53:22.117 | INFO     | src.scraper.project_detail_scraper:scrape_project_detail:23 - Збір деталей проекту за адресою: https://devpost.com/software/aslope
2026-06-22 22:53:24.208 | INFO     | src.scraper.project_detail_scraper:scrape_project_detail:23 - Збір деталей проекту за адресою: https://devpost.com/software/govworld-the-living-city
2026-06-22 22:53:26.475 | INFO     | src.scraper.project_detail_scraper:scrape_project_detail:23 - Збір деталей проекту за адресою: https://devpost.com/software/wingit-nfzwbt
2026-06-22 22:53:28.282 | INFO     | src.scraper.project_detail_scraper:scrape_project_detail:23 - Збір деталей проекту за адресою: https://devpost.com/software/b-e-arrier-academy
2026-06-22 22:53:30.447 | INFO     | src.scraper.project_detail_scraper:scrape_project_detail:23 - Збір деталей проекту за адресою: https://devpost.com/software/songsense
2026-06-22 22:53:32.752 | INFO     | src.scraper.project_detail_scraper:scrape_project_detail:23 - Збір деталей проекту за адресою: https://devpost.com/software/engram-fv5a2k
2026-06-22 22:53:34.760 | INFO     | src.scraper.project_detail_scraper:scrape_project_detail:23 - Збір деталей проекту за адресою: https://devpost.com/software/ironbook
2026-06-22 22:53:35.997 | INFO     | src.scraper.project_detail_scraper:scrape_project_detail:23 - Збір деталей проекту за адресою: https://devpost.com/software/communitylend
2026-06-22 22:53:37.816 | INFO     | src.scraper.project_detail_scraper:scrape_project_detail:23 - Збір деталей проекту за адресою: https://devpost.com/software/latent-geometry-blind-spots-stress-test-jepa-world-models
2026-06-22 22:53:40.154 | INFO     | src.scraper.project_detail_scraper:scrape_project_detail:23 - Збір деталей проекту за адресою: https://devpost.com/software/scrappy-q7pr5l
2026-06-22 22:53:41.257 | INFO     | src.scraper.project_detail_scraper:scrape_project_detail:23 - Збір деталей проекту за адресою: https://devpost.com/software/yeye-vw56ym
2026-06-22 22:53:42.427 | INFO     | src.scraper.project_detail_scraper:scrape_project_detail:23 - Збір деталей проекту за адресою: https://devpost.com/software/lifeline-ai-xwh4oi
2026-06-22 22:53:44.412 | INFO     | src.scraper.project_detail_scraper:scrape_project_detail:23 - Збір деталей проекту за адресою: https://devpost.com/software/safetank
2026-06-22 22:53:45.688 | INFO     | src.scraper.project_detail_scraper:scrape_project_detail:23 - Збір деталей проекту за адресою: https://devpost.com/software/sentinel-poyh3v
2026-06-22 22:53:47.842 | INFO     | src.scraper.project_detail_scraper:scrape_project_detail:23 - Збір деталей проекту за адресою: https://devpost.com/software/ai-posture-guardian
2026-06-22 22:53:49.784 | INFO     | src.scraper.project_detail_scraper:scrape_project_detail:23 - Збір деталей проекту за адресою: https://devpost.com/software/ilera-5uzx1r
2026-06-22 22:53:50.945 | INFO     | src.scraper.project_detail_scraper:scrape_project_detail:23 - Збір деталей проекту за адресою: https://devpost.com/software/clinical-interpretation
2026-06-22 22:53:53.065 | INFO     | src.scraper.project_detail_scraper:scrape_project_detail:23 - Збір деталей проекту за адресою: https://devpost.com/software/tracer-x892qw
2026-06-22 22:53:54.829 | INFO     | src.scraper.project_detail_scraper:scrape_project_detail:23 - Збір деталей проекту за адресою: https://devpost.com/software/aanya-personal-resource-navigator
2026-06-22 22:53:56.664 | INFO     | src.scraper.project_detail_scraper:scrape_project_detail:23 - Збір деталей проекту за адресою: https://devpost.com/software/firstresponder-relay
2026-06-22 22:53:57.988 | INFO     | src.scraper.project_detail_scraper:scrape_project_detail:23 - Збір деталей проекту за адресою: https://devpost.com/software/baba-babooshka
2026-06-22 22:54:00.006 | INFO     | src.scraper.project_detail_scraper:scrape_project_detail:23 - Збір деталей проекту за адресою: https://devpost.com/software/zoneguard
2026-06-22 22:54:01.237 | INFO     | src.scraper.project_detail_scraper:scrape_project_detail:23 - Збір деталей проекту за адресою: https://devpost.com/software/reseller-mkjlfg
2026-06-22 22:54:02.413 | INFO     | src.scraper.project_detail_scraper:scrape_project_detail:23 - Збір деталей проекту за адресою: https://devpost.com/software/device-doctor
2026-06-22 22:54:04.541 | INFO     | src.scraper.project_detail_scraper:scrape_project_detail:23 - Збір деталей проекту за адресою: https://devpost.com/software/cryobrain
2026-06-22 22:54:06.899 | INFO     | src.scraper.project_detail_scraper:scrape_project_detail:23 - Збір деталей проекту за адресою: https://devpost.com/software/3d-point-cloud-construction
2026-06-22 22:54:08.924 | INFO     | __main__:run_full_ingestion:115 - Успішно імпортовано хакатон: UC Berkeley AI Hackathon 2026 (400 проектів).
2026-06-22 22:54:10.927 | INFO     | __main__:run_full_ingestion:46 - [14/24] Початок збору даних для: Africa Digital ID Hackathon 2026...
2026-06-22 22:54:10.928 | INFO     | src.scraper.hackathon_detail_scraper:scrape_hackathon_detail:19 - Збір деталей для хакатону за адресою: https://africadigitalidhackathon2026.devpost.com/
2026-06-22 22:54:12.149 | INFO     | src.scraper.projects_scraper:fetch_hackathon_projects:31 - Запуск збору проектів для субдомену: africadigitalidhackathon2026
2026-06-22 22:54:12.149 | INFO     | src.scraper.projects_scraper:fetch_hackathon_projects:35 - Збір проектів, сторінка 1...
2026-06-22 22:54:12.972 | INFO     | src.scraper.projects_scraper:fetch_hackathon_projects:52 - На сторінці 1 більше немає карток проектів. Завершуємо збір.
2026-06-22 22:54:12.973 | INFO     | __main__:run_full_ingestion:72 - Знайдено проектів для обробки: 0
2026-06-22 22:54:12.981 | INFO     | __main__:run_full_ingestion:115 - Успішно імпортовано хакатон: Africa Digital ID Hackathon 2026 (0 проектів).
2026-06-22 22:54:14.984 | INFO     | __main__:run_full_ingestion:46 - [15/24] Початок збору даних для: BluePrint 2026 - Hackthon for freshers and Students...
2026-06-22 22:54:14.987 | INFO     | src.scraper.hackathon_detail_scraper:scrape_hackathon_detail:19 - Збір деталей для хакатону за адресою: https://blueprint-2026.devpost.com/
2026-06-22 22:54:15.895 | INFO     | src.scraper.projects_scraper:fetch_hackathon_projects:31 - Запуск збору проектів для субдомену: blueprint-2026
2026-06-22 22:54:15.896 | INFO     | src.scraper.projects_scraper:fetch_hackathon_projects:35 - Збір проектів, сторінка 1...
2026-06-22 22:54:16.760 | INFO     | src.scraper.projects_scraper:fetch_hackathon_projects:52 - На сторінці 1 більше немає карток проектів. Завершуємо збір.
2026-06-22 22:54:16.761 | INFO     | __main__:run_full_ingestion:72 - Знайдено проектів для обробки: 0
2026-06-22 22:54:16.771 | INFO     | __main__:run_full_ingestion:115 - Успішно імпортовано хакатон: BluePrint 2026 - Hackthon for freshers and Students (0 проектів).
2026-06-22 22:54:18.775 | INFO     | __main__:run_full_ingestion:46 - [16/24] Початок збору даних для: UNIHACK 2026, funded by the European Union...
2026-06-22 22:54:18.777 | INFO     | src.scraper.hackathon_detail_scraper:scrape_hackathon_detail:19 - Збір деталей для хакатону за адресою: https://unihack2026.devpost.com/
2026-06-22 22:54:19.785 | INFO     | src.scraper.projects_scraper:fetch_hackathon_projects:31 - Запуск збору проектів для субдомену: unihack2026
2026-06-22 22:54:19.785 | INFO     | src.scraper.projects_scraper:fetch_hackathon_projects:35 - Збір проектів, сторінка 1...
2026-06-22 22:54:21.290 | INFO     | src.scraper.projects_scraper:fetch_hackathon_projects:107 - Сторінка 1: успішно зчитано 24 проектів.
2026-06-22 22:54:23.291 | INFO     | src.scraper.projects_scraper:fetch_hackathon_projects:35 - Збір проектів, сторінка 2...
2026-06-22 22:54:24.815 | INFO     | src.scraper.projects_scraper:fetch_hackathon_projects:107 - Сторінка 2: успішно зчитано 24 проектів.
2026-06-22 22:54:26.816 | INFO     | src.scraper.projects_scraper:fetch_hackathon_projects:35 - Збір проектів, сторінка 3...
2026-06-22 22:54:28.563 | INFO     | src.scraper.projects_scraper:fetch_hackathon_projects:107 - Сторінка 3: успішно зчитано 24 проектів.
2026-06-22 22:54:30.564 | INFO     | src.scraper.projects_scraper:fetch_hackathon_projects:35 - Збір проектів, сторінка 4...
2026-06-22 22:54:32.748 | INFO     | src.scraper.projects_scraper:fetch_hackathon_projects:107 - Сторінка 4: успішно зчитано 24 проектів.
2026-06-22 22:54:34.749 | INFO     | src.scraper.projects_scraper:fetch_hackathon_projects:35 - Збір проектів, сторінка 5...
2026-06-22 22:54:36.265 | INFO     | src.scraper.projects_scraper:fetch_hackathon_projects:107 - Сторінка 5: успішно зчитано 24 проектів.
2026-06-22 22:54:38.267 | INFO     | src.scraper.projects_scraper:fetch_hackathon_projects:35 - Збір проектів, сторінка 6...
2026-06-22 22:54:39.683 | INFO     | src.scraper.projects_scraper:fetch_hackathon_projects:107 - Сторінка 6: успішно зчитано 24 проектів.
2026-06-22 22:54:41.684 | INFO     | src.scraper.projects_scraper:fetch_hackathon_projects:35 - Збір проектів, сторінка 7...
2026-06-22 22:54:43.083 | INFO     | src.scraper.projects_scraper:fetch_hackathon_projects:107 - Сторінка 7: успішно зчитано 24 проектів.
2026-06-22 22:54:45.086 | INFO     | src.scraper.projects_scraper:fetch_hackathon_projects:35 - Збір проектів, сторінка 8...
2026-06-22 22:54:46.188 | INFO     | src.scraper.projects_scraper:fetch_hackathon_projects:107 - Сторінка 8: успішно зчитано 15 проектів.
2026-06-22 22:54:48.189 | INFO     | src.scraper.projects_scraper:fetch_hackathon_projects:35 - Збір проектів, сторінка 9...
2026-06-22 22:54:48.929 | INFO     | src.scraper.projects_scraper:fetch_hackathon_projects:52 - На сторінці 9 більше немає карток проектів. Завершуємо збір.
2026-06-22 22:54:48.933 | INFO     | __main__:run_full_ingestion:72 - Знайдено проектів для обробки: 183
2026-06-22 22:54:48.934 | INFO     | src.scraper.project_detail_scraper:scrape_project_detail:23 - Збір деталей проекту за адресою: https://devpost.com/software/antrum-mk-1
2026-06-22 22:54:51.459 | INFO     | src.scraper.project_detail_scraper:scrape_project_detail:23 - Збір деталей проекту за адресою: https://devpost.com/software/sentinel-ai-rzp29l
2026-06-22 22:54:53.694 | INFO     | src.scraper.project_detail_scraper:scrape_project_detail:23 - Збір деталей проекту за адресою: https://devpost.com/software/cowdar
2026-06-22 22:54:55.979 | INFO     | src.scraper.project_detail_scraper:scrape_project_detail:23 - Збір деталей проекту за адресою: https://devpost.com/software/fire-tracker-d9uokc
2026-06-22 22:54:57.891 | INFO     | src.scraper.project_detail_scraper:scrape_project_detail:23 - Збір деталей проекту за адресою: https://devpost.com/software/stepflow
2026-06-22 22:54:59.693 | INFO     | src.scraper.project_detail_scraper:scrape_project_detail:23 - Збір деталей проекту за адресою: https://devpost.com/software/hooked-47pm25
2026-06-22 22:55:01.762 | INFO     | src.scraper.project_detail_scraper:scrape_project_detail:23 - Збір деталей проекту за адресою: https://devpost.com/software/safe-trace
2026-06-22 22:55:02.877 | INFO     | src.scraper.project_detail_scraper:scrape_project_detail:23 - Збір деталей проекту за адресою: https://devpost.com/software/echo-107u6c
2026-06-22 22:55:05.035 | INFO     | src.scraper.project_detail_scraper:scrape_project_detail:23 - Збір деталей проекту за адресою: https://devpost.com/software/tracksync
2026-06-22 22:55:07.188 | INFO     | src.scraper.project_detail_scraper:scrape_project_detail:23 - Збір деталей проекту за адресою: https://devpost.com/software/meshnet
2026-06-22 22:55:09.875 | INFO     | src.scraper.project_detail_scraper:scrape_project_detail:23 - Збір деталей проекту за адресою: https://devpost.com/software/peersuade
2026-06-22 22:55:11.275 | INFO     | src.scraper.project_detail_scraper:scrape_project_detail:23 - Збір деталей проекту за адресою: https://devpost.com/software/orion-15qdnf
2026-06-22 22:55:13.627 | INFO     | src.scraper.project_detail_scraper:scrape_project_detail:23 - Збір деталей проекту за адресою: https://devpost.com/software/uniaid-tvojlk
2026-06-22 22:55:15.685 | INFO     | src.scraper.project_detail_scraper:scrape_project_detail:23 - Збір деталей проекту за адресою: https://devpost.com/software/taylr
2026-06-22 22:55:16.904 | INFO     | src.scraper.project_detail_scraper:scrape_project_detail:23 - Збір деталей проекту за адресою: https://devpost.com/software/job-pet
2026-06-22 22:55:18.153 | INFO     | src.scraper.project_detail_scraper:scrape_project_detail:23 - Збір деталей проекту за адресою: https://devpost.com/software/virtual-smart-home-solar-sensor
2026-06-22 22:55:20.057 | INFO     | src.scraper.project_detail_scraper:scrape_project_detail:23 - Збір деталей проекту за адресою: https://devpost.com/software/game-quest
2026-06-22 22:55:21.354 | INFO     | src.scraper.project_detail_scraper:scrape_project_detail:23 - Збір деталей проекту за адресою: https://devpost.com/software/clawcat
2026-06-22 22:55:22.558 | INFO     | src.scraper.project_detail_scraper:scrape_project_detail:23 - Збір деталей проекту за адресою: https://devpost.com/software/shellbreaker
2026-06-22 22:55:23.732 | INFO     | src.scraper.project_detail_scraper:scrape_project_detail:23 - Збір деталей проекту за адресою: https://devpost.com/software/speechmax
2026-06-22 22:55:25.923 | INFO     | src.scraper.project_detail_scraper:scrape_project_detail:23 - Збір деталей проекту за адресою: https://devpost.com/software/match-i0xb6h
2026-06-22 22:55:28.335 | INFO     | src.scraper.project_detail_scraper:scrape_project_detail:23 - Збір деталей проекту за адресою: https://devpost.com/software/taste-buds-xzcf17
2026-06-22 22:55:30.572 | INFO     | src.scraper.project_detail_scraper:scrape_project_detail:23 - Збір деталей проекту за адресою: https://devpost.com/software/scrollsense
2026-06-22 22:55:32.810 | INFO     | src.scraper.project_detail_scraper:scrape_project_detail:23 - Збір деталей проекту за адресою: https://devpost.com/software/parking-for-all
2026-06-22 22:55:35.122 | INFO     | src.scraper.project_detail_scraper:scrape_project_detail:23 - Збір деталей проекту за адресою: https://devpost.com/software/forethought
2026-06-22 22:55:37.106 | INFO     | src.scraper.project_detail_scraper:scrape_project_detail:23 - Збір деталей проекту за адресою: https://devpost.com/software/lastminute-wfsvkq
2026-06-22 22:55:38.947 | INFO     | src.scraper.project_detail_scraper:scrape_project_detail:23 - Збір деталей проекту за адресою: https://devpost.com/software/give-us-a-name
2026-06-22 22:55:41.376 | INFO     | src.scraper.project_detail_scraper:scrape_project_detail:23 - Збір деталей проекту за адресою: https://devpost.com/software/finance-life-simulation
2026-06-22 22:55:42.604 | INFO     | src.scraper.project_detail_scraper:scrape_project_detail:23 - Збір деталей проекту за адресою: https://devpost.com/software/mappy-xz9tm3
2026-06-22 22:55:44.528 | INFO     | src.scraper.project_detail_scraper:scrape_project_detail:23 - Збір деталей проекту за адресою: https://devpost.com/software/popular-project-yecg7d4ams9z
2026-06-22 22:55:45.048 | ERROR    | src.scraper.project_detail_scraper:scrape_project_detail:26 - Не вдалося завантажити HTML для деталей проекту: https://devpost.com/software/popular-project-yecg7d4ams9z
2026-06-22 22:55:45.277 | INFO     | src.scraper.project_detail_scraper:scrape_project_detail:23 - Збір деталей проекту за адресою: https://devpost.com/software/whatthedogdoin
2026-06-22 22:55:47.395 | INFO     | src.scraper.project_detail_scraper:scrape_project_detail:23 - Збір деталей проекту за адресою: https://devpost.com/software/nomster-1f5qrv
2026-06-22 22:55:48.579 | INFO     | src.scraper.project_detail_scraper:scrape_project_detail:23 - Збір деталей проекту за адресою: https://devpost.com/software/guardianlm
2026-06-22 22:55:50.744 | INFO     | src.scraper.project_detail_scraper:scrape_project_detail:23 - Збір деталей проекту за адресою: https://devpost.com/software/prepbrain
2026-06-22 22:55:51.918 | INFO     | src.scraper.project_detail_scraper:scrape_project_detail:23 - Збір деталей проекту за адресою: https://devpost.com/software/phobidden-imports
2026-06-22 22:55:53.092 | INFO     | src.scraper.project_detail_scraper:scrape_project_detail:23 - Збір деталей проекту за адресою: https://devpost.com/software/guider-leshwx
2026-06-22 22:55:55.378 | INFO     | src.scraper.project_detail_scraper:scrape_project_detail:23 - Збір деталей проекту за адресою: https://devpost.com/software/hackhive-snake_game
2026-06-22 22:55:56.589 | INFO     | src.scraper.project_detail_scraper:scrape_project_detail:23 - Збір деталей проекту за адресою: https://devpost.com/software/budgetbite-ea1rz2
2026-06-22 22:55:58.691 | INFO     | src.scraper.project_detail_scraper:scrape_project_detail:23 - Збір деталей проекту за адресою: https://devpost.com/software/monster-tracker
2026-06-22 22:55:59.821 | INFO     | src.scraper.project_detail_scraper:scrape_project_detail:23 - Збір деталей проекту за адресою: https://devpost.com/software/gamegram
2026-06-22 22:56:00.990 | INFO     | src.scraper.project_detail_scraper:scrape_project_detail:23 - Збір деталей проекту за адресою: https://devpost.com/software/studious-slice-of-life
2026-06-22 22:56:02.149 | INFO     | src.scraper.project_detail_scraper:scrape_project_detail:23 - Збір деталей проекту за адресою: https://devpost.com/software/canary-ai
2026-06-22 22:56:04.045 | INFO     | src.scraper.project_detail_scraper:scrape_project_detail:23 - Збір деталей проекту за адресою: https://devpost.com/software/worldview-wnhy5q
2026-06-22 22:56:06.450 | INFO     | src.scraper.project_detail_scraper:scrape_project_detail:23 - Збір деталей проекту за адресою: https://devpost.com/software/wavelength-sx3dbz
2026-06-22 22:56:08.673 | INFO     | src.scraper.project_detail_scraper:scrape_project_detail:23 - Збір деталей проекту за адресою: https://devpost.com/software/studygo-gty2nw
2026-06-22 22:56:10.966 | INFO     | src.scraper.project_detail_scraper:scrape_project_detail:23 - Збір деталей проекту за адресою: https://devpost.com/software/soundscape-bohy9g
2026-06-22 22:56:14.506 | INFO     | src.scraper.project_detail_scraper:scrape_project_detail:23 - Збір деталей проекту за адресою: https://devpost.com/software/landed
2026-06-22 22:56:15.799 | INFO     | src.scraper.project_detail_scraper:scrape_project_detail:23 - Збір деталей проекту за адресою: https://devpost.com/software/moodbubble
2026-06-22 22:56:18.254 | INFO     | src.scraper.project_detail_scraper:scrape_project_detail:23 - Збір деталей проекту за адресою: https://devpost.com/software/campusbite
2026-06-22 22:56:21.079 | INFO     | src.scraper.project_detail_scraper:scrape_project_detail:23 - Збір деталей проекту за адресою: https://devpost.com/software/github-ranked-vqk476
2026-06-22 22:56:23.751 | INFO     | src.scraper.project_detail_scraper:scrape_project_detail:23 - Збір деталей проекту за адресою: https://devpost.com/software/happs-rl2645
2026-06-22 22:56:25.958 | INFO     | src.scraper.project_detail_scraper:scrape_project_detail:23 - Збір деталей проекту за адресою: https://devpost.com/software/ember-bmrk5l
2026-06-22 22:56:27.208 | INFO     | src.scraper.project_detail_scraper:scrape_project_detail:23 - Збір деталей проекту за адресою: https://devpost.com/software/the-last-raiders
2026-06-22 22:56:29.475 | INFO     | src.scraper.project_detail_scraper:scrape_project_detail:23 - Збір деталей проекту за адресою: https://devpost.com/software/memoryplace
2026-06-22 22:56:32.135 | INFO     | src.scraper.project_detail_scraper:scrape_project_detail:23 - Збір деталей проекту за адресою: https://devpost.com/software/sentra-ai
2026-06-22 22:56:34.454 | INFO     | src.scraper.project_detail_scraper:scrape_project_detail:23 - Збір деталей проекту за адресою: https://devpost.com/software/poseidon-aqc38e
2026-06-22 22:56:35.660 | INFO     | src.scraper.project_detail_scraper:scrape_project_detail:23 - Збір деталей проекту за адресою: https://devpost.com/software/zoned
2026-06-22 22:56:36.884 | INFO     | src.scraper.project_detail_scraper:scrape_project_detail:23 - Збір деталей проекту за адресою: https://devpost.com/software/gradly-by-flamingbeavers
2026-06-22 22:56:39.929 | INFO     | src.scraper.project_detail_scraper:scrape_project_detail:23 - Збір деталей проекту за адресою: https://devpost.com/software/kinship-ad1cfw
2026-06-22 22:56:41.956 | INFO     | src.scraper.project_detail_scraper:scrape_project_detail:23 - Збір деталей проекту за адресою: https://devpost.com/software/caremaxxing
2026-06-22 22:56:43.066 | INFO     | src.scraper.project_detail_scraper:scrape_project_detail:23 - Збір деталей проекту за адресою: https://devpost.com/software/whatsleft
2026-06-22 22:56:45.020 | INFO     | src.scraper.project_detail_scraper:scrape_project_detail:23 - Збір деталей проекту за адресою: https://devpost.com/software/stilllife
2026-06-22 22:56:46.860 | INFO     | src.scraper.project_detail_scraper:scrape_project_detail:23 - Збір деталей проекту за адресою: https://devpost.com/software/hookit
2026-06-22 22:56:49.036 | INFO     | src.scraper.project_detail_scraper:scrape_project_detail:23 - Збір деталей проекту за адресою: https://devpost.com/software/alertify-7x46y9
2026-06-22 22:56:50.109 | INFO     | src.scraper.project_detail_scraper:scrape_project_detail:23 - Збір деталей проекту за адресою: https://devpost.com/software/sidequest-2h6l38
2026-06-22 22:56:52.372 | INFO     | src.scraper.project_detail_scraper:scrape_project_detail:23 - Збір деталей проекту за адресою: https://devpost.com/software/food-component-filters
2026-06-22 22:56:54.489 | INFO     | src.scraper.project_detail_scraper:scrape_project_detail:23 - Збір деталей проекту за адресою: https://devpost.com/software/mayvk
2026-06-22 22:56:56.120 | INFO     | src.scraper.project_detail_scraper:scrape_project_detail:23 - Збір деталей проекту за адресою: https://devpost.com/software/goodbyte
2026-06-22 22:56:58.315 | INFO     | src.scraper.project_detail_scraper:scrape_project_detail:23 - Збір деталей проекту за адресою: https://devpost.com/software/synaptic-945068
2026-06-22 22:57:00.541 | INFO     | src.scraper.project_detail_scraper:scrape_project_detail:23 - Збір деталей проекту за адресою: https://devpost.com/software/unihack2026
2026-06-22 22:57:02.814 | INFO     | src.scraper.project_detail_scraper:scrape_project_detail:23 - Збір деталей проекту за адресою: https://devpost.com/software/crux-rxao27
2026-06-22 22:57:04.155 | INFO     | src.scraper.project_detail_scraper:scrape_project_detail:23 - Збір деталей проекту за адресою: https://devpost.com/software/budgetfridge
2026-06-22 22:57:05.310 | INFO     | src.scraper.project_detail_scraper:scrape_project_detail:23 - Збір деталей проекту за адресою: https://devpost.com/software/placeholder-name-responsibility-mascot
2026-06-22 22:57:07.536 | INFO     | src.scraper.project_detail_scraper:scrape_project_detail:23 - Збір деталей проекту за адресою: https://devpost.com/software/dishcover-6jdmzu
2026-06-22 22:57:08.744 | INFO     | src.scraper.project_detail_scraper:scrape_project_detail:23 - Збір деталей проекту за адресою: https://devpost.com/software/let-scams-just-miss
2026-06-22 22:57:10.586 | INFO     | src.scraper.project_detail_scraper:scrape_project_detail:23 - Збір деталей проекту за адресою: https://devpost.com/software/parkingkarma
2026-06-22 22:57:12.858 | INFO     | src.scraper.project_detail_scraper:scrape_project_detail:23 - Збір деталей проекту за адресою: https://devpost.com/software/white-christmas-qpbj09
2026-06-22 22:57:15.136 | INFO     | src.scraper.project_detail_scraper:scrape_project_detail:23 - Збір деталей проекту за адресою: https://devpost.com/software/blueprintl
2026-06-22 22:57:17.152 | INFO     | src.scraper.project_detail_scraper:scrape_project_detail:23 - Збір деталей проекту за адресою: https://devpost.com/software/beesafe-njd4hi
2026-06-22 22:57:18.315 | INFO     | src.scraper.project_detail_scraper:scrape_project_detail:23 - Збір деталей проекту за адресою: https://devpost.com/software/touch-grass-ovde50
2026-06-22 22:57:19.499 | INFO     | src.scraper.project_detail_scraper:scrape_project_detail:23 - Збір деталей проекту за адресою: https://devpost.com/software/studysphere-tb7omf
2026-06-22 22:57:20.738 | INFO     | src.scraper.project_detail_scraper:scrape_project_detail:23 - Збір деталей проекту за адресою: https://devpost.com/software/decoroom
2026-06-22 22:57:23.056 | INFO     | src.scraper.project_detail_scraper:scrape_project_detail:23 - Збір деталей проекту за адресою: https://devpost.com/software/geonews-egp1yw
2026-06-22 22:57:24.276 | INFO     | src.scraper.project_detail_scraper:scrape_project_detail:23 - Збір деталей проекту за адресою: https://devpost.com/software/neurospot
2026-06-22 22:57:26.465 | INFO     | src.scraper.project_detail_scraper:scrape_project_detail:23 - Збір деталей проекту за адресою: https://devpost.com/software/sensebridge
2026-06-22 22:57:28.677 | INFO     | src.scraper.project_detail_scraper:scrape_project_detail:23 - Збір деталей проекту за адресою: https://devpost.com/software/finquest-nei4al
2026-06-22 22:57:29.846 | INFO     | src.scraper.project_detail_scraper:scrape_project_detail:23 - Збір деталей проекту за адресою: https://devpost.com/software/pet-memo
2026-06-22 22:57:32.028 | INFO     | src.scraper.project_detail_scraper:scrape_project_detail:23 - Збір деталей проекту за адресою: https://devpost.com/software/healthify-ut3h9v
2026-06-22 22:57:34.339 | INFO     | src.scraper.project_detail_scraper:scrape_project_detail:23 - Збір деталей проекту за адресою: https://devpost.com/software/undetermined-gmyfqn
2026-06-22 22:57:36.685 | INFO     | src.scraper.project_detail_scraper:scrape_project_detail:23 - Збір деталей проекту за адресою: https://devpost.com/software/optical-plankton-counter-gui
2026-06-22 22:57:37.940 | INFO     | src.scraper.project_detail_scraper:scrape_project_detail:23 - Збір деталей проекту за адресою: https://devpost.com/software/hajimi
2026-06-22 22:57:39.090 | INFO     | src.scraper.project_detail_scraper:scrape_project_detail:23 - Збір деталей проекту за адресою: https://devpost.com/software/hackstreet-boys-xjpi2d
2026-06-22 22:57:40.277 | INFO     | src.scraper.project_detail_scraper:scrape_project_detail:23 - Збір деталей проекту за адресою: https://devpost.com/software/cashcraft-749umt
2026-06-22 22:57:42.741 | INFO     | src.scraper.project_detail_scraper:scrape_project_detail:23 - Збір деталей проекту за адресою: https://devpost.com/software/happs-gxwfmb
2026-06-22 22:57:44.040 | INFO     | src.scraper.project_detail_scraper:scrape_project_detail:23 - Збір деталей проекту за адресою: https://devpost.com/software/human-operating-system
2026-06-22 22:57:45.921 | INFO     | src.scraper.project_detail_scraper:scrape_project_detail:23 - Збір деталей проекту за адресою: https://devpost.com/software/orchestra-w9tsnj
2026-06-22 22:57:47.159 | INFO     | src.scraper.project_detail_scraper:scrape_project_detail:23 - Збір деталей проекту за адресою: https://devpost.com/software/kestrel-4m7ur0
2026-06-22 22:57:49.574 | INFO     | src.scraper.project_detail_scraper:scrape_project_detail:23 - Збір деталей проекту за адресою: https://devpost.com/software/axis-qpk65z
2026-06-22 22:57:51.996 | INFO     | src.scraper.project_detail_scraper:scrape_project_detail:23 - Збір деталей проекту за адресою: https://devpost.com/software/brain-battle-lmohy5
2026-06-22 22:57:54.296 | INFO     | src.scraper.project_detail_scraper:scrape_project_detail:23 - Збір деталей проекту за адресою: https://devpost.com/software/centr-adc2wf
2026-06-22 22:57:56.624 | INFO     | src.scraper.project_detail_scraper:scrape_project_detail:23 - Збір деталей проекту за адресою: https://devpost.com/software/graph-surf
2026-06-22 22:57:57.734 | INFO     | src.scraper.project_detail_scraper:scrape_project_detail:23 - Збір деталей проекту за адресою: https://devpost.com/software/pantrific
2026-06-22 22:57:59.905 | INFO     | src.scraper.project_detail_scraper:scrape_project_detail:23 - Збір деталей проекту за адресою: https://devpost.com/software/staysafe-zjv3fg
2026-06-22 22:58:01.137 | INFO     | src.scraper.project_detail_scraper:scrape_project_detail:23 - Збір деталей проекту за адресою: https://devpost.com/software/bond-buddy
2026-06-22 22:58:03.312 | INFO     | src.scraper.project_detail_scraper:scrape_project_detail:23 - Збір деталей проекту за адресою: https://devpost.com/software/boardwalk-hx9i4r
2026-06-22 22:58:04.590 | INFO     | src.scraper.project_detail_scraper:scrape_project_detail:23 - Збір деталей проекту за адресою: https://devpost.com/software/codequest-wg3lv9
2026-06-22 22:58:07.025 | INFO     | src.scraper.project_detail_scraper:scrape_project_detail:23 - Збір деталей проекту за адресою: https://devpost.com/software/uni-eats-flhyqu
2026-06-22 22:58:09.257 | INFO     | src.scraper.project_detail_scraper:scrape_project_detail:23 - Збір деталей проекту за адресою: https://devpost.com/software/project-2dc56p
2026-06-22 22:58:10.506 | INFO     | src.scraper.project_detail_scraper:scrape_project_detail:23 - Збір деталей проекту за адресою: https://devpost.com/software/u-nit-me
2026-06-22 22:58:12.817 | INFO     | src.scraper.project_detail_scraper:scrape_project_detail:23 - Збір деталей проекту за адресою: https://devpost.com/software/bambii
2026-06-22 22:58:15.270 | INFO     | src.scraper.project_detail_scraper:scrape_project_detail:23 - Збір деталей проекту за адресою: https://devpost.com/software/unisquad
2026-06-22 22:58:16.423 | INFO     | src.scraper.project_detail_scraper:scrape_project_detail:23 - Збір деталей проекту за адресою: https://devpost.com/software/uniagent
2026-06-22 22:58:18.729 | INFO     | src.scraper.project_detail_scraper:scrape_project_detail:23 - Збір деталей проекту за адресою: https://devpost.com/software/auxilify
2026-06-22 22:58:20.989 | INFO     | src.scraper.project_detail_scraper:scrape_project_detail:23 - Збір деталей проекту за адресою: https://devpost.com/software/pythongame
2026-06-22 22:58:23.176 | INFO     | src.scraper.project_detail_scraper:scrape_project_detail:23 - Збір деталей проекту за адресою: https://devpost.com/software/seasweep
2026-06-22 22:58:24.385 | INFO     | src.scraper.project_detail_scraper:scrape_project_detail:23 - Збір деталей проекту за адресою: https://devpost.com/software/ereuse-hacks
2026-06-22 22:58:27.046 | INFO     | src.scraper.project_detail_scraper:scrape_project_detail:23 - Збір деталей проекту за адресою: https://devpost.com/software/echolearn-qtv2hs
2026-06-22 22:58:28.689 | INFO     | src.scraper.project_detail_scraper:scrape_project_detail:23 - Збір деталей проекту за адресою: https://devpost.com/software/your-rock-is-coming
2026-06-22 22:58:30.044 | INFO     | src.scraper.project_detail_scraper:scrape_project_detail:23 - Збір деталей проекту за адресою: https://devpost.com/software/team-snack-overflow
2026-06-22 22:58:31.313 | INFO     | src.scraper.project_detail_scraper:scrape_project_detail:23 - Збір деталей проекту за адресою: https://devpost.com/software/tom-le-47y93t
2026-06-22 22:58:33.843 | INFO     | src.scraper.project_detail_scraper:scrape_project_detail:23 - Збір деталей проекту за адресою: https://devpost.com/software/goats-of-unihack2026
2026-06-22 22:58:36.117 | INFO     | src.scraper.project_detail_scraper:scrape_project_detail:23 - Збір деталей проекту за адресою: https://devpost.com/software/biztown
2026-06-22 22:58:39.066 | INFO     | src.scraper.project_detail_scraper:scrape_project_detail:23 - Збір деталей проекту за адресою: https://devpost.com/software/habit-habitat
2026-06-22 22:58:40.515 | INFO     | src.scraper.project_detail_scraper:scrape_project_detail:23 - Збір деталей проекту за адресою: https://devpost.com/software/comet-zt5rxv
2026-06-22 22:58:42.461 | INFO     | src.scraper.project_detail_scraper:scrape_project_detail:23 - Збір деталей проекту за адресою: https://devpost.com/software/greenmusic
2026-06-22 22:58:43.894 | INFO     | src.scraper.project_detail_scraper:scrape_project_detail:23 - Збір деталей проекту за адресою: https://devpost.com/software/aerosafe
2026-06-22 22:58:46.903 | INFO     | src.scraper.project_detail_scraper:scrape_project_detail:23 - Збір деталей проекту за адресою: https://devpost.com/software/wingman-g5a1l7
2026-06-22 22:58:48.488 | INFO     | src.scraper.project_detail_scraper:scrape_project_detail:23 - Збір деталей проекту за адресою: https://devpost.com/software/buysmart-y7tzh6
2026-06-22 22:58:50.928 | INFO     | src.scraper.project_detail_scraper:scrape_project_detail:23 - Збір деталей проекту за адресою: https://devpost.com/software/glambot
2026-06-22 22:58:53.255 | INFO     | src.scraper.project_detail_scraper:scrape_project_detail:23 - Збір деталей проекту за адресою: https://devpost.com/software/infodote
2026-06-22 22:58:55.656 | INFO     | src.scraper.project_detail_scraper:scrape_project_detail:23 - Збір деталей проекту за адресою: https://devpost.com/software/anify
2026-06-22 22:58:57.563 | INFO     | src.scraper.project_detail_scraper:scrape_project_detail:23 - Збір деталей проекту за адресою: https://devpost.com/software/drift-ai-neighbors-on-the-map
2026-06-22 22:58:59.682 | INFO     | src.scraper.project_detail_scraper:scrape_project_detail:23 - Збір деталей проекту за адресою: https://devpost.com/software/humanaized-weather
2026-06-22 22:59:01.664 | INFO     | src.scraper.project_detail_scraper:scrape_project_detail:23 - Збір деталей проекту за адресою: https://devpost.com/software/it-worked
2026-06-22 22:59:04.069 | INFO     | src.scraper.project_detail_scraper:scrape_project_detail:23 - Збір деталей проекту за адресою: https://devpost.com/software/study-leveling
2026-06-22 22:59:05.289 | INFO     | src.scraper.project_detail_scraper:scrape_project_detail:23 - Збір деталей проекту за адресою: https://devpost.com/software/slothmotion
2026-06-22 22:59:07.307 | INFO     | src.scraper.project_detail_scraper:scrape_project_detail:23 - Збір деталей проекту за адресою: https://devpost.com/software/disaster-dashboard
2026-06-22 22:59:09.371 | INFO     | src.scraper.project_detail_scraper:scrape_project_detail:23 - Збір деталей проекту за адресою: https://devpost.com/software/iris-ndklah
2026-06-22 22:59:10.775 | INFO     | src.scraper.project_detail_scraper:scrape_project_detail:23 - Збір деталей проекту за адресою: https://devpost.com/software/habbitcat
2026-06-22 22:59:11.893 | INFO     | src.scraper.project_detail_scraper:scrape_project_detail:23 - Збір деталей проекту за адресою: https://devpost.com/software/speech-buddy
2026-06-22 22:59:14.055 | INFO     | src.scraper.project_detail_scraper:scrape_project_detail:23 - Збір деталей проекту за адресою: https://devpost.com/software/dct-project
2026-06-22 22:59:15.244 | INFO     | src.scraper.project_detail_scraper:scrape_project_detail:23 - Збір деталей проекту за адресою: https://devpost.com/software/doable-dgwlnp
2026-06-22 22:59:16.324 | INFO     | src.scraper.project_detail_scraper:scrape_project_detail:23 - Збір деталей проекту за адресою: https://devpost.com/software/debate-master
2026-06-22 22:59:17.510 | INFO     | src.scraper.project_detail_scraper:scrape_project_detail:23 - Збір деталей проекту за адресою: https://devpost.com/software/fridgeiq
2026-06-22 22:59:19.823 | INFO     | src.scraper.project_detail_scraper:scrape_project_detail:23 - Збір деталей проекту за адресою: https://devpost.com/software/karachordy
2026-06-22 22:59:22.050 | INFO     | src.scraper.project_detail_scraper:scrape_project_detail:23 - Збір деталей проекту за адресою: https://devpost.com/software/larma
2026-06-22 22:59:24.539 | INFO     | src.scraper.project_detail_scraper:scrape_project_detail:23 - Збір деталей проекту за адресою: https://devpost.com/software/grid-lockdown-gridsim
2026-06-22 22:59:26.679 | INFO     | src.scraper.project_detail_scraper:scrape_project_detail:23 - Збір деталей проекту за адресою: https://devpost.com/software/code-to-impress
2026-06-22 22:59:28.716 | INFO     | src.scraper.project_detail_scraper:scrape_project_detail:23 - Збір деталей проекту за адресою: https://devpost.com/software/fishpedia
2026-06-22 22:59:31.176 | INFO     | src.scraper.project_detail_scraper:scrape_project_detail:23 - Збір деталей проекту за адресою: https://devpost.com/software/skill-issue-m7iljs
2026-06-22 22:59:32.400 | INFO     | src.scraper.project_detail_scraper:scrape_project_detail:23 - Збір деталей проекту за адресою: https://devpost.com/software/hungrr
2026-06-22 22:59:33.858 | INFO     | src.scraper.project_detail_scraper:scrape_project_detail:23 - Збір деталей проекту за адресою: https://devpost.com/software/ai-food-discovery
2026-06-22 22:59:36.264 | INFO     | src.scraper.project_detail_scraper:scrape_project_detail:23 - Збір деталей проекту за адресою: https://devpost.com/software/skillswap-8htaod
2026-06-22 22:59:38.694 | INFO     | src.scraper.project_detail_scraper:scrape_project_detail:23 - Збір деталей проекту за адресою: https://devpost.com/software/airdap
2026-06-22 22:59:40.857 | INFO     | src.scraper.project_detail_scraper:scrape_project_detail:23 - Збір деталей проекту за адресою: https://devpost.com/software/relio
2026-06-22 22:59:43.176 | INFO     | src.scraper.project_detail_scraper:scrape_project_detail:23 - Збір деталей проекту за адресою: https://devpost.com/software/i-owe-you
2026-06-22 22:59:45.529 | INFO     | src.scraper.project_detail_scraper:scrape_project_detail:23 - Збір деталей проекту за адресою: https://devpost.com/software/catchup-70aipj
2026-06-22 22:59:46.761 | INFO     | src.scraper.project_detail_scraper:scrape_project_detail:23 - Збір деталей проекту за адресою: https://devpost.com/software/rental-inspector
2026-06-22 22:59:49.069 | INFO     | src.scraper.project_detail_scraper:scrape_project_detail:23 - Збір деталей проекту за адресою: https://devpost.com/software/skillbridge-ai-hoz0j3
2026-06-22 22:59:51.271 | INFO     | src.scraper.project_detail_scraper:scrape_project_detail:23 - Збір деталей проекту за адресою: https://devpost.com/software/chad-extension
2026-06-22 22:59:53.448 | INFO     | src.scraper.project_detail_scraper:scrape_project_detail:23 - Збір деталей проекту за адресою: https://devpost.com/software/studentsaver
2026-06-22 22:59:54.791 | INFO     | src.scraper.project_detail_scraper:scrape_project_detail:23 - Збір деталей проекту за адресою: https://devpost.com/software/fimodo
2026-06-22 22:59:55.967 | INFO     | src.scraper.project_detail_scraper:scrape_project_detail:23 - Збір деталей проекту за адресою: https://devpost.com/software/causequest-7q5ls6
2026-06-22 22:59:57.380 | INFO     | src.scraper.project_detail_scraper:scrape_project_detail:23 - Збір деталей проекту за адресою: https://devpost.com/software/aigument
2026-06-22 22:59:58.574 | INFO     | src.scraper.project_detail_scraper:scrape_project_detail:23 - Збір деталей проекту за адресою: https://devpost.com/software/smarty-kitchen-os
2026-06-22 22:59:59.830 | INFO     | src.scraper.project_detail_scraper:scrape_project_detail:23 - Збір деталей проекту за адресою: https://devpost.com/software/mocha-6h0gn2
2026-06-22 23:00:02.434 | INFO     | src.scraper.project_detail_scraper:scrape_project_detail:23 - Збір деталей проекту за адресою: https://devpost.com/software/guardia-9ghij1
2026-06-22 23:00:04.753 | INFO     | src.scraper.project_detail_scraper:scrape_project_detail:23 - Збір деталей проекту за адресою: https://devpost.com/software/courtside-alpha
2026-06-22 23:00:05.946 | INFO     | src.scraper.project_detail_scraper:scrape_project_detail:23 - Збір деталей проекту за адресою: https://devpost.com/software/nutricare-rf7nym
2026-06-22 23:00:07.242 | INFO     | src.scraper.project_detail_scraper:scrape_project_detail:23 - Збір деталей проекту за адресою: https://devpost.com/software/stratis-supply-chain-intelligence
2026-06-22 23:00:09.608 | INFO     | src.scraper.project_detail_scraper:scrape_project_detail:23 - Збір деталей проекту за адресою: https://devpost.com/software/future-me-6c2yne
2026-06-22 23:00:11.879 | INFO     | src.scraper.project_detail_scraper:scrape_project_detail:23 - Збір деталей проекту за адресою: https://devpost.com/software/mosaic-rgpqai
2026-06-22 23:00:14.042 | INFO     | src.scraper.project_detail_scraper:scrape_project_detail:23 - Збір деталей проекту за адресою: https://devpost.com/software/social-xp
2026-06-22 23:00:16.209 | INFO     | src.scraper.project_detail_scraper:scrape_project_detail:23 - Збір деталей проекту за адресою: https://devpost.com/software/genome-hackers
2026-06-22 23:00:18.468 | INFO     | src.scraper.project_detail_scraper:scrape_project_detail:23 - Збір деталей проекту за адресою: https://devpost.com/software/searchcomete
2026-06-22 23:00:19.044 | ERROR    | src.scraper.project_detail_scraper:scrape_project_detail:26 - Не вдалося завантажити HTML для деталей проекту: https://devpost.com/software/searchcomete
2026-06-22 23:00:19.285 | INFO     | src.scraper.project_detail_scraper:scrape_project_detail:23 - Збір деталей проекту за адресою: https://devpost.com/software/runalarm-clock
2026-06-22 23:00:20.469 | INFO     | src.scraper.project_detail_scraper:scrape_project_detail:23 - Збір деталей проекту за адресою: https://devpost.com/software/travel-chatbot-for-melbourne-restaurants
2026-06-22 23:00:21.654 | INFO     | src.scraper.project_detail_scraper:scrape_project_detail:23 - Збір деталей проекту за адресою: https://devpost.com/software/jobsync-olk71a
2026-06-22 23:00:22.825 | INFO     | src.scraper.project_detail_scraper:scrape_project_detail:23 - Збір деталей проекту за адресою: https://devpost.com/software/ledgesafe
2026-06-22 23:00:25.160 | INFO     | src.scraper.project_detail_scraper:scrape_project_detail:23 - Збір деталей проекту за адресою: https://devpost.com/software/unisigma
2026-06-22 23:00:27.038 | INFO     | src.scraper.project_detail_scraper:scrape_project_detail:23 - Збір деталей проекту за адресою: https://devpost.com/software/budget-bunny-ak6zdv
2026-06-22 23:00:29.462 | INFO     | src.scraper.project_detail_scraper:scrape_project_detail:23 - Збір деталей проекту за адресою: https://devpost.com/software/agon
2026-06-22 23:00:31.348 | INFO     | src.scraper.project_detail_scraper:scrape_project_detail:23 - Збір деталей проекту за адресою: https://devpost.com/software/malong-dream-team
2026-06-22 23:00:32.754 | INFO     | __main__:run_full_ingestion:115 - Успішно імпортовано хакатон: UNIHACK 2026, funded by the European Union (183 проектів).
2026-06-22 23:00:34.763 | INFO     | __main__:run_full_ingestion:46 - [17/24] Початок збору даних для: Beyond Tomorrow Summit...
2026-06-22 23:00:34.764 | INFO     | src.scraper.hackathon_detail_scraper:scrape_hackathon_detail:19 - Збір деталей для хакатону за адресою: https://beyond-tomorrow-summit.devpost.com/
2026-06-22 23:00:35.864 | INFO     | src.scraper.projects_scraper:fetch_hackathon_projects:31 - Запуск збору проектів для субдомену: beyond-tomorrow-summit
2026-06-22 23:00:35.865 | INFO     | src.scraper.projects_scraper:fetch_hackathon_projects:35 - Збір проектів, сторінка 1...
2026-06-22 23:00:36.617 | INFO     | src.scraper.projects_scraper:fetch_hackathon_projects:52 - На сторінці 1 більше немає карток проектів. Завершуємо збір.
2026-06-22 23:00:36.617 | INFO     | __main__:run_full_ingestion:72 - Знайдено проектів для обробки: 0
2026-06-22 23:00:36.625 | INFO     | __main__:run_full_ingestion:115 - Успішно імпортовано хакатон: Beyond Tomorrow Summit (0 проектів).
2026-06-22 23:00:38.627 | INFO     | __main__:run_full_ingestion:46 - [18/24] Початок збору даних для: TecStorm'26...
2026-06-22 23:00:38.628 | INFO     | src.scraper.hackathon_detail_scraper:scrape_hackathon_detail:19 - Збір деталей для хакатону за адресою: https://tecstorm26.devpost.com/
2026-06-22 23:00:39.902 | INFO     | src.scraper.projects_scraper:fetch_hackathon_projects:31 - Запуск збору проектів для субдомену: tecstorm26
2026-06-22 23:00:39.903 | INFO     | src.scraper.projects_scraper:fetch_hackathon_projects:35 - Збір проектів, сторінка 1...
2026-06-22 23:00:41.906 | INFO     | src.scraper.projects_scraper:fetch_hackathon_projects:107 - Сторінка 1: успішно зчитано 24 проектів.
2026-06-22 23:00:43.909 | INFO     | src.scraper.projects_scraper:fetch_hackathon_projects:35 - Збір проектів, сторінка 2...
2026-06-22 23:00:45.643 | INFO     | src.scraper.projects_scraper:fetch_hackathon_projects:107 - Сторінка 2: успішно зчитано 24 проектів.
2026-06-22 23:00:47.644 | INFO     | src.scraper.projects_scraper:fetch_hackathon_projects:35 - Збір проектів, сторінка 3...
2026-06-22 23:00:49.021 | INFO     | src.scraper.projects_scraper:fetch_hackathon_projects:107 - Сторінка 3: успішно зчитано 23 проектів.
2026-06-22 23:00:51.022 | INFO     | src.scraper.projects_scraper:fetch_hackathon_projects:35 - Збір проектів, сторінка 4...
2026-06-22 23:00:52.205 | INFO     | src.scraper.projects_scraper:fetch_hackathon_projects:107 - Сторінка 4: успішно зчитано 24 проектів.
2026-06-22 23:00:54.206 | INFO     | src.scraper.projects_scraper:fetch_hackathon_projects:35 - Збір проектів, сторінка 5...
2026-06-22 23:00:55.327 | INFO     | src.scraper.projects_scraper:fetch_hackathon_projects:107 - Сторінка 5: успішно зчитано 24 проектів.
2026-06-22 23:00:57.327 | INFO     | src.scraper.projects_scraper:fetch_hackathon_projects:35 - Збір проектів, сторінка 6...
2026-06-22 23:00:58.041 | INFO     | src.scraper.projects_scraper:fetch_hackathon_projects:52 - На сторінці 6 більше немає карток проектів. Завершуємо збір.
2026-06-22 23:00:58.041 | INFO     | __main__:run_full_ingestion:72 - Знайдено проектів для обробки: 119
2026-06-22 23:00:58.041 | INFO     | src.scraper.project_detail_scraper:scrape_project_detail:23 - Збір деталей проекту за адресою: https://devpost.com/software/paynest-o3ghqj
2026-06-22 23:01:00.071 | INFO     | src.scraper.project_detail_scraper:scrape_project_detail:23 - Збір деталей проекту за адресою: https://devpost.com/software/s-a-v-e-sistema-anti-inundacao-de-veiculos-em-emergencia
2026-06-22 23:01:01.114 | INFO     | src.scraper.project_detail_scraper:scrape_project_detail:23 - Збір деталей проекту за адресою: https://devpost.com/software/nutricare-agents-oefn4b
2026-06-22 23:01:04.375 | INFO     | src.scraper.project_detail_scraper:scrape_project_detail:23 - Збір деталей проекту за адресою: https://devpost.com/software/off-grid-3i2rde
2026-06-22 23:01:05.417 | INFO     | src.scraper.project_detail_scraper:scrape_project_detail:23 - Збір деталей проекту за адресою: https://devpost.com/software/trust-os
2026-06-22 23:01:07.423 | INFO     | src.scraper.project_detail_scraper:scrape_project_detail:23 - Збір деталей проекту за адресою: https://devpost.com/software/cogni-adapt
2026-06-22 23:01:08.792 | INFO     | src.scraper.project_detail_scraper:scrape_project_detail:23 - Збір деталей проекту за адресою: https://devpost.com/software/ignisense-rlhn5q
2026-06-22 23:01:09.798 | INFO     | src.scraper.project_detail_scraper:scrape_project_detail:23 - Збір деталей проекту за адресою: https://devpost.com/software/capnet
2026-06-22 23:01:10.935 | INFO     | src.scraper.project_detail_scraper:scrape_project_detail:23 - Збір деталей проекту за адресою: https://devpost.com/software/privatepay-tm2kho
2026-06-22 23:01:12.056 | INFO     | src.scraper.project_detail_scraper:scrape_project_detail:23 - Збір деталей проекту за адресою: https://devpost.com/software/nexpay
2026-06-22 23:01:13.222 | INFO     | src.scraper.project_detail_scraper:scrape_project_detail:23 - Збір деталей проекту за адресою: https://devpost.com/software/house-match
2026-06-22 23:01:14.334 | INFO     | src.scraper.project_detail_scraper:scrape_project_detail:23 - Збір деталей проекту за адресою: https://devpost.com/software/aura-glass
2026-06-22 23:01:15.791 | INFO     | src.scraper.project_detail_scraper:scrape_project_detail:23 - Збір деталей проекту за адресою: https://devpost.com/software/o-a-s-i-s-on-site-autonomous-support-inspection-system
2026-06-22 23:01:16.962 | INFO     | src.scraper.project_detail_scraper:scrape_project_detail:23 - Збір деталей проекту за адресою: https://devpost.com/software/gauss
2026-06-22 23:01:18.065 | INFO     | src.scraper.project_detail_scraper:scrape_project_detail:23 - Збір деталей проекту за адресою: https://devpost.com/software/estradas-cuidadas
2026-06-22 23:01:19.227 | INFO     | src.scraper.project_detail_scraper:scrape_project_detail:23 - Збір деталей проекту за адресою: https://devpost.com/software/spark-c10jxw
2026-06-22 23:01:20.385 | INFO     | src.scraper.project_detail_scraper:scrape_project_detail:23 - Збір деталей проекту за адресою: https://devpost.com/software/cozy-hearts
2026-06-22 23:01:21.458 | INFO     | src.scraper.project_detail_scraper:scrape_project_detail:23 - Збір деталей проекту за адресою: https://devpost.com/software/tecstorm-26-fct-dlr
2026-06-22 23:01:22.583 | INFO     | src.scraper.project_detail_scraper:scrape_project_detail:23 - Збір деталей проекту за адресою: https://devpost.com/software/amazing-89cayf
2026-06-22 23:01:23.692 | INFO     | src.scraper.project_detail_scraper:scrape_project_detail:23 - Збір деталей проекту за адресою: https://devpost.com/software/hok
2026-06-22 23:01:24.746 | INFO     | src.scraper.project_detail_scraper:scrape_project_detail:23 - Збір деталей проекту за адресою: https://devpost.com/software/carbon-loop-hub
2026-06-22 23:01:25.923 | INFO     | src.scraper.project_detail_scraper:scrape_project_detail:23 - Збір деталей проекту за адресою: https://devpost.com/software/capacity-control
2026-06-22 23:01:27.296 | INFO     | src.scraper.project_detail_scraper:scrape_project_detail:23 - Збір деталей проекту за адресою: https://devpost.com/software/netzero-8i3wgq
2026-06-22 23:01:28.602 | INFO     | src.scraper.project_detail_scraper:scrape_project_detail:23 - Збір деталей проекту за адресою: https://devpost.com/software/eurasian-i5tosk
2026-06-22 23:01:30.669 | INFO     | src.scraper.project_detail_scraper:scrape_project_detail:23 - Збір деталей проекту за адресою: https://devpost.com/software/fastaid-yp0s29
2026-06-22 23:01:32.482 | INFO     | src.scraper.project_detail_scraper:scrape_project_detail:23 - Збір деталей проекту за адресою: https://devpost.com/software/ggajd
2026-06-22 23:01:33.597 | INFO     | src.scraper.project_detail_scraper:scrape_project_detail:23 - Збір деталей проекту за адресою: https://devpost.com/software/lumintellingence
2026-06-22 23:01:35.474 | INFO     | src.scraper.project_detail_scraper:scrape_project_detail:23 - Збір деталей проекту за адресою: https://devpost.com/software/roader
2026-06-22 23:01:36.623 | INFO     | src.scraper.project_detail_scraper:scrape_project_detail:23 - Збір деталей проекту за адресою: https://devpost.com/software/bump-78cr5k
2026-06-22 23:01:38.889 | INFO     | src.scraper.project_detail_scraper:scrape_project_detail:23 - Збір деталей проекту за адресою: https://devpost.com/software/quietspace-uy1b52
2026-06-22 23:01:40.033 | INFO     | src.scraper.project_detail_scraper:scrape_project_detail:23 - Збір деталей проекту за адресою: https://devpost.com/software/energypilot
2026-06-22 23:01:41.061 | INFO     | src.scraper.project_detail_scraper:scrape_project_detail:23 - Збір деталей проекту за адресою: https://devpost.com/software/espantalho-eolica
2026-06-22 23:01:42.356 | INFO     | src.scraper.project_detail_scraper:scrape_project_detail:23 - Збір деталей проекту за адресою: https://devpost.com/software/virgo-s-whisper-ai-vwai-5isedc
2026-06-22 23:01:45.026 | INFO     | src.scraper.project_detail_scraper:scrape_project_detail:23 - Збір деталей проекту за адресою: https://devpost.com/software/dynobump
2026-06-22 23:01:46.350 | INFO     | src.scraper.project_detail_scraper:scrape_project_detail:23 - Збір деталей проекту за адресою: https://devpost.com/software/vigia-0uzion
2026-06-22 23:01:47.620 | INFO     | src.scraper.project_detail_scraper:scrape_project_detail:23 - Збір деталей проекту за адресою: https://devpost.com/software/tecstorm-y0587d
2026-06-22 23:01:48.840 | INFO     | src.scraper.project_detail_scraper:scrape_project_detail:23 - Збір деталей проекту за адресою: https://devpost.com/software/waste-to-energy-biogas-production
2026-06-22 23:01:49.997 | INFO     | src.scraper.project_detail_scraper:scrape_project_detail:23 - Збір деталей проекту за адресою: https://devpost.com/software/lumination
2026-06-22 23:01:51.183 | INFO     | src.scraper.project_detail_scraper:scrape_project_detail:23 - Збір деталей проекту за адресою: https://devpost.com/software/nextwatch
2026-06-22 23:01:52.427 | INFO     | src.scraper.project_detail_scraper:scrape_project_detail:23 - Збір деталей проекту за адресою: https://devpost.com/software/kramig
2026-06-22 23:01:53.637 | INFO     | src.scraper.project_detail_scraper:scrape_project_detail:23 - Збір деталей проекту за адресою: https://devpost.com/software/maxwell-s-disciples
2026-06-22 23:01:54.795 | INFO     | src.scraper.project_detail_scraper:scrape_project_detail:23 - Збір деталей проекту за адресою: https://devpost.com/software/voltaway
2026-06-22 23:01:56.213 | INFO     | src.scraper.project_detail_scraper:scrape_project_detail:23 - Збір деталей проекту за адресою: https://devpost.com/software/fairprice
2026-06-22 23:01:57.319 | INFO     | src.scraper.project_detail_scraper:scrape_project_detail:23 - Збір деталей проекту за адресою: https://devpost.com/software/librasconnect
2026-06-22 23:01:58.534 | INFO     | src.scraper.project_detail_scraper:scrape_project_detail:23 - Збір деталей проекту за адресою: https://devpost.com/software/vita4all
2026-06-22 23:01:59.904 | INFO     | src.scraper.project_detail_scraper:scrape_project_detail:23 - Збір деталей проекту за адресою: https://devpost.com/software/nutricash
2026-06-22 23:02:01.108 | INFO     | src.scraper.project_detail_scraper:scrape_project_detail:23 - Збір деталей проекту за адресою: https://devpost.com/software/tunjiax-wallet-pbw6qv
2026-06-22 23:02:03.334 | INFO     | src.scraper.project_detail_scraper:scrape_project_detail:23 - Збір деталей проекту за адресою: https://devpost.com/software/isulno
2026-06-22 23:02:04.556 | INFO     | src.scraper.project_detail_scraper:scrape_project_detail:23 - Збір деталей проекту за адресою: https://devpost.com/software/teste-tkqh82
2026-06-22 23:02:05.727 | INFO     | src.scraper.project_detail_scraper:scrape_project_detail:23 - Збір деталей проекту за адресою: https://devpost.com/software/medx-2s41fh
2026-06-22 23:02:08.148 | INFO     | src.scraper.project_detail_scraper:scrape_project_detail:23 - Збір деталей проекту за адресою: https://devpost.com/software/roadsense-ai-539sdx
2026-06-22 23:02:09.530 | INFO     | src.scraper.project_detail_scraper:scrape_project_detail:23 - Збір деталей проекту за адресою: https://devpost.com/software/neurocharge
2026-06-22 23:02:10.772 | INFO     | src.scraper.project_detail_scraper:scrape_project_detail:23 - Збір деталей проекту за адресою: https://devpost.com/software/from-signs-to-words
2026-06-22 23:02:12.084 | INFO     | src.scraper.project_detail_scraper:scrape_project_detail:23 - Збір деталей проекту за адресою: https://devpost.com/software/secure-data-wiping-for-trustworthy-it-asset-recycling
2026-06-22 23:02:14.429 | INFO     | src.scraper.project_detail_scraper:scrape_project_detail:23 - Збір деталей проекту за адресою: https://devpost.com/software/asfc
2026-06-22 23:02:15.580 | INFO     | src.scraper.project_detail_scraper:scrape_project_detail:23 - Збір деталей проекту за адресою: https://devpost.com/software/decesun
2026-06-22 23:02:16.943 | INFO     | src.scraper.project_detail_scraper:scrape_project_detail:23 - Збір деталей проекту за адресою: https://devpost.com/software/nubloom-analysis-pot
2026-06-22 23:02:19.178 | INFO     | src.scraper.project_detail_scraper:scrape_project_detail:23 - Збір деталей проекту за адресою: https://devpost.com/software/cyber-crow
2026-06-22 23:02:21.106 | INFO     | src.scraper.project_detail_scraper:scrape_project_detail:23 - Збір деталей проекту за адресою: https://devpost.com/software/invisible-city-engine
2026-06-22 23:02:22.230 | INFO     | src.scraper.project_detail_scraper:scrape_project_detail:23 - Збір деталей проекту за адресою: https://devpost.com/software/urban-energy-potential
2026-06-22 23:02:23.375 | INFO     | src.scraper.project_detail_scraper:scrape_project_detail:23 - Збір деталей проекту за адресою: https://devpost.com/software/smart-flow-jabq3p
2026-06-22 23:02:24.554 | INFO     | src.scraper.project_detail_scraper:scrape_project_detail:23 - Збір деталей проекту за адресою: https://devpost.com/software/european-union-secure-database
2026-06-22 23:02:25.729 | INFO     | src.scraper.project_detail_scraper:scrape_project_detail:23 - Збір деталей проекту за адресою: https://devpost.com/software/fluxgloves-qy1g9l
2026-06-22 23:02:27.998 | INFO     | src.scraper.project_detail_scraper:scrape_project_detail:23 - Збір деталей проекту за адресою: https://devpost.com/software/verifymedai
2026-06-22 23:02:30.374 | INFO     | src.scraper.project_detail_scraper:scrape_project_detail:23 - Збір деталей проекту за адресою: https://devpost.com/software/urbanmind
2026-06-22 23:02:32.482 | INFO     | src.scraper.project_detail_scraper:scrape_project_detail:23 - Збір деталей проекту за адресою: https://devpost.com/software/marcedivault-edge
2026-06-22 23:02:33.647 | INFO     | src.scraper.project_detail_scraper:scrape_project_detail:23 - Збір деталей проекту за адресою: https://devpost.com/software/publicax
2026-06-22 23:02:35.030 | INFO     | src.scraper.project_detail_scraper:scrape_project_detail:23 - Збір деталей проекту за адресою: https://devpost.com/software/transaction-guard
2026-06-22 23:02:36.335 | INFO     | src.scraper.project_detail_scraper:scrape_project_detail:23 - Збір деталей проекту за адресою: https://devpost.com/software/hidromap
2026-06-22 23:02:37.537 | INFO     | src.scraper.project_detail_scraper:scrape_project_detail:23 - Збір деталей проекту за адресою: https://devpost.com/software/doptox
2026-06-22 23:02:38.715 | INFO     | src.scraper.project_detail_scraper:scrape_project_detail:23 - Збір деталей проекту за адресою: https://devpost.com/software/voltashare-ai-powered-smart-energy-advisor
2026-06-22 23:02:40.934 | INFO     | src.scraper.project_detail_scraper:scrape_project_detail:23 - Збір деталей проекту за адресою: https://devpost.com/software/lumisense
2026-06-22 23:02:42.220 | INFO     | src.scraper.project_detail_scraper:scrape_project_detail:23 - Збір деталей проекту за адресою: https://devpost.com/software/project-atlas-35qmc9
2026-06-22 23:02:44.374 | INFO     | src.scraper.project_detail_scraper:scrape_project_detail:23 - Збір деталей проекту за адресою: https://devpost.com/software/edify-ai-9jhvdi
2026-06-22 23:02:46.907 | INFO     | src.scraper.project_detail_scraper:scrape_project_detail:23 - Збір деталей проекту за адресою: https://devpost.com/software/greensync-51vm4s
2026-06-22 23:02:48.735 | INFO     | src.scraper.project_detail_scraper:scrape_project_detail:23 - Збір деталей проекту за адресою: https://devpost.com/software/chargeflow
2026-06-22 23:02:50.435 | INFO     | src.scraper.project_detail_scraper:scrape_project_detail:23 - Збір деталей проекту за адресою: https://devpost.com/software/geofusion
2026-06-22 23:02:51.741 | INFO     | src.scraper.project_detail_scraper:scrape_project_detail:23 - Збір деталей проекту за адресою: https://devpost.com/software/shadeswap
2026-06-22 23:02:53.866 | INFO     | src.scraper.project_detail_scraper:scrape_project_detail:23 - Збір деталей проекту за адресою: https://devpost.com/software/infrapulse
2026-06-22 23:02:56.034 | INFO     | src.scraper.project_detail_scraper:scrape_project_detail:23 - Збір деталей проекту за адресою: https://devpost.com/software/green-lend-ai-powered-sustainable-finance
2026-06-22 23:02:58.822 | INFO     | src.scraper.project_detail_scraper:scrape_project_detail:23 - Збір деталей проекту за адресою: https://devpost.com/software/urbanplates
2026-06-22 23:03:00.328 | INFO     | src.scraper.project_detail_scraper:scrape_project_detail:23 - Збір деталей проекту за адресою: https://devpost.com/software/energy-bill
2026-06-22 23:03:01.676 | INFO     | src.scraper.project_detail_scraper:scrape_project_detail:23 - Збір деталей проекту за адресою: https://devpost.com/software/robuddy-modular-robotics-friends-for-education-purpose
2026-06-22 23:03:02.935 | INFO     | src.scraper.project_detail_scraper:scrape_project_detail:23 - Збір деталей проекту за адресою: https://devpost.com/software/evdcgrid
2026-06-22 23:03:04.107 | INFO     | src.scraper.project_detail_scraper:scrape_project_detail:23 - Збір деталей проекту за адресою: https://devpost.com/software/evolveo
2026-06-22 23:03:06.594 | INFO     | src.scraper.project_detail_scraper:scrape_project_detail:23 - Збір деталей проекту за адресою: https://devpost.com/software/vrnv
2026-06-22 23:03:08.830 | INFO     | src.scraper.project_detail_scraper:scrape_project_detail:23 - Збір деталей проекту за адресою: https://devpost.com/software/incident-echo-predictor
2026-06-22 23:03:10.189 | INFO     | src.scraper.project_detail_scraper:scrape_project_detail:23 - Збір деталей проекту за адресою: https://devpost.com/software/campus-x-ai
2026-06-22 23:03:12.202 | INFO     | src.scraper.project_detail_scraper:scrape_project_detail:23 - Збір деталей проекту за адресою: https://devpost.com/software/knightbed
2026-06-22 23:03:13.240 | INFO     | src.scraper.project_detail_scraper:scrape_project_detail:23 - Збір деталей проекту за адресою: https://devpost.com/software/cartify-hgrb09
2026-06-22 23:03:15.200 | INFO     | src.scraper.project_detail_scraper:scrape_project_detail:23 - Збір деталей проекту за адресою: https://devpost.com/software/sandvault
2026-06-22 23:03:16.281 | INFO     | src.scraper.project_detail_scraper:scrape_project_detail:23 - Збір деталей проекту за адресою: https://devpost.com/software/resq-gjhaf2
2026-06-22 23:03:18.506 | INFO     | src.scraper.project_detail_scraper:scrape_project_detail:23 - Збір деталей проекту за адресою: https://devpost.com/software/ecomotion-parking
2026-06-22 23:03:19.613 | INFO     | src.scraper.project_detail_scraper:scrape_project_detail:23 - Збір деталей проекту за адресою: https://devpost.com/software/vantablack
2026-06-22 23:03:20.694 | INFO     | src.scraper.project_detail_scraper:scrape_project_detail:23 - Збір деталей проекту за адресою: https://devpost.com/software/urbancycle-hub
2026-06-22 23:03:21.770 | INFO     | src.scraper.project_detail_scraper:scrape_project_detail:23 - Збір деталей проекту за адресою: https://devpost.com/software/dede-ml0g4b
2026-06-22 23:03:22.830 | INFO     | src.scraper.project_detail_scraper:scrape_project_detail:23 - Збір деталей проекту за адресою: https://devpost.com/software/symbiote-os
2026-06-22 23:03:24.034 | INFO     | src.scraper.project_detail_scraper:scrape_project_detail:23 - Збір деталей проекту за адресою: https://devpost.com/software/ecowatt-planner
2026-06-22 23:03:25.195 | INFO     | src.scraper.project_detail_scraper:scrape_project_detail:23 - Збір деталей проекту за адресою: https://devpost.com/software/dms-4096-fivet4
2026-06-22 23:03:26.311 | INFO     | src.scraper.project_detail_scraper:scrape_project_detail:23 - Збір деталей проекту за адресою: https://devpost.com/software/spot-e6by3o
2026-06-22 23:03:27.462 | INFO     | src.scraper.project_detail_scraper:scrape_project_detail:23 - Збір деталей проекту за адресою: https://devpost.com/software/solarflow-smart-water-energy-management-system
2026-06-22 23:03:29.588 | INFO     | src.scraper.project_detail_scraper:scrape_project_detail:23 - Збір деталей проекту за адресою: https://devpost.com/software/lendora-ai
2026-06-22 23:03:32.013 | INFO     | src.scraper.project_detail_scraper:scrape_project_detail:23 - Збір деталей проекту за адресою: https://devpost.com/software/safe-mesh
2026-06-22 23:03:33.184 | INFO     | src.scraper.project_detail_scraper:scrape_project_detail:23 - Збір деталей проекту за адресою: https://devpost.com/software/gfin
2026-06-22 23:03:34.217 | INFO     | src.scraper.project_detail_scraper:scrape_project_detail:23 - Збір деталей проекту за адресою: https://devpost.com/software/neoqall
2026-06-22 23:03:35.270 | INFO     | src.scraper.project_detail_scraper:scrape_project_detail:23 - Збір деталей проекту за адресою: https://devpost.com/software/t-a-g-tech-augmented-label
2026-06-22 23:03:36.331 | INFO     | src.scraper.project_detail_scraper:scrape_project_detail:23 - Збір деталей проекту за адресою: https://devpost.com/software/smartbess-v1l73s
2026-06-22 23:03:37.388 | INFO     | src.scraper.project_detail_scraper:scrape_project_detail:23 - Збір деталей проекту за адресою: https://devpost.com/software/impact-wallet
2026-06-22 23:03:38.501 | INFO     | src.scraper.project_detail_scraper:scrape_project_detail:23 - Збір деталей проекту за адресою: https://devpost.com/software/revive-5augc3
2026-06-22 23:03:39.679 | INFO     | src.scraper.project_detail_scraper:scrape_project_detail:23 - Збір деталей проекту за адресою: https://devpost.com/software/omni-ygslf7
2026-06-22 23:03:40.897 | INFO     | src.scraper.project_detail_scraper:scrape_project_detail:23 - Збір деталей проекту за адресою: https://devpost.com/software/pulsegrid-real-time-intelligence-for-cities-in-portugal
2026-06-22 23:03:42.921 | INFO     | src.scraper.project_detail_scraper:scrape_project_detail:23 - Збір деталей проекту за адресою: https://devpost.com/software/powtanoms-o4ijae
2026-06-22 23:03:43.982 | INFO     | src.scraper.project_detail_scraper:scrape_project_detail:23 - Збір деталей проекту за адресою: https://devpost.com/software/mov3r
2026-06-22 23:03:45.027 | INFO     | src.scraper.project_detail_scraper:scrape_project_detail:23 - Збір деталей проекту за адресою: https://devpost.com/software/joystream-aqwkxv
2026-06-22 23:03:46.083 | INFO     | src.scraper.project_detail_scraper:scrape_project_detail:23 - Збір деталей проекту за адресою: https://devpost.com/software/truenorth-4uicjf
2026-06-22 23:03:47.148 | INFO     | src.scraper.project_detail_scraper:scrape_project_detail:23 - Збір деталей проекту за адресою: https://devpost.com/software/tugo-p052cj
2026-06-22 23:03:48.186 | INFO     | src.scraper.project_detail_scraper:scrape_project_detail:23 - Збір деталей проекту за адресою: https://devpost.com/software/data-analysis-kygqsm
2026-06-22 23:03:49.213 | INFO     | src.scraper.project_detail_scraper:scrape_project_detail:23 - Збір деталей проекту за адресою: https://devpost.com/software/ecohacker
2026-06-22 23:03:51.235 | INFO     | src.scraper.project_detail_scraper:scrape_project_detail:23 - Збір деталей проекту за адресою: https://devpost.com/software/seismoarch
2026-06-22 23:03:53.432 | INFO     | __main__:run_full_ingestion:115 - Успішно імпортовано хакатон: TecStorm'26 (119 проектів).
2026-06-22 23:03:55.435 | INFO     | __main__:run_full_ingestion:46 - [19/24] Початок збору даних для: INNOSpark Pitch Competition...
2026-06-22 23:03:55.436 | INFO     | src.scraper.hackathon_detail_scraper:scrape_hackathon_detail:19 - Збір деталей для хакатону за адресою: https://innospark-competition.devpost.com/
2026-06-22 23:03:56.577 | INFO     | src.scraper.projects_scraper:fetch_hackathon_projects:31 - Запуск збору проектів для субдомену: innospark-competition
2026-06-22 23:03:56.578 | INFO     | src.scraper.projects_scraper:fetch_hackathon_projects:35 - Збір проектів, сторінка 1...
2026-06-22 23:03:57.326 | INFO     | src.scraper.projects_scraper:fetch_hackathon_projects:52 - На сторінці 1 більше немає карток проектів. Завершуємо збір.
2026-06-22 23:03:57.326 | INFO     | __main__:run_full_ingestion:72 - Знайдено проектів для обробки: 0
2026-06-22 23:03:57.341 | INFO     | __main__:run_full_ingestion:115 - Успішно імпортовано хакатон: INNOSpark Pitch Competition (0 проектів).
2026-06-22 23:03:59.344 | INFO     | __main__:run_full_ingestion:46 - [20/24] Початок збору даних для: Quantum Sprint...
2026-06-22 23:03:59.345 | INFO     | src.scraper.hackathon_detail_scraper:scrape_hackathon_detail:19 - Збір деталей для хакатону за адресою: https://quantum-sprint.devpost.com/
2026-06-22 23:04:00.531 | INFO     | src.scraper.projects_scraper:fetch_hackathon_projects:31 - Запуск збору проектів для субдомену: quantum-sprint
2026-06-22 23:04:00.532 | INFO     | src.scraper.projects_scraper:fetch_hackathon_projects:35 - Збір проектів, сторінка 1...
2026-06-22 23:04:01.748 | INFO     | src.scraper.projects_scraper:fetch_hackathon_projects:107 - Сторінка 1: успішно зчитано 24 проектів.
2026-06-22 23:04:03.749 | INFO     | src.scraper.projects_scraper:fetch_hackathon_projects:35 - Збір проектів, сторінка 2...
2026-06-22 23:04:05.016 | INFO     | src.scraper.projects_scraper:fetch_hackathon_projects:107 - Сторінка 2: успішно зчитано 24 проектів.
2026-06-22 23:04:07.016 | INFO     | src.scraper.projects_scraper:fetch_hackathon_projects:35 - Збір проектів, сторінка 3...
2026-06-22 23:04:08.300 | INFO     | src.scraper.projects_scraper:fetch_hackathon_projects:107 - Сторінка 3: успішно зчитано 24 проектів.
2026-06-22 23:04:10.301 | INFO     | src.scraper.projects_scraper:fetch_hackathon_projects:35 - Збір проектів, сторінка 4...
2026-06-22 23:04:11.733 | INFO     | src.scraper.projects_scraper:fetch_hackathon_projects:107 - Сторінка 4: успішно зчитано 24 проектів.
2026-06-22 23:04:13.734 | INFO     | src.scraper.projects_scraper:fetch_hackathon_projects:35 - Збір проектів, сторінка 5...
2026-06-22 23:04:15.069 | INFO     | src.scraper.projects_scraper:fetch_hackathon_projects:107 - Сторінка 5: успішно зчитано 24 проектів.
2026-06-22 23:04:17.070 | INFO     | src.scraper.projects_scraper:fetch_hackathon_projects:35 - Збір проектів, сторінка 6...
2026-06-22 23:04:18.295 | INFO     | src.scraper.projects_scraper:fetch_hackathon_projects:107 - Сторінка 6: успішно зчитано 23 проектів.
2026-06-22 23:04:20.296 | INFO     | src.scraper.projects_scraper:fetch_hackathon_projects:35 - Збір проектів, сторінка 7...
2026-06-22 23:04:21.646 | INFO     | src.scraper.projects_scraper:fetch_hackathon_projects:107 - Сторінка 7: успішно зчитано 23 проектів.
2026-06-22 23:04:23.648 | INFO     | src.scraper.projects_scraper:fetch_hackathon_projects:35 - Збір проектів, сторінка 8...
2026-06-22 23:04:24.977 | INFO     | src.scraper.projects_scraper:fetch_hackathon_projects:107 - Сторінка 8: успішно зчитано 24 проектів.
2026-06-22 23:04:26.978 | INFO     | src.scraper.projects_scraper:fetch_hackathon_projects:35 - Збір проектів, сторінка 9...
2026-06-22 23:04:28.164 | INFO     | src.scraper.projects_scraper:fetch_hackathon_projects:107 - Сторінка 9: успішно зчитано 24 проектів.
2026-06-22 23:04:30.165 | INFO     | src.scraper.projects_scraper:fetch_hackathon_projects:35 - Збір проектів, сторінка 10...
2026-06-22 23:04:31.609 | INFO     | src.scraper.projects_scraper:fetch_hackathon_projects:107 - Сторінка 10: успішно зчитано 24 проектів.
2026-06-22 23:04:33.610 | INFO     | src.scraper.projects_scraper:fetch_hackathon_projects:35 - Збір проектів, сторінка 11...
2026-06-22 23:04:34.909 | INFO     | src.scraper.projects_scraper:fetch_hackathon_projects:107 - Сторінка 11: успішно зчитано 24 проектів.
2026-06-22 23:04:36.910 | INFO     | src.scraper.projects_scraper:fetch_hackathon_projects:35 - Збір проектів, сторінка 12...
2026-06-22 23:04:37.815 | INFO     | src.scraper.projects_scraper:fetch_hackathon_projects:107 - Сторінка 12: успішно зчитано 5 проектів.
2026-06-22 23:04:39.817 | INFO     | src.scraper.projects_scraper:fetch_hackathon_projects:35 - Збір проектів, сторінка 13...
2026-06-22 23:04:40.586 | INFO     | src.scraper.projects_scraper:fetch_hackathon_projects:52 - На сторінці 13 більше немає карток проектів. Завершуємо збір.
2026-06-22 23:04:40.586 | INFO     | __main__:run_full_ingestion:72 - Знайдено проектів для обробки: 267
2026-06-22 23:04:40.587 | INFO     | src.scraper.project_detail_scraper:scrape_project_detail:23 - Збір деталей проекту за адресою: https://devpost.com/software/storypal
2026-06-22 23:04:42.762 | INFO     | src.scraper.project_detail_scraper:scrape_project_detail:23 - Збір деталей проекту за адресою: https://devpost.com/software/payroute-africa-t9yoq5
2026-06-22 23:04:44.098 | INFO     | src.scraper.project_detail_scraper:scrape_project_detail:23 - Збір деталей проекту за адресою: https://devpost.com/software/healix-ai-high-fidelity-clinical-intelligence-for-inclusion-6i7ytk
2026-06-22 23:04:46.043 | INFO     | src.scraper.project_detail_scraper:scrape_project_detail:23 - Збір деталей проекту за адресою: https://devpost.com/software/auditease-f1pqzw
2026-06-22 23:04:48.325 | INFO     | src.scraper.project_detail_scraper:scrape_project_detail:23 - Збір деталей проекту за адресою: https://devpost.com/software/jansaathi-9ftnxo
2026-06-22 23:04:50.445 | INFO     | src.scraper.project_detail_scraper:scrape_project_detail:23 - Збір деталей проекту за адресою: https://devpost.com/software/poc-proof-of-consent
2026-06-22 23:04:52.842 | INFO     | src.scraper.project_detail_scraper:scrape_project_detail:23 - Збір деталей проекту за адресою: https://devpost.com/software/octoimpact-2-0
2026-06-22 23:04:54.749 | INFO     | src.scraper.project_detail_scraper:scrape_project_detail:23 - Збір деталей проекту за адресою: https://devpost.com/software/opportunity-os-0hpfwm
2026-06-22 23:04:56.971 | INFO     | src.scraper.project_detail_scraper:scrape_project_detail:23 - Збір деталей проекту за адресою: https://devpost.com/software/saferoute-yrdsh3
2026-06-22 23:04:59.112 | INFO     | src.scraper.project_detail_scraper:scrape_project_detail:23 - Збір деталей проекту за адресою: https://devpost.com/software/go-cal-zhm9do
2026-06-22 23:05:00.218 | INFO     | src.scraper.project_detail_scraper:scrape_project_detail:23 - Збір деталей проекту за адресою: https://devpost.com/software/supplysync-17xah2
2026-06-22 23:05:02.510 | INFO     | src.scraper.project_detail_scraper:scrape_project_detail:23 - Збір деталей проекту за адресою: https://devpost.com/software/parkit-co5zqb
2026-06-22 23:05:04.304 | INFO     | src.scraper.project_detail_scraper:scrape_project_detail:23 - Збір деталей проекту за адресою: https://devpost.com/software/parkit-9au68j
2026-06-22 23:05:06.320 | INFO     | src.scraper.project_detail_scraper:scrape_project_detail:23 - Збір деталей проекту за адресою: https://devpost.com/software/summit-deck-gi1qud
2026-06-22 23:05:08.379 | INFO     | src.scraper.project_detail_scraper:scrape_project_detail:23 - Збір деталей проекту за адресою: https://devpost.com/software/planix-ai
2026-06-22 23:05:10.427 | INFO     | src.scraper.project_detail_scraper:scrape_project_detail:23 - Збір деталей проекту за адресою: https://devpost.com/software/nexoraa-next-genaration-exploration-or-ui-navigator-agent-pyqudt
2026-06-22 23:05:12.148 | INFO     | src.scraper.project_detail_scraper:scrape_project_detail:23 - Збір деталей проекту за адресою: https://devpost.com/software/gitintel-ai
2026-06-22 23:05:14.286 | INFO     | src.scraper.project_detail_scraper:scrape_project_detail:23 - Збір деталей проекту за адресою: https://devpost.com/software/actisolve-ai
2026-06-22 23:05:16.347 | INFO     | src.scraper.project_detail_scraper:scrape_project_detail:23 - Збір деталей проекту за адресою: https://devpost.com/software/par-portal-access-request
2026-06-22 23:05:18.337 | INFO     | src.scraper.project_detail_scraper:scrape_project_detail:23 - Збір деталей проекту за адресою: https://devpost.com/software/office-rpg-the-career-training-simulator-89mvwr
2026-06-22 23:05:19.403 | INFO     | src.scraper.project_detail_scraper:scrape_project_detail:23 - Збір деталей проекту за адресою: https://devpost.com/software/q-biotarget
2026-06-22 23:05:21.449 | INFO     | src.scraper.project_detail_scraper:scrape_project_detail:23 - Збір деталей проекту за адресою: https://devpost.com/software/fractionrealmrise
2026-06-22 23:05:23.761 | INFO     | src.scraper.project_detail_scraper:scrape_project_detail:23 - Збір деталей проекту за адресою: https://devpost.com/software/escrow-nigeria-tkm1od
2026-06-22 23:05:24.866 | INFO     | src.scraper.project_detail_scraper:scrape_project_detail:23 - Збір деталей проекту за адресою: https://devpost.com/software/voxedit_ai-x3dmrq
2026-06-22 23:05:27.210 | INFO     | src.scraper.project_detail_scraper:scrape_project_detail:23 - Збір деталей проекту за адресою: https://devpost.com/software/ai-career-gps-skill-gap-analyzer-for-tech
2026-06-22 23:05:29.099 | INFO     | src.scraper.project_detail_scraper:scrape_project_detail:23 - Збір деталей проекту за адресою: https://devpost.com/software/foodshare-ys7jp2
2026-06-22 23:05:31.358 | INFO     | src.scraper.project_detail_scraper:scrape_project_detail:23 - Збір деталей проекту за адресою: https://devpost.com/software/unpark-fjwrd4
2026-06-22 23:05:33.690 | INFO     | src.scraper.project_detail_scraper:scrape_project_detail:23 - Збір деталей проекту за адресою: https://devpost.com/software/medqtrack
2026-06-22 23:05:35.861 | INFO     | src.scraper.project_detail_scraper:scrape_project_detail:23 - Збір деталей проекту за адресою: https://devpost.com/software/finwise-ai-financial-coach-for-emerging-markets
2026-06-22 23:05:38.176 | INFO     | src.scraper.project_detail_scraper:scrape_project_detail:23 - Збір деталей проекту за адресою: https://devpost.com/software/ai-academic-assistant-uniprep
2026-06-22 23:05:40.289 | INFO     | src.scraper.project_detail_scraper:scrape_project_detail:23 - Збір деталей проекту за адресою: https://devpost.com/software/campusmind-an-ai-driven-platform-that-helps-the-students
2026-06-22 23:05:42.298 | INFO     | src.scraper.project_detail_scraper:scrape_project_detail:23 - Збір деталей проекту за адресою: https://devpost.com/software/waymind-travel-partner-around-the-globe
2026-06-22 23:05:44.268 | INFO     | src.scraper.project_detail_scraper:scrape_project_detail:23 - Збір деталей проекту за адресою: https://devpost.com/software/satuidentitas
2026-06-22 23:05:46.663 | INFO     | src.scraper.project_detail_scraper:scrape_project_detail:23 - Збір деталей проекту за адресою: https://devpost.com/software/car-0jbdmn
2026-06-22 23:05:48.788 | INFO     | src.scraper.project_detail_scraper:scrape_project_detail:23 - Збір деталей проекту за адресою: https://devpost.com/software/florider-ai
2026-06-22 23:05:49.962 | INFO     | src.scraper.project_detail_scraper:scrape_project_detail:23 - Збір деталей проекту за адресою: https://devpost.com/software/ghost-hunter-8zur1f
2026-06-22 23:05:52.207 | INFO     | src.scraper.project_detail_scraper:scrape_project_detail:23 - Збір деталей проекту за адресою: https://devpost.com/software/credilume-2-0
2026-06-22 23:05:54.168 | INFO     | src.scraper.project_detail_scraper:scrape_project_detail:23 - Збір деталей проекту за адресою: https://devpost.com/software/explain-my-subject
2026-06-22 23:05:56.170 | INFO     | src.scraper.project_detail_scraper:scrape_project_detail:23 - Збір деталей проекту за адресою: https://devpost.com/software/remindar-94vnz5
2026-06-22 23:05:58.351 | INFO     | src.scraper.project_detail_scraper:scrape_project_detail:23 - Збір деталей проекту за адресою: https://devpost.com/software/sysaudit-ai
2026-06-22 23:06:00.602 | INFO     | src.scraper.project_detail_scraper:scrape_project_detail:23 - Збір деталей проекту за адресою: https://devpost.com/software/sysscope-ai
2026-06-22 23:06:02.666 | INFO     | src.scraper.project_detail_scraper:scrape_project_detail:23 - Збір деталей проекту за адресою: https://devpost.com/software/tonlens
2026-06-22 23:06:04.778 | INFO     | src.scraper.project_detail_scraper:scrape_project_detail:23 - Збір деталей проекту за адресою: https://devpost.com/software/lifeline-ai-assistant
2026-06-22 23:06:07.003 | INFO     | src.scraper.project_detail_scraper:scrape_project_detail:23 - Збір деталей проекту за адресою: https://devpost.com/software/wayora
2026-06-22 23:06:09.196 | INFO     | src.scraper.project_detail_scraper:scrape_project_detail:23 - Збір деталей проекту за адресою: https://devpost.com/software/quantara
2026-06-22 23:06:11.208 | INFO     | src.scraper.project_detail_scraper:scrape_project_detail:23 - Збір деталей проекту за адресою: https://devpost.com/software/carbonlens-jh7rqm
2026-06-22 23:06:12.422 | INFO     | src.scraper.project_detail_scraper:scrape_project_detail:23 - Збір деталей проекту за адресою: https://devpost.com/software/autostack-fpmh3e
2026-06-22 23:06:14.617 | INFO     | src.scraper.project_detail_scraper:scrape_project_detail:23 - Збір деталей проекту за адресою: https://devpost.com/software/polypredictai
2026-06-22 23:06:16.834 | INFO     | src.scraper.project_detail_scraper:scrape_project_detail:23 - Збір деталей проекту за адресою: https://devpost.com/software/sprout-ngvc16
2026-06-22 23:06:19.006 | INFO     | src.scraper.project_detail_scraper:scrape_project_detail:23 - Збір деталей проекту за адресою: https://devpost.com/software/synapse-ai-6mwudv
2026-06-22 23:06:21.155 | INFO     | src.scraper.project_detail_scraper:scrape_project_detail:23 - Збір деталей проекту за адресою: https://devpost.com/software/climateiq-for-policy-makers-and-practitioners
2026-06-22 23:06:23.714 | INFO     | src.scraper.project_detail_scraper:scrape_project_detail:23 - Збір деталей проекту за адресою: https://devpost.com/software/healthlens-ai-nf5tor
2026-06-22 23:06:25.870 | INFO     | src.scraper.project_detail_scraper:scrape_project_detail:23 - Збір деталей проекту за адресою: https://devpost.com/software/seismoarch-iot-model-leobd8
2026-06-22 23:06:28.286 | INFO     | src.scraper.project_detail_scraper:scrape_project_detail:23 - Збір деталей проекту за адресою: https://devpost.com/software/learnlens_ai-luj12z
2026-06-22 23:06:30.045 | INFO     | src.scraper.project_detail_scraper:scrape_project_detail:23 - Збір деталей проекту за адресою: https://devpost.com/software/showfarm
2026-06-22 23:06:32.336 | INFO     | src.scraper.project_detail_scraper:scrape_project_detail:23 - Збір деталей проекту за адресою: https://devpost.com/software/techsalvage
2026-06-22 23:06:34.293 | INFO     | src.scraper.project_detail_scraper:scrape_project_detail:23 - Збір деталей проекту за адресою: https://devpost.com/software/elder-edge
2026-06-22 23:06:36.431 | INFO     | src.scraper.project_detail_scraper:scrape_project_detail:23 - Збір деталей проекту за адресою: https://devpost.com/software/retailsync-ai-u1tvdj
2026-06-22 23:06:38.907 | INFO     | src.scraper.project_detail_scraper:scrape_project_detail:23 - Збір деталей проекту за адресою: https://devpost.com/software/rescuenet-0l5tgx
2026-06-22 23:06:41.064 | INFO     | src.scraper.project_detail_scraper:scrape_project_detail:23 - Збір деталей проекту за адресою: https://devpost.com/software/smartdoc-fjdiw7
2026-06-22 23:06:43.161 | INFO     | src.scraper.project_detail_scraper:scrape_project_detail:23 - Збір деталей проекту за адресою: https://devpost.com/software/lead_time_guardian
2026-06-22 23:06:46.194 | INFO     | src.scraper.project_detail_scraper:scrape_project_detail:23 - Збір деталей проекту за адресою: https://devpost.com/software/optimus-7lgi4b
2026-06-22 23:06:48.294 | INFO     | src.scraper.project_detail_scraper:scrape_project_detail:23 - Збір деталей проекту за адресою: https://devpost.com/software/claw-rdi293
2026-06-22 23:06:50.435 | INFO     | src.scraper.project_detail_scraper:scrape_project_detail:23 - Збір деталей проекту за адресою: https://devpost.com/software/soulvault-ai
2026-06-22 23:06:52.550 | INFO     | src.scraper.project_detail_scraper:scrape_project_detail:23 - Збір деталей проекту за адресою: https://devpost.com/software/green-go
2026-06-22 23:06:54.667 | INFO     | src.scraper.project_detail_scraper:scrape_project_detail:23 - Збір деталей проекту за адресою: https://devpost.com/software/q-route-quantum-optimized-ev-charging-assignment
2026-06-22 23:06:55.882 | INFO     | src.scraper.project_detail_scraper:scrape_project_detail:23 - Збір деталей проекту за адресою: https://devpost.com/software/codespardha
2026-06-22 23:06:57.002 | INFO     | src.scraper.project_detail_scraper:scrape_project_detail:23 - Збір деталей проекту за адресою: https://devpost.com/software/edge-ledger-3-0
2026-06-22 23:06:59.533 | INFO     | src.scraper.project_detail_scraper:scrape_project_detail:23 - Збір деталей проекту за адресою: https://devpost.com/software/restless-z7mipc
2026-06-22 23:07:01.679 | INFO     | src.scraper.project_detail_scraper:scrape_project_detail:23 - Збір деталей проекту за адресою: https://devpost.com/software/unlonely
2026-06-22 23:07:04.051 | INFO     | src.scraper.project_detail_scraper:scrape_project_detail:23 - Збір деталей проекту за адресою: https://devpost.com/software/qr-safety
2026-06-22 23:07:06.442 | INFO     | src.scraper.project_detail_scraper:scrape_project_detail:23 - Збір деталей проекту за адресою: https://devpost.com/software/omni-analyst-vl5uh8
2026-06-22 23:07:09.727 | INFO     | src.scraper.project_detail_scraper:scrape_project_detail:23 - Збір деталей проекту за адресою: https://devpost.com/software/seycure-n9es2k
2026-06-22 23:07:12.191 | INFO     | src.scraper.project_detail_scraper:scrape_project_detail:23 - Збір деталей проекту за адресою: https://devpost.com/software/finagentx
2026-06-22 23:07:14.213 | INFO     | src.scraper.project_detail_scraper:scrape_project_detail:23 - Збір деталей проекту за адресою: https://devpost.com/software/allergen-ai-8g1cnb
2026-06-22 23:07:16.617 | INFO     | src.scraper.project_detail_scraper:scrape_project_detail:23 - Збір деталей проекту за адресою: https://devpost.com/software/northernstar
2026-06-22 23:07:19.345 | INFO     | src.scraper.project_detail_scraper:scrape_project_detail:23 - Збір деталей проекту за адресою: https://devpost.com/software/fossilframe
2026-06-22 23:07:20.440 | INFO     | src.scraper.project_detail_scraper:scrape_project_detail:23 - Збір деталей проекту за адресою: https://devpost.com/software/colabedit
2026-06-22 23:07:22.535 | INFO     | src.scraper.project_detail_scraper:scrape_project_detail:23 - Збір деталей проекту за адресою: https://devpost.com/software/skillscan-ai-career-intelligence-for-students-sigtmc
2026-06-22 23:07:24.878 | INFO     | src.scraper.project_detail_scraper:scrape_project_detail:23 - Збір деталей проекту за адресою: https://devpost.com/software/parallax-edge
2026-06-22 23:07:26.881 | INFO     | src.scraper.project_detail_scraper:scrape_project_detail:23 - Збір деталей проекту за адресою: https://devpost.com/software/ai-nexus-yeozk1
2026-06-22 23:07:29.494 | INFO     | src.scraper.project_detail_scraper:scrape_project_detail:23 - Збір деталей проекту за адресою: https://devpost.com/software/vidbuddy-4n2f56
2026-06-22 23:07:30.580 | INFO     | src.scraper.project_detail_scraper:scrape_project_detail:23 - Збір деталей проекту за адресою: https://devpost.com/software/hermes-b1yxsz
2026-06-22 23:07:32.550 | INFO     | src.scraper.project_detail_scraper:scrape_project_detail:23 - Збір деталей проекту за адресою: https://devpost.com/software/sapling-ai
2026-06-22 23:07:34.238 | INFO     | src.scraper.project_detail_scraper:scrape_project_detail:23 - Збір деталей проекту за адресою: https://devpost.com/software/trusttrace-multimedia-deepfake-detection-platform
2026-06-22 23:07:36.559 | INFO     | src.scraper.project_detail_scraper:scrape_project_detail:23 - Збір деталей проекту за адресою: https://devpost.com/software/doby-rna2yf
2026-06-22 23:07:38.684 | INFO     | src.scraper.project_detail_scraper:scrape_project_detail:23 - Збір деталей проекту за адресою: https://devpost.com/software/avalanchai
2026-06-22 23:07:40.740 | INFO     | src.scraper.project_detail_scraper:scrape_project_detail:23 - Збір деталей проекту за адресою: https://devpost.com/software/fambai-cv-btnw54
2026-06-22 23:07:42.174 | INFO     | src.scraper.project_detail_scraper:scrape_project_detail:23 - Збір деталей проекту за адресою: https://devpost.com/software/termscan-w2hfd6
2026-06-22 23:07:43.293 | INFO     | src.scraper.project_detail_scraper:scrape_project_detail:23 - Збір деталей проекту за адресою: https://devpost.com/software/auditease-4ub1mj
2026-06-22 23:07:45.223 | INFO     | src.scraper.project_detail_scraper:scrape_project_detail:23 - Збір деталей проекту за адресою: https://devpost.com/software/heartogether-ai-powered-multi-device-audio-sync
2026-06-22 23:07:47.497 | INFO     | src.scraper.project_detail_scraper:scrape_project_detail:23 - Збір деталей проекту за адресою: https://devpost.com/software/payguard-jfzx7r
2026-06-22 23:07:49.366 | INFO     | src.scraper.project_detail_scraper:scrape_project_detail:23 - Збір деталей проекту за адресою: https://devpost.com/software/wastewise-xdkb43
2026-06-22 23:07:51.350 | INFO     | src.scraper.project_detail_scraper:scrape_project_detail:23 - Збір деталей проекту за адресою: https://devpost.com/software/artha-ai-og2qb6
2026-06-22 23:07:53.204 | INFO     | src.scraper.project_detail_scraper:scrape_project_detail:23 - Збір деталей проекту за адресою: https://devpost.com/software/scheme-io-rou2gz
2026-06-22 23:07:55.139 | INFO     | src.scraper.project_detail_scraper:scrape_project_detail:23 - Збір деталей проекту за адресою: https://devpost.com/software/medirelay-guji68
2026-06-22 23:07:56.350 | INFO     | src.scraper.project_detail_scraper:scrape_project_detail:23 - Збір деталей проекту за адресою: https://devpost.com/software/civiclens-ai-predictive-intelligence-for-smart-cities-5hevgj
2026-06-22 23:07:58.144 | INFO     | src.scraper.project_detail_scraper:scrape_project_detail:23 - Збір деталей проекту за адресою: https://devpost.com/software/mindbridge-ai-wellness-companion-for-students-tj7u8v
2026-06-22 23:08:00.345 | INFO     | src.scraper.project_detail_scraper:scrape_project_detail:23 - Збір деталей проекту за адресою: https://devpost.com/software/covenant-iq
2026-06-22 23:08:02.471 | INFO     | src.scraper.project_detail_scraper:scrape_project_detail:23 - Збір деталей проекту за адресою: https://devpost.com/software/ai-money-mentor
2026-06-22 23:08:04.646 | INFO     | src.scraper.project_detail_scraper:scrape_project_detail:23 - Збір деталей проекту за адресою: https://devpost.com/software/dyslexicore-evwo9p
2026-06-22 23:08:06.799 | INFO     | src.scraper.project_detail_scraper:scrape_project_detail:23 - Збір деталей проекту за адресою: https://devpost.com/software/a-r-i-a-automated-responsive-intelligent-assistent
2026-06-22 23:08:08.569 | INFO     | src.scraper.project_detail_scraper:scrape_project_detail:23 - Збір деталей проекту за адресою: https://devpost.com/software/quantumpay-ahr9oj
2026-06-22 23:08:10.629 | INFO     | src.scraper.project_detail_scraper:scrape_project_detail:23 - Збір деталей проекту за адресою: https://devpost.com/software/autoops-ai-1x0ilw
2026-06-22 23:08:12.702 | INFO     | src.scraper.project_detail_scraper:scrape_project_detail:23 - Збір деталей проекту за адресою: https://devpost.com/software/zylience-fit-9w72td
2026-06-22 23:08:13.786 | INFO     | src.scraper.project_detail_scraper:scrape_project_detail:23 - Збір деталей проекту за адресою: https://devpost.com/software/g-a-i-a-01ay92
2026-06-22 23:08:14.823 | INFO     | src.scraper.project_detail_scraper:scrape_project_detail:23 - Збір деталей проекту за адресою: https://devpost.com/software/senticam
2026-06-22 23:08:17.222 | INFO     | src.scraper.project_detail_scraper:scrape_project_detail:23 - Збір деталей проекту за адресою: https://devpost.com/software/experimentai-mgf1sn
2026-06-22 23:08:19.254 | INFO     | src.scraper.project_detail_scraper:scrape_project_detail:23 - Збір деталей проекту за адресою: https://devpost.com/software/timeforge-8kfsy1
2026-06-22 23:08:21.412 | INFO     | src.scraper.project_detail_scraper:scrape_project_detail:23 - Збір деталей проекту за адресою: https://devpost.com/software/credo-jh2a50
2026-06-22 23:08:22.592 | INFO     | src.scraper.project_detail_scraper:scrape_project_detail:23 - Збір деталей проекту за адресою: https://devpost.com/software/novastream
2026-06-22 23:08:24.707 | INFO     | src.scraper.project_detail_scraper:scrape_project_detail:23 - Збір деталей проекту за адресою: https://devpost.com/software/aegis-autonomous-cyber-defense-swarm-0liapy
2026-06-22 23:08:26.893 | INFO     | src.scraper.project_detail_scraper:scrape_project_detail:23 - Збір деталей проекту за адресою: https://devpost.com/software/stratify-21zfow
2026-06-22 23:08:29.021 | INFO     | src.scraper.project_detail_scraper:scrape_project_detail:23 - Збір деталей проекту за адресою: https://devpost.com/software/contenthub-x402-enabled-decentralized-media-marketplace
2026-06-22 23:08:30.138 | INFO     | src.scraper.project_detail_scraper:scrape_project_detail:23 - Збір деталей проекту за адресою: https://devpost.com/software/ai-parliament
2026-06-22 23:08:32.300 | INFO     | src.scraper.project_detail_scraper:scrape_project_detail:23 - Збір деталей проекту за адресою: https://devpost.com/software/neuropath-ai
2026-06-22 23:08:34.319 | INFO     | src.scraper.project_detail_scraper:scrape_project_detail:23 - Збір деталей проекту за адресою: https://devpost.com/software/robotixfunnel
2026-06-22 23:08:36.888 | INFO     | src.scraper.project_detail_scraper:scrape_project_detail:23 - Збір деталей проекту за адресою: https://devpost.com/software/opticore-jkn3i0
2026-06-22 23:08:38.930 | INFO     | src.scraper.project_detail_scraper:scrape_project_detail:23 - Збір деталей проекту за адресою: https://devpost.com/software/unpark-3lmp6f
2026-06-22 23:08:40.700 | INFO     | src.scraper.project_detail_scraper:scrape_project_detail:23 - Збір деталей проекту за адресою: https://devpost.com/software/gridguard-smart-power-management-system-sdjbi6
2026-06-22 23:08:42.850 | INFO     | src.scraper.project_detail_scraper:scrape_project_detail:23 - Збір деталей проекту за адресою: https://devpost.com/software/compass-hrt802
2026-06-22 23:08:44.745 | INFO     | src.scraper.project_detail_scraper:scrape_project_detail:23 - Збір деталей проекту за адресою: https://devpost.com/software/tradewizard-h157yt
2026-06-22 23:08:46.649 | INFO     | src.scraper.project_detail_scraper:scrape_project_detail:23 - Збір деталей проекту за адресою: https://devpost.com/software/datalabs
2026-06-22 23:08:48.636 | INFO     | src.scraper.project_detail_scraper:scrape_project_detail:23 - Збір деталей проекту за адресою: https://devpost.com/software/medintelli-wtgyur
2026-06-22 23:08:49.690 | INFO     | src.scraper.project_detail_scraper:scrape_project_detail:23 - Збір деталей проекту за адресою: https://devpost.com/software/polydub
2026-06-22 23:08:52.066 | INFO     | src.scraper.project_detail_scraper:scrape_project_detail:23 - Збір деталей проекту за адресою: https://devpost.com/software/quantums-healthtech
2026-06-22 23:08:54.085 | INFO     | src.scraper.project_detail_scraper:scrape_project_detail:23 - Збір деталей проекту за адресою: https://devpost.com/software/astrophage-udte-bhawre
2026-06-22 23:08:56.143 | INFO     | src.scraper.project_detail_scraper:scrape_project_detail:23 - Збір деталей проекту за адресою: https://devpost.com/software/operon-ai
2026-06-22 23:08:58.274 | INFO     | src.scraper.project_detail_scraper:scrape_project_detail:23 - Збір деталей проекту за адресою: https://devpost.com/software/prepx-u4yc7e
2026-06-22 23:09:00.330 | INFO     | src.scraper.project_detail_scraper:scrape_project_detail:23 - Збір деталей проекту за адресою: https://devpost.com/software/neuroflow-ai-predictive-biofeedback-for-cognitive-reset
2026-06-22 23:09:01.429 | INFO     | src.scraper.project_detail_scraper:scrape_project_detail:23 - Збір деталей проекту за адресою: https://devpost.com/software/mafis-multi-agent-fault-injection-simulator
2026-06-22 23:09:03.749 | INFO     | src.scraper.project_detail_scraper:scrape_project_detail:23 - Збір деталей проекту за адресою: https://devpost.com/software/khula-noeic0
2026-06-22 23:09:06.055 | INFO     | src.scraper.project_detail_scraper:scrape_project_detail:23 - Збір деталей проекту за адресою: https://devpost.com/software/perception-labs
2026-06-22 23:09:08.429 | INFO     | src.scraper.project_detail_scraper:scrape_project_detail:23 - Збір деталей проекту за адресою: https://devpost.com/software/clearcareai
2026-06-22 23:09:09.537 | INFO     | src.scraper.project_detail_scraper:scrape_project_detail:23 - Збір деталей проекту за адресою: https://devpost.com/software/centsable-personal-finance-for-teens
2026-06-22 23:09:11.560 | INFO     | src.scraper.project_detail_scraper:scrape_project_detail:23 - Збір деталей проекту за адресою: https://devpost.com/software/nexarch-1icroy
2026-06-22 23:09:12.634 | INFO     | src.scraper.project_detail_scraper:scrape_project_detail:23 - Збір деталей проекту за адресою: https://devpost.com/software/rightspeak
2026-06-22 23:09:14.534 | INFO     | src.scraper.project_detail_scraper:scrape_project_detail:23 - Збір деталей проекту за адресою: https://devpost.com/software/self-correcting-multi-agent-ai-research-system
2026-06-22 23:09:16.451 | INFO     | src.scraper.project_detail_scraper:scrape_project_detail:23 - Збір деталей проекту за адресою: https://devpost.com/software/atmospark
2026-06-22 23:09:17.516 | INFO     | src.scraper.project_detail_scraper:scrape_project_detail:23 - Збір деталей проекту за адресою: https://devpost.com/software/risklens-yrv2dg
2026-06-22 23:09:19.707 | INFO     | src.scraper.project_detail_scraper:scrape_project_detail:23 - Збір деталей проекту за адресою: https://devpost.com/software/bidlyzer-ai
2026-06-22 23:09:21.728 | INFO     | src.scraper.project_detail_scraper:scrape_project_detail:23 - Збір деталей проекту за адресою: https://devpost.com/software/safarsaheli
2026-06-22 23:09:23.636 | INFO     | src.scraper.project_detail_scraper:scrape_project_detail:23 - Збір деталей проекту за адресою: https://devpost.com/software/skillbridge-ai-sjfro9
2026-06-22 23:09:25.765 | INFO     | src.scraper.project_detail_scraper:scrape_project_detail:23 - Збір деталей проекту за адресою: https://devpost.com/software/storyforge-ai-interactive-fiction-engine
2026-06-22 23:09:26.862 | INFO     | src.scraper.project_detail_scraper:scrape_project_detail:23 - Збір деталей проекту за адресою: https://devpost.com/software/careertwin-ai-meet-your-future-self
2026-06-22 23:09:27.984 | INFO     | src.scraper.project_detail_scraper:scrape_project_detail:23 - Збір деталей проекту за адресою: https://devpost.com/software/vectron-quv8kb
2026-06-22 23:09:30.122 | INFO     | src.scraper.project_detail_scraper:scrape_project_detail:23 - Збір деталей проекту за адресою: https://devpost.com/software/blinkai-fhq8js
2026-06-22 23:09:32.014 | INFO     | src.scraper.project_detail_scraper:scrape_project_detail:23 - Збір деталей проекту за адресою: https://devpost.com/software/mini-fars-cashless-taxi-payments-a79dkz
2026-06-22 23:09:34.554 | INFO     | src.scraper.project_detail_scraper:scrape_project_detail:23 - Збір деталей проекту за адресою: https://devpost.com/software/monsoon-mitr-ai-for-sustainable-farming-t0dibq
2026-06-22 23:09:36.597 | INFO     | src.scraper.project_detail_scraper:scrape_project_detail:23 - Збір деталей проекту за адресою: https://devpost.com/software/gaia-e0s4pz
2026-06-22 23:09:38.599 | INFO     | src.scraper.project_detail_scraper:scrape_project_detail:23 - Збір деталей проекту за адресою: https://devpost.com/software/contractguard-ai-smart-contract-risk-analyzer
2026-06-22 23:09:40.611 | INFO     | src.scraper.project_detail_scraper:scrape_project_detail:23 - Збір деталей проекту за адресою: https://devpost.com/software/metallisense-5ktncx
2026-06-22 23:09:42.764 | INFO     | src.scraper.project_detail_scraper:scrape_project_detail:23 - Збір деталей проекту за адресою: https://devpost.com/software/quaunthub
2026-06-22 23:09:44.918 | INFO     | src.scraper.project_detail_scraper:scrape_project_detail:23 - Збір деталей проекту за адресою: https://devpost.com/software/elderlycare-2qpbhi
2026-06-22 23:09:46.660 | INFO     | src.scraper.project_detail_scraper:scrape_project_detail:23 - Збір деталей проекту за адресою: https://devpost.com/software/optilogix-oqk3ym
2026-06-22 23:09:48.965 | INFO     | src.scraper.project_detail_scraper:scrape_project_detail:23 - Збір деталей проекту за адресою: https://devpost.com/software/sandvault-7p4fio
2026-06-22 23:09:50.720 | INFO     | src.scraper.project_detail_scraper:scrape_project_detail:23 - Збір деталей проекту за адресою: https://devpost.com/software/learnlocal-iax10h
2026-06-22 23:09:51.838 | INFO     | src.scraper.project_detail_scraper:scrape_project_detail:23 - Збір деталей проекту за адресою: https://devpost.com/software/finguard-ai-v760od
2026-06-22 23:09:53.885 | INFO     | src.scraper.project_detail_scraper:scrape_project_detail:23 - Збір деталей проекту за адресою: https://devpost.com/software/smart-talent-selection-engine
2026-06-22 23:09:55.881 | INFO     | src.scraper.project_detail_scraper:scrape_project_detail:23 - Збір деталей проекту за адресою: https://devpost.com/software/commando-ai-h0vodb
2026-06-22 23:09:58.125 | INFO     | src.scraper.project_detail_scraper:scrape_project_detail:23 - Збір деталей проекту за адресою: https://devpost.com/software/ember-0nkp58
2026-06-22 23:10:00.181 | INFO     | src.scraper.project_detail_scraper:scrape_project_detail:23 - Збір деталей проекту за адресою: https://devpost.com/software/schema-assist
2026-06-22 23:10:02.059 | INFO     | src.scraper.project_detail_scraper:scrape_project_detail:23 - Збір деталей проекту за адресою: https://devpost.com/software/quantumauth-sdk
2026-06-22 23:10:04.098 | INFO     | src.scraper.project_detail_scraper:scrape_project_detail:23 - Збір деталей проекту за адресою: https://devpost.com/software/benefitbridge-5ip4q0
2026-06-22 23:10:06.238 | INFO     | src.scraper.project_detail_scraper:scrape_project_detail:23 - Збір деталей проекту за адресою: https://devpost.com/software/chorusai
2026-06-22 23:10:08.334 | INFO     | src.scraper.project_detail_scraper:scrape_project_detail:23 - Збір деталей проекту за адресою: https://devpost.com/software/ai-civic-safety-missing-person-platform
2026-06-22 23:10:10.462 | INFO     | src.scraper.project_detail_scraper:scrape_project_detail:23 - Збір деталей проекту за адресою: https://devpost.com/software/nadi-ai-health-context-engine
2026-06-22 23:10:12.546 | INFO     | src.scraper.project_detail_scraper:scrape_project_detail:23 - Збір деталей проекту за адресою: https://devpost.com/software/physix-ai-ai-agent-for-debugging-simulation-9ya6os
2026-06-22 23:10:14.687 | INFO     | src.scraper.project_detail_scraper:scrape_project_detail:23 - Збір деталей проекту за адресою: https://devpost.com/software/grid-pulse-urban-energy-ai-wr5csx
2026-06-22 23:10:15.785 | INFO     | src.scraper.project_detail_scraper:scrape_project_detail:23 - Збір деталей проекту за адресою: https://devpost.com/software/sentinelai-security-suite
2026-06-22 23:10:16.956 | INFO     | src.scraper.project_detail_scraper:scrape_project_detail:23 - Збір деталей проекту за адресою: https://devpost.com/software/study-buddy-d1ney2
2026-06-22 23:10:19.059 | INFO     | src.scraper.project_detail_scraper:scrape_project_detail:23 - Збір деталей проекту за адресою: https://devpost.com/software/nexagear-shield-enterprise-ai-framework
2026-06-22 23:10:21.045 | INFO     | src.scraper.project_detail_scraper:scrape_project_detail:23 - Збір деталей проекту за адресою: https://devpost.com/software/streamlit-x7cp92
2026-06-22 23:10:23.050 | INFO     | src.scraper.project_detail_scraper:scrape_project_detail:23 - Збір деталей проекту за адресою: https://devpost.com/software/care-companion-ai-5c9zjq
2026-06-22 23:10:25.080 | INFO     | src.scraper.project_detail_scraper:scrape_project_detail:23 - Збір деталей проекту за адресою: https://devpost.com/software/foodbrige
2026-06-22 23:10:27.174 | INFO     | src.scraper.project_detail_scraper:scrape_project_detail:23 - Збір деталей проекту за адресою: https://devpost.com/software/project-varuna-k9ur2d
2026-06-22 23:10:28.978 | INFO     | src.scraper.project_detail_scraper:scrape_project_detail:23 - Збір деталей проекту за адресою: https://devpost.com/software/telmed-ai-doctor-fnev75
2026-06-22 23:10:30.948 | INFO     | src.scraper.project_detail_scraper:scrape_project_detail:23 - Збір деталей проекту за адресою: https://devpost.com/software/savanna-africa-s-digital-publishing-platform
2026-06-22 23:10:32.993 | INFO     | src.scraper.project_detail_scraper:scrape_project_detail:23 - Збір деталей проекту за адресою: https://devpost.com/software/expenso-4kp1oj
2026-06-22 23:10:35.218 | INFO     | src.scraper.project_detail_scraper:scrape_project_detail:23 - Збір деталей проекту за адресою: https://devpost.com/software/women-safety-mobile-application-6omp37
2026-06-22 23:10:36.277 | INFO     | src.scraper.project_detail_scraper:scrape_project_detail:23 - Збір деталей проекту за адресою: https://devpost.com/software/sustain-a-thon
2026-06-22 23:10:39.269 | INFO     | src.scraper.project_detail_scraper:scrape_project_detail:23 - Збір деталей проекту за адресою: https://devpost.com/software/musespark
2026-06-22 23:10:40.380 | INFO     | src.scraper.project_detail_scraper:scrape_project_detail:23 - Збір деталей проекту за адресою: https://devpost.com/software/remitroute
2026-06-22 23:10:42.383 | INFO     | src.scraper.project_detail_scraper:scrape_project_detail:23 - Збір деталей проекту за адресою: https://devpost.com/software/careeros-9cmxb6
2026-06-22 23:10:44.259 | INFO     | src.scraper.project_detail_scraper:scrape_project_detail:23 - Збір деталей проекту за адресою: https://devpost.com/software/hungerless-xncugv
2026-06-22 23:10:46.179 | INFO     | src.scraper.project_detail_scraper:scrape_project_detail:23 - Збір деталей проекту за адресою: https://devpost.com/software/healthsync-ai-powered-continuity-of-care-vkncg0
2026-06-22 23:10:48.262 | INFO     | src.scraper.project_detail_scraper:scrape_project_detail:23 - Збір деталей проекту за адресою: https://devpost.com/software/studyeasy-ai-empowered-next-gen-study-hub-r7egsx
2026-06-22 23:10:50.451 | INFO     | src.scraper.project_detail_scraper:scrape_project_detail:23 - Збір деталей проекту за адресою: https://devpost.com/software/saket-meshrelay-h2gmal
2026-06-22 23:10:52.108 | INFO     | src.scraper.project_detail_scraper:scrape_project_detail:23 - Збір деталей проекту за адресою: https://devpost.com/software/skillpath-ai-ai-powered-career-skill-intelligence-platform
2026-06-22 23:10:53.318 | INFO     | src.scraper.project_detail_scraper:scrape_project_detail:23 - Збір деталей проекту за адресою: https://devpost.com/software/sankalp-multimodal-accessibility-for-deafblind-users
2026-06-22 23:10:55.258 | INFO     | src.scraper.project_detail_scraper:scrape_project_detail:23 - Збір деталей проекту за адресою: https://devpost.com/software/dyslexicore-1r3v0a
2026-06-22 23:10:57.225 | INFO     | src.scraper.project_detail_scraper:scrape_project_detail:23 - Збір деталей проекту за адресою: https://devpost.com/software/stylevault-bka5tq
2026-06-22 23:10:59.236 | INFO     | src.scraper.project_detail_scraper:scrape_project_detail:23 - Збір деталей проекту за адресою: https://devpost.com/software/fiswarm-ai-oy61it
2026-06-22 23:11:01.093 | INFO     | src.scraper.project_detail_scraper:scrape_project_detail:23 - Збір деталей проекту за адресою: https://devpost.com/software/jarvis-iv-life-automation-through-multimodal-ai
2026-06-22 23:11:03.235 | INFO     | src.scraper.project_detail_scraper:scrape_project_detail:23 - Збір деталей проекту за адресою: https://devpost.com/software/ecoloop-2sijme
2026-06-22 23:11:05.280 | INFO     | src.scraper.project_detail_scraper:scrape_project_detail:23 - Збір деталей проекту за адресою: https://devpost.com/software/sayit-weto05
2026-06-22 23:11:07.375 | INFO     | src.scraper.project_detail_scraper:scrape_project_detail:23 - Збір деталей проекту за адресою: https://devpost.com/software/cognito-x0ufbn
2026-06-22 23:11:09.315 | INFO     | src.scraper.project_detail_scraper:scrape_project_detail:23 - Збір деталей проекту за адресою: https://devpost.com/software/dyslexic-friendly-reader-mawnp6
2026-06-22 23:11:11.213 | INFO     | src.scraper.project_detail_scraper:scrape_project_detail:23 - Збір деталей проекту за адресою: https://devpost.com/software/quantumrisk-oracle
2026-06-22 23:11:13.670 | INFO     | src.scraper.project_detail_scraper:scrape_project_detail:23 - Збір деталей проекту за адресою: https://devpost.com/software/lifeboat-ai
2026-06-22 23:11:15.826 | INFO     | src.scraper.project_detail_scraper:scrape_project_detail:23 - Збір деталей проекту за адресою: https://devpost.com/software/ambuguard-ai-powered-smart-ambulance-corridor-system-5vxk09
2026-06-22 23:11:17.854 | INFO     | src.scraper.project_detail_scraper:scrape_project_detail:23 - Збір деталей проекту за адресою: https://devpost.com/software/hilbertshield-i21ask
2026-06-22 23:11:19.977 | INFO     | src.scraper.project_detail_scraper:scrape_project_detail:23 - Збір деталей проекту за адресою: https://devpost.com/software/ecotrack-real-time-verified-carbon-intelligence-platform-fqb5o1
2026-06-22 23:11:22.040 | INFO     | src.scraper.project_detail_scraper:scrape_project_detail:23 - Збір деталей проекту за адресою: https://devpost.com/software/neucleus
2026-06-22 23:11:23.928 | INFO     | src.scraper.project_detail_scraper:scrape_project_detail:23 - Збір деталей проекту за адресою: https://devpost.com/software/krishivseth-ai-ai-for-agriculture-and-farmer-cds1h0
2026-06-22 23:11:26.050 | INFO     | src.scraper.project_detail_scraper:scrape_project_detail:23 - Збір деталей проекту за адресою: https://devpost.com/software/zenexis-y3vutq
2026-06-22 23:11:28.041 | INFO     | src.scraper.project_detail_scraper:scrape_project_detail:23 - Збір деталей проекту за адресою: https://devpost.com/software/market-mind-_01
2026-06-22 23:11:30.227 | INFO     | src.scraper.project_detail_scraper:scrape_project_detail:23 - Збір деталей проекту за адресою: https://devpost.com/software/uniassist-college-assistant-jt7sel
2026-06-22 23:11:32.343 | INFO     | src.scraper.project_detail_scraper:scrape_project_detail:23 - Збір деталей проекту за адресою: https://devpost.com/software/farmiq-425jc1
2026-06-22 23:11:33.387 | INFO     | src.scraper.project_detail_scraper:scrape_project_detail:23 - Збір деталей проекту за адресою: https://devpost.com/software/cartify-ki4uh9
2026-06-22 23:11:35.281 | INFO     | src.scraper.project_detail_scraper:scrape_project_detail:23 - Збір деталей проекту за адресою: https://devpost.com/software/grant-match
2026-06-22 23:11:36.884 | INFO     | src.scraper.project_detail_scraper:scrape_project_detail:23 - Збір деталей проекту за адресою: https://devpost.com/software/heatshield-4hwvtu
2026-06-22 23:11:38.955 | INFO     | src.scraper.project_detail_scraper:scrape_project_detail:23 - Збір деталей проекту за адресою: https://devpost.com/software/borrowiq-ai-powered-on-chain-credit-intelligence
2026-06-22 23:11:40.909 | INFO     | src.scraper.project_detail_scraper:scrape_project_detail:23 - Збір деталей проекту за адресою: https://devpost.com/software/roundzero-01fxh8
2026-06-22 23:11:42.668 | INFO     | src.scraper.project_detail_scraper:scrape_project_detail:23 - Збір деталей проекту за адресою: https://devpost.com/software/rudraone-koce8i
2026-06-22 23:11:44.673 | INFO     | src.scraper.project_detail_scraper:scrape_project_detail:23 - Збір деталей проекту за адресою: https://devpost.com/software/regim
2026-06-22 23:11:46.746 | INFO     | src.scraper.project_detail_scraper:scrape_project_detail:23 - Збір деталей проекту за адресою: https://devpost.com/software/stasis-sw30qj
2026-06-22 23:11:48.669 | INFO     | src.scraper.project_detail_scraper:scrape_project_detail:23 - Збір деталей проекту за адресою: https://devpost.com/software/smartcareer
2026-06-22 23:11:51.391 | INFO     | src.scraper.project_detail_scraper:scrape_project_detail:23 - Збір деталей проекту за адресою: https://devpost.com/software/invoice-audit
2026-06-22 23:11:53.505 | INFO     | src.scraper.project_detail_scraper:scrape_project_detail:23 - Збір деталей проекту за адресою: https://devpost.com/software/legaleasy-aqmjbw
2026-06-22 23:11:54.673 | INFO     | src.scraper.project_detail_scraper:scrape_project_detail:23 - Збір деталей проекту за адресою: https://devpost.com/software/presence-mirror
2026-06-22 23:11:55.819 | INFO     | src.scraper.project_detail_scraper:scrape_project_detail:23 - Збір деталей проекту за адресою: https://devpost.com/software/geminai-10wicy
2026-06-22 23:11:57.750 | INFO     | src.scraper.project_detail_scraper:scrape_project_detail:23 - Збір деталей проекту за адресою: https://devpost.com/software/rsoft-clawbank-63ftsl
2026-06-22 23:11:59.387 | INFO     | src.scraper.project_detail_scraper:scrape_project_detail:23 - Збір деталей проекту за адресою: https://devpost.com/software/swasthai-guardian
2026-06-22 23:12:01.550 | INFO     | src.scraper.project_detail_scraper:scrape_project_detail:23 - Збір деталей проекту за адресою: https://devpost.com/software/radarai
2026-06-22 23:12:03.227 | INFO     | src.scraper.project_detail_scraper:scrape_project_detail:23 - Збір деталей проекту за адресою: https://devpost.com/software/clearcare-healthcare-decision-intelligence
2026-06-22 23:12:05.141 | INFO     | src.scraper.project_detail_scraper:scrape_project_detail:23 - Збір деталей проекту за адресою: https://devpost.com/software/borrowiq-ai-powered-on-chain-credit-intelligence-qcz9ps
2026-06-22 23:12:06.982 | INFO     | src.scraper.project_detail_scraper:scrape_project_detail:23 - Збір деталей проекту за адресою: https://devpost.com/software/multi-tenant-auth-login
2026-06-22 23:12:08.949 | INFO     | src.scraper.project_detail_scraper:scrape_project_detail:23 - Збір деталей проекту за адресою: https://devpost.com/software/optilend-6mbaxt
2026-06-22 23:12:11.091 | INFO     | src.scraper.project_detail_scraper:scrape_project_detail:23 - Збір деталей проекту за адресою: https://devpost.com/software/auralis-083w7q
2026-06-22 23:12:13.173 | INFO     | src.scraper.project_detail_scraper:scrape_project_detail:23 - Збір деталей проекту за адресою: https://devpost.com/software/vitanova-ai-2o4nxf
2026-06-22 23:12:15.273 | INFO     | src.scraper.project_detail_scraper:scrape_project_detail:23 - Збір деталей проекту за адресою: https://devpost.com/software/heminsen-3dvrp4
2026-06-22 23:12:17.470 | INFO     | src.scraper.project_detail_scraper:scrape_project_detail:23 - Збір деталей проекту за адресою: https://devpost.com/software/journey-through-era-unk35f
2026-06-22 23:12:19.435 | INFO     | src.scraper.project_detail_scraper:scrape_project_detail:23 - Збір деталей проекту за адресою: https://devpost.com/software/urbanpulse-track-report-resolve
2026-06-22 23:12:20.507 | INFO     | src.scraper.project_detail_scraper:scrape_project_detail:23 - Збір деталей проекту за адресою: https://devpost.com/software/edugen-ai-zmefj7
2026-06-22 23:12:22.414 | INFO     | src.scraper.project_detail_scraper:scrape_project_detail:23 - Збір деталей проекту за адресою: https://devpost.com/software/spectre-xwsimo
2026-06-22 23:12:24.640 | INFO     | src.scraper.project_detail_scraper:scrape_project_detail:23 - Збір деталей проекту за адресою: https://devpost.com/software/anya-multi-agent-ai-emergency-dispatch-system-nuzsae
2026-06-22 23:12:26.670 | INFO     | src.scraper.project_detail_scraper:scrape_project_detail:23 - Збір деталей проекту за адресою: https://devpost.com/software/civix-v7ns91
2026-06-22 23:12:28.677 | INFO     | src.scraper.project_detail_scraper:scrape_project_detail:23 - Збір деталей проекту за адресою: https://devpost.com/software/haven-pg5914
2026-06-22 23:12:30.589 | INFO     | src.scraper.project_detail_scraper:scrape_project_detail:23 - Збір деталей проекту за адресою: https://devpost.com/software/all-rise-courtroom-ai
2026-06-22 23:12:32.735 | INFO     | src.scraper.project_detail_scraper:scrape_project_detail:23 - Збір деталей проекту за адресою: https://devpost.com/software/safeher-rcbmki
2026-06-22 23:12:34.426 | INFO     | src.scraper.project_detail_scraper:scrape_project_detail:23 - Збір деталей проекту за адресою: https://devpost.com/software/green-guardian-hub-your-all-in-one-sustainability-ecosystem
2026-06-22 23:12:36.513 | INFO     | src.scraper.project_detail_scraper:scrape_project_detail:23 - Збір деталей проекту за адресою: https://devpost.com/software/rural-connect-ai-2i15ub
2026-06-22 23:12:38.473 | INFO     | src.scraper.project_detail_scraper:scrape_project_detail:23 - Збір деталей проекту за адресою: https://devpost.com/software/whisper-walls-platform
2026-06-22 23:12:40.397 | INFO     | src.scraper.project_detail_scraper:scrape_project_detail:23 - Збір деталей проекту за адресою: https://devpost.com/software/guardianai-1l27dt
2026-06-22 23:12:42.445 | INFO     | src.scraper.project_detail_scraper:scrape_project_detail:23 - Збір деталей проекту за адресою: https://devpost.com/software/mirrormind-szk9o6
2026-06-22 23:12:44.346 | INFO     | src.scraper.project_detail_scraper:scrape_project_detail:23 - Збір деталей проекту за адресою: https://devpost.com/software/callproof
2026-06-22 23:12:46.448 | INFO     | src.scraper.project_detail_scraper:scrape_project_detail:23 - Збір деталей проекту за адресою: https://devpost.com/software/mindguard-ai-9fjt23
2026-06-22 23:12:48.527 | INFO     | src.scraper.project_detail_scraper:scrape_project_detail:23 - Збір деталей проекту за адресою: https://devpost.com/software/founderos-ef65p0
2026-06-22 23:12:50.273 | INFO     | src.scraper.project_detail_scraper:scrape_project_detail:23 - Збір деталей проекту за адресою: https://devpost.com/software/adin-tu8gn6
2026-06-22 23:12:51.312 | INFO     | src.scraper.project_detail_scraper:scrape_project_detail:23 - Збір деталей проекту за адресою: https://devpost.com/software/consilium-multi-specialty-clinical-decision-system-9y4twa
2026-06-22 23:12:53.379 | INFO     | src.scraper.project_detail_scraper:scrape_project_detail:23 - Збір деталей проекту за адресою: https://devpost.com/software/smart-worker-safety-system-sws
2026-06-22 23:12:54.413 | INFO     | src.scraper.project_detail_scraper:scrape_project_detail:23 - Збір деталей проекту за адресою: https://devpost.com/software/rl-based-ai-email-orchestrator-agent
2026-06-22 23:12:56.649 | INFO     | src.scraper.project_detail_scraper:scrape_project_detail:23 - Збір деталей проекту за адресою: https://devpost.com/software/finrak
2026-06-22 23:12:58.618 | INFO     | src.scraper.project_detail_scraper:scrape_project_detail:23 - Збір деталей проекту за адресою: https://devpost.com/software/biocyclic
2026-06-22 23:12:59.817 | INFO     | src.scraper.project_detail_scraper:scrape_project_detail:23 - Збір деталей проекту за адресою: https://devpost.com/software/resumeiq-ai
2026-06-22 23:13:00.977 | INFO     | src.scraper.project_detail_scraper:scrape_project_detail:23 - Збір деталей проекту за адресою: https://devpost.com/software/solace-7o6fvq
2026-06-22 23:13:03.312 | INFO     | src.scraper.project_detail_scraper:scrape_project_detail:23 - Збір деталей проекту за адресою: https://devpost.com/software/exchange-bewtween-knots
2026-06-22 23:13:05.319 | INFO     | src.scraper.project_detail_scraper:scrape_project_detail:23 - Збір деталей проекту за адресою: https://devpost.com/software/eduboost-ai-0i67vu
2026-06-22 23:13:06.994 | INFO     | src.scraper.project_detail_scraper:scrape_project_detail:23 - Збір деталей проекту за адресою: https://devpost.com/software/equira-i7f0g4
2026-06-22 23:13:08.081 | INFO     | src.scraper.project_detail_scraper:scrape_project_detail:23 - Збір деталей проекту за адресою: https://devpost.com/software/medilink-ai-rb5igf
2026-06-22 23:13:10.012 | INFO     | src.scraper.project_detail_scraper:scrape_project_detail:23 - Збір деталей проекту за адресою: https://devpost.com/software/chainscope-predictive-supply-chain-intelligence
2026-06-22 23:13:12.111 | INFO     | src.scraper.project_detail_scraper:scrape_project_detail:23 - Збір деталей проекту за адресою: https://devpost.com/software/careeros-0hozxd
2026-06-22 23:13:13.882 | INFO     | src.scraper.project_detail_scraper:scrape_project_detail:23 - Збір деталей проекту за адресою: https://devpost.com/software/pulse-odzmi6
2026-06-22 23:13:15.931 | INFO     | src.scraper.project_detail_scraper:scrape_project_detail:23 - Збір деталей проекту за адресою: https://devpost.com/software/pulse-fwla0c
2026-06-22 23:13:17.962 | INFO     | src.scraper.project_detail_scraper:scrape_project_detail:23 - Збір деталей проекту за адресою: https://devpost.com/software/pitchloop-vr-9q2vw0
2026-06-22 23:13:19.833 | INFO     | src.scraper.project_detail_scraper:scrape_project_detail:23 - Збір деталей проекту за адресою: https://devpost.com/software/omegaos
2026-06-22 23:13:22.241 | INFO     | __main__:run_full_ingestion:115 - Успішно імпортовано хакатон: Quantum Sprint (267 проектів).
2026-06-22 23:13:24.244 | INFO     | __main__:run_full_ingestion:46 - [21/24] Початок збору даних для: VALSEA Edtech Sprint (HCM)...
2026-06-22 23:13:24.245 | INFO     | src.scraper.hackathon_detail_scraper:scrape_hackathon_detail:19 - Збір деталей для хакатону за адресою: https://valsea-edtech-sprint-hcm.devpost.com/
2026-06-22 23:13:25.115 | INFO     | src.scraper.projects_scraper:fetch_hackathon_projects:31 - Запуск збору проектів для субдомену: valsea-edtech-sprint-hcm
2026-06-22 23:13:25.115 | INFO     | src.scraper.projects_scraper:fetch_hackathon_projects:35 - Збір проектів, сторінка 1...
2026-06-22 23:13:26.225 | INFO     | src.scraper.projects_scraper:fetch_hackathon_projects:107 - Сторінка 1: успішно зчитано 24 проектів.
2026-06-22 23:13:28.226 | INFO     | src.scraper.projects_scraper:fetch_hackathon_projects:35 - Збір проектів, сторінка 2...
2026-06-22 23:13:29.444 | INFO     | src.scraper.projects_scraper:fetch_hackathon_projects:107 - Сторінка 2: успішно зчитано 23 проектів.
2026-06-22 23:13:31.444 | INFO     | src.scraper.projects_scraper:fetch_hackathon_projects:35 - Збір проектів, сторінка 3...
2026-06-22 23:13:32.520 | INFO     | src.scraper.projects_scraper:fetch_hackathon_projects:107 - Сторінка 3: успішно зчитано 23 проектів.
2026-06-22 23:13:34.520 | INFO     | src.scraper.projects_scraper:fetch_hackathon_projects:35 - Збір проектів, сторінка 4...
2026-06-22 23:13:35.434 | INFO     | src.scraper.projects_scraper:fetch_hackathon_projects:107 - Сторінка 4: успішно зчитано 12 проектів.
2026-06-22 23:13:37.435 | INFO     | src.scraper.projects_scraper:fetch_hackathon_projects:35 - Збір проектів, сторінка 5...
2026-06-22 23:13:38.152 | INFO     | src.scraper.projects_scraper:fetch_hackathon_projects:52 - На сторінці 5 більше немає карток проектів. Завершуємо збір.
2026-06-22 23:13:38.153 | INFO     | __main__:run_full_ingestion:72 - Знайдено проектів для обробки: 82
2026-06-22 23:13:38.153 | INFO     | src.scraper.project_detail_scraper:scrape_project_detail:23 - Збір деталей проекту за адресою: https://devpost.com/software/accentcoach-6jwxab
2026-06-22 23:13:40.083 | INFO     | src.scraper.project_detail_scraper:scrape_project_detail:23 - Збір деталей проекту за адресою: https://devpost.com/software/edubridge-xgc9qv
2026-06-22 23:13:41.148 | INFO     | src.scraper.project_detail_scraper:scrape_project_detail:23 - Збір деталей проекту за адресою: https://devpost.com/software/smart-energy-meter-with-theft-detection
2026-06-22 23:13:42.196 | INFO     | src.scraper.project_detail_scraper:scrape_project_detail:23 - Збір деталей проекту за адресою: https://devpost.com/software/sustainify-wsth4d
2026-06-22 23:13:43.252 | INFO     | src.scraper.project_detail_scraper:scrape_project_detail:23 - Збір деталей проекту за адресою: https://devpost.com/software/travel-and-tourism-roev4l
2026-06-22 23:13:44.317 | INFO     | src.scraper.project_detail_scraper:scrape_project_detail:23 - Збір деталей проекту за адресою: https://devpost.com/software/agridoc
2026-06-22 23:13:45.412 | INFO     | src.scraper.project_detail_scraper:scrape_project_detail:23 - Збір деталей проекту за адресою: https://devpost.com/software/travel-and-tourism-a1h52y
2026-06-22 23:13:46.516 | INFO     | src.scraper.project_detail_scraper:scrape_project_detail:23 - Збір деталей проекту за адресою: https://devpost.com/software/smart-campus-event-management-and-scheduling-system
2026-06-22 23:13:47.541 | INFO     | src.scraper.project_detail_scraper:scrape_project_detail:23 - Збір деталей проекту за адресою: https://devpost.com/software/healthtrack-5sg4yb
2026-06-22 23:13:49.154 | INFO     | src.scraper.project_detail_scraper:scrape_project_detail:23 - Збір деталей проекту за адресою: https://devpost.com/software/healthtrack-hseonk
2026-06-22 23:13:50.712 | INFO     | src.scraper.project_detail_scraper:scrape_project_detail:23 - Збір деталей проекту за адресою: https://devpost.com/software/blood-donors
2026-06-22 23:13:51.736 | INFO     | src.scraper.project_detail_scraper:scrape_project_detail:23 - Збір деталей проекту за адресою: https://devpost.com/software/valspeak-ai
2026-06-22 23:13:52.790 | INFO     | src.scraper.project_detail_scraper:scrape_project_detail:23 - Збір деталей проекту за адресою: https://devpost.com/software/veritas-x
2026-06-22 23:13:54.902 | INFO     | src.scraper.project_detail_scraper:scrape_project_detail:23 - Збір деталей проекту за адресою: https://devpost.com/software/agri-guide
2026-06-22 23:13:56.555 | INFO     | src.scraper.project_detail_scraper:scrape_project_detail:23 - Збір деталей проекту за адресою: https://devpost.com/software/smart-parking-16slib
2026-06-22 23:13:57.596 | INFO     | src.scraper.project_detail_scraper:scrape_project_detail:23 - Збір деталей проекту за адресою: https://devpost.com/software/women-safety-glqmfd
2026-06-22 23:13:58.616 | INFO     | src.scraper.project_detail_scraper:scrape_project_detail:23 - Збір деталей проекту за адресою: https://devpost.com/software/navigator-8eywro
2026-06-22 23:13:59.673 | INFO     | src.scraper.project_detail_scraper:scrape_project_detail:23 - Збір деталей проекту за адресою: https://devpost.com/software/fake-website-detector
2026-06-22 23:14:00.731 | INFO     | src.scraper.project_detail_scraper:scrape_project_detail:23 - Збір деталей проекту за адресою: https://devpost.com/software/intellitrack-fkvs6z
2026-06-22 23:14:01.788 | INFO     | src.scraper.project_detail_scraper:scrape_project_detail:23 - Збір деталей проекту за адресою: https://devpost.com/software/smart-crowd-management-system
2026-06-22 23:14:02.898 | INFO     | src.scraper.project_detail_scraper:scrape_project_detail:23 - Збір деталей проекту за адресою: https://devpost.com/software/ai-code-refactor-tool-cspl7k
2026-06-22 23:14:03.949 | INFO     | src.scraper.project_detail_scraper:scrape_project_detail:23 - Збір деталей проекту за адресою: https://devpost.com/software/predict-today-prevent-tomorrow
2026-06-22 23:14:04.993 | INFO     | src.scraper.project_detail_scraper:scrape_project_detail:23 - Збір деталей проекту за адресою: https://devpost.com/software/king-6bthgq
2026-06-22 23:14:06.034 | INFO     | src.scraper.project_detail_scraper:scrape_project_detail:23 - Збір деталей проекту за адресою: https://devpost.com/software/data-privacy-security-and-trust
2026-06-22 23:14:07.092 | INFO     | src.scraper.project_detail_scraper:scrape_project_detail:23 - Збір деталей проекту за адресою: https://devpost.com/software/ai-doubt-solver-for-low-resource-students
2026-06-22 23:14:08.189 | INFO     | src.scraper.project_detail_scraper:scrape_project_detail:23 - Збір деталей проекту за адресою: https://devpost.com/software/schemes-finder
2026-06-22 23:14:09.309 | INFO     | src.scraper.project_detail_scraper:scrape_project_detail:23 - Збір деталей проекту за адресою: https://devpost.com/software/fake-news-yzsp09
2026-06-22 23:14:10.333 | INFO     | src.scraper.project_detail_scraper:scrape_project_detail:23 - Збір деталей проекту за адресою: https://devpost.com/software/ai-powered-attendance-and-engagement-analytics-system
2026-06-22 23:14:11.406 | INFO     | src.scraper.project_detail_scraper:scrape_project_detail:23 - Збір деталей проекту за адресою: https://devpost.com/software/smart-crowd-management-system-using-ai-iot
2026-06-22 23:14:12.459 | INFO     | src.scraper.project_detail_scraper:scrape_project_detail:23 - Збір деталей проекту за адресою: https://devpost.com/software/productivity-the-student-task-navigator
2026-06-22 23:14:13.523 | INFO     | src.scraper.project_detail_scraper:scrape_project_detail:23 - Збір деталей проекту за адресою: https://devpost.com/software/hackers-7tq4ap
2026-06-22 23:14:14.665 | INFO     | src.scraper.project_detail_scraper:scrape_project_detail:23 - Збір деталей проекту за адресою: https://devpost.com/software/smart-crowd-management-system-e87znv
2026-06-22 23:14:15.703 | INFO     | src.scraper.project_detail_scraper:scrape_project_detail:23 - Збір деталей проекту за адресою: https://devpost.com/software/smart-crowd-management-system-using-ai-iot-2almg7
2026-06-22 23:14:16.785 | INFO     | src.scraper.project_detail_scraper:scrape_project_detail:23 - Збір деталей проекту за адресою: https://devpost.com/software/waste-management-app-pz49vn
2026-06-22 23:14:17.796 | INFO     | src.scraper.project_detail_scraper:scrape_project_detail:23 - Збір деталей проекту за адресою: https://devpost.com/software/ai-chatbot-for-students
2026-06-22 23:14:18.860 | INFO     | src.scraper.project_detail_scraper:scrape_project_detail:23 - Збір деталей проекту за адресою: https://devpost.com/software/multimodal-annotation-system
2026-06-22 23:14:19.886 | INFO     | src.scraper.project_detail_scraper:scrape_project_detail:23 - Збір деталей проекту за адресою: https://devpost.com/software/home-automation-using-iot-and-mobile-app
2026-06-22 23:14:20.920 | INFO     | src.scraper.project_detail_scraper:scrape_project_detail:23 - Збір деталей проекту за адресою: https://devpost.com/software/learnflow-iq19f5
2026-06-22 23:14:22.882 | INFO     | src.scraper.project_detail_scraper:scrape_project_detail:23 - Збір деталей проекту за адресою: https://devpost.com/software/urban-planning-system
2026-06-22 23:14:23.902 | INFO     | src.scraper.project_detail_scraper:scrape_project_detail:23 - Збір деталей проекту за адресою: https://devpost.com/software/medo-smart-task-manager
2026-06-22 23:14:24.934 | INFO     | src.scraper.project_detail_scraper:scrape_project_detail:23 - Збір деталей проекту за адресою: https://devpost.com/software/careercraft-ai-89tl7f
2026-06-22 23:14:26.000 | INFO     | src.scraper.project_detail_scraper:scrape_project_detail:23 - Збір деталей проекту за адресою: https://devpost.com/software/ai-code-refactor-tool
2026-06-22 23:14:28.006 | INFO     | src.scraper.project_detail_scraper:scrape_project_detail:23 - Збір деталей проекту за адресою: https://devpost.com/software/random-bs
2026-06-22 23:14:29.032 | INFO     | src.scraper.project_detail_scraper:scrape_project_detail:23 - Збір деталей проекту за адресою: https://devpost.com/software/hacker-system
2026-06-22 23:14:30.115 | INFO     | src.scraper.project_detail_scraper:scrape_project_detail:23 - Збір деталей проекту за адресою: https://devpost.com/software/smart-face-recognition-system-using-artificial-intelligence
2026-06-22 23:14:31.182 | INFO     | src.scraper.project_detail_scraper:scrape_project_detail:23 - Збір деталей проекту за адресою: https://devpost.com/software/u-said-n9ul6h
2026-06-22 23:14:32.244 | INFO     | src.scraper.project_detail_scraper:scrape_project_detail:23 - Збір деталей проекту за адресою: https://devpost.com/software/smart-travel-planner-4im2f8
2026-06-22 23:14:33.294 | INFO     | src.scraper.project_detail_scraper:scrape_project_detail:23 - Збір деталей проекту за адресою: https://devpost.com/software/student-task-manager-mngf69
2026-06-22 23:14:34.351 | INFO     | src.scraper.project_detail_scraper:scrape_project_detail:23 - Збір деталей проекту за адресою: https://devpost.com/software/ai-crowd-management-system
2026-06-22 23:14:35.362 | INFO     | src.scraper.project_detail_scraper:scrape_project_detail:23 - Збір деталей проекту за адресою: https://devpost.com/software/coach-2k7czh
2026-06-22 23:14:36.411 | INFO     | src.scraper.project_detail_scraper:scrape_project_detail:23 - Збір деталей проекту за адресою: https://devpost.com/software/zenbots
2026-06-22 23:14:37.458 | INFO     | src.scraper.project_detail_scraper:scrape_project_detail:23 - Збір деталей проекту за адресою: https://devpost.com/software/ai-learner-jmtnal
2026-06-22 23:14:38.542 | INFO     | src.scraper.project_detail_scraper:scrape_project_detail:23 - Збір деталей проекту за адресою: https://devpost.com/software/agri-guide-f0724n
2026-06-22 23:14:39.599 | INFO     | src.scraper.project_detail_scraper:scrape_project_detail:23 - Збір деталей проекту за адресою: https://devpost.com/software/money-mulling
2026-06-22 23:14:41.578 | INFO     | src.scraper.project_detail_scraper:scrape_project_detail:23 - Збір деталей проекту за адресою: https://devpost.com/software/vibesync-8lxoyj
2026-06-22 23:14:43.451 | INFO     | src.scraper.project_detail_scraper:scrape_project_detail:23 - Збір деталей проекту за адресою: https://devpost.com/software/sentinel-fraud-detection-system
2026-06-22 23:14:44.525 | INFO     | src.scraper.project_detail_scraper:scrape_project_detail:23 - Збір деталей проекту за адресою: https://devpost.com/software/smart-water-quality-monitoring-system
2026-06-22 23:14:45.631 | INFO     | src.scraper.project_detail_scraper:scrape_project_detail:23 - Збір деталей проекту за адресою: https://devpost.com/software/smart-barking-system
2026-06-22 23:14:46.658 | INFO     | src.scraper.project_detail_scraper:scrape_project_detail:23 - Збір деталей проекту за адресою: https://devpost.com/software/buyzon
2026-06-22 23:14:48.508 | INFO     | src.scraper.project_detail_scraper:scrape_project_detail:23 - Збір деталей проекту за адресою: https://devpost.com/software/real-time-ground-water-resources-using-dwlr-data
2026-06-22 23:14:49.566 | INFO     | src.scraper.project_detail_scraper:scrape_project_detail:23 - Збір деталей проекту за адресою: https://devpost.com/software/supply-chain-shock-tester
2026-06-22 23:14:51.546 | INFO     | src.scraper.project_detail_scraper:scrape_project_detail:23 - Збір деталей проекту за адресою: https://devpost.com/software/study-planner-xr0muz
2026-06-22 23:14:52.559 | INFO     | src.scraper.project_detail_scraper:scrape_project_detail:23 - Збір деталей проекту за адресою: https://devpost.com/software/smart-student-management-system
2026-06-22 23:14:54.704 | INFO     | src.scraper.project_detail_scraper:scrape_project_detail:23 - Збір деталей проекту за адресою: https://devpost.com/software/techy
2026-06-22 23:14:55.737 | INFO     | src.scraper.project_detail_scraper:scrape_project_detail:23 - Збір деталей проекту за адресою: https://devpost.com/software/renewable-energy-can-be-unpredictable
2026-06-22 23:14:56.772 | INFO     | src.scraper.project_detail_scraper:scrape_project_detail:23 - Збір деталей проекту за адресою: https://devpost.com/software/predictive-waste-insights
2026-06-22 23:14:57.796 | INFO     | src.scraper.project_detail_scraper:scrape_project_detail:23 - Збір деталей проекту за адресою: https://devpost.com/software/unique-9dh3g2
2026-06-22 23:14:58.858 | INFO     | src.scraper.project_detail_scraper:scrape_project_detail:23 - Збір деталей проекту за адресою: https://devpost.com/software/solo-gxlmkd
2026-06-22 23:14:59.902 | INFO     | src.scraper.project_detail_scraper:scrape_project_detail:23 - Збір деталей проекту за адресою: https://devpost.com/software/design-d
2026-06-22 23:15:00.927 | INFO     | src.scraper.project_detail_scraper:scrape_project_detail:23 - Збір деталей проекту за адресою: https://devpost.com/software/climate-resilience-and-disaster-management
2026-06-22 23:15:01.963 | INFO     | src.scraper.project_detail_scraper:scrape_project_detail:23 - Збір деталей проекту за адресою: https://devpost.com/software/mediscan-m29510
2026-06-22 23:15:03.015 | INFO     | src.scraper.project_detail_scraper:scrape_project_detail:23 - Збір деталей проекту за адресою: https://devpost.com/software/speaksure-ai
2026-06-22 23:15:04.056 | INFO     | src.scraper.project_detail_scraper:scrape_project_detail:23 - Збір деталей проекту за адресою: https://devpost.com/software/audience-insight-prediction
2026-06-22 23:15:05.058 | INFO     | src.scraper.project_detail_scraper:scrape_project_detail:23 - Збір деталей проекту за адресою: https://devpost.com/software/responsive-webpage-opvjgx
2026-06-22 23:15:07.205 | INFO     | src.scraper.project_detail_scraper:scrape_project_detail:23 - Збір деталей проекту за адресою: https://devpost.com/software/dhududu
2026-06-22 23:15:08.217 | INFO     | src.scraper.project_detail_scraper:scrape_project_detail:23 - Збір деталей проекту за адресою: https://devpost.com/software/artificially-intelligence-transforming-the-digital-era
2026-06-22 23:15:09.318 | INFO     | src.scraper.project_detail_scraper:scrape_project_detail:23 - Збір деталей проекту за адресою: https://devpost.com/software/fake-news-oc346b
2026-06-22 23:15:10.331 | INFO     | src.scraper.project_detail_scraper:scrape_project_detail:23 - Збір деталей проекту за адресою: https://devpost.com/software/smartstudy-ai-b6ehov
2026-06-22 23:15:11.366 | INFO     | src.scraper.project_detail_scraper:scrape_project_detail:23 - Збір деталей проекту за адресою: https://devpost.com/software/aura-house
2026-06-22 23:15:12.472 | INFO     | src.scraper.project_detail_scraper:scrape_project_detail:23 - Збір деталей проекту за адресою: https://devpost.com/software/smartlearn-ai-nx9m1q
2026-06-22 23:15:13.515 | INFO     | src.scraper.project_detail_scraper:scrape_project_detail:23 - Збір деталей проекту за адресою: https://devpost.com/software/renewable-energy-adw50y
2026-06-22 23:15:14.681 | INFO     | src.scraper.project_detail_scraper:scrape_project_detail:23 - Збір деталей проекту за адресою: https://devpost.com/software/vlya
2026-06-22 23:15:15.734 | INFO     | __main__:run_full_ingestion:115 - Успішно імпортовано хакатон: VALSEA Edtech Sprint (HCM) (82 проектів).
2026-06-22 23:15:17.736 | INFO     | __main__:run_full_ingestion:46 - [22/24] Початок збору даних для:  Production Engineering Hackathon...
2026-06-22 23:15:17.737 | INFO     | src.scraper.hackathon_detail_scraper:scrape_hackathon_detail:19 - Збір деталей для хакатону за адресою: https://pe-hackathon.devpost.com/
2026-06-22 23:15:18.678 | INFO     | src.scraper.projects_scraper:fetch_hackathon_projects:31 - Запуск збору проектів для субдомену: pe-hackathon
2026-06-22 23:15:18.679 | INFO     | src.scraper.projects_scraper:fetch_hackathon_projects:35 - Збір проектів, сторінка 1...
2026-06-22 23:15:19.975 | INFO     | src.scraper.projects_scraper:fetch_hackathon_projects:107 - Сторінка 1: успішно зчитано 24 проектів.
2026-06-22 23:15:21.976 | INFO     | src.scraper.projects_scraper:fetch_hackathon_projects:35 - Збір проектів, сторінка 2...
2026-06-22 23:15:23.120 | INFO     | src.scraper.projects_scraper:fetch_hackathon_projects:107 - Сторінка 2: успішно зчитано 24 проектів.
2026-06-22 23:15:25.120 | INFO     | src.scraper.projects_scraper:fetch_hackathon_projects:35 - Збір проектів, сторінка 3...
2026-06-22 23:15:26.386 | INFO     | src.scraper.projects_scraper:fetch_hackathon_projects:107 - Сторінка 3: успішно зчитано 24 проектів.
2026-06-22 23:15:28.387 | INFO     | src.scraper.projects_scraper:fetch_hackathon_projects:35 - Збір проектів, сторінка 4...
2026-06-22 23:15:29.447 | INFO     | src.scraper.projects_scraper:fetch_hackathon_projects:107 - Сторінка 4: успішно зчитано 17 проектів.
2026-06-22 23:15:31.447 | INFO     | src.scraper.projects_scraper:fetch_hackathon_projects:35 - Збір проектів, сторінка 5...
2026-06-22 23:15:32.185 | INFO     | src.scraper.projects_scraper:fetch_hackathon_projects:52 - На сторінці 5 більше немає карток проектів. Завершуємо збір.
2026-06-22 23:15:32.185 | INFO     | __main__:run_full_ingestion:72 - Знайдено проектів для обробки: 89
2026-06-22 23:15:32.186 | INFO     | src.scraper.project_detail_scraper:scrape_project_detail:23 - Збір деталей проекту за адресою: https://devpost.com/software/productioneers
2026-06-22 23:15:34.333 | INFO     | src.scraper.project_detail_scraper:scrape_project_detail:23 - Збір деталей проекту за адресою: https://devpost.com/software/srenity-squad-url-shortener-incident-response-dashboard
2026-06-22 23:15:36.510 | INFO     | src.scraper.project_detail_scraper:scrape_project_detail:23 - Збір деталей проекту за адресою: https://devpost.com/software/agent-identity-passport
2026-06-22 23:15:38.587 | INFO     | src.scraper.project_detail_scraper:scrape_project_detail:23 - Збір деталей проекту за адресою: https://devpost.com/software/url-shortener-8kyjni
2026-06-22 23:15:40.672 | INFO     | src.scraper.project_detail_scraper:scrape_project_detail:23 - Збір деталей проекту за адресою: https://devpost.com/software/five-nines-club
2026-06-22 23:15:42.873 | INFO     | src.scraper.project_detail_scraper:scrape_project_detail:23 - Збір деталей проекту за адресою: https://devpost.com/software/panerabreadwarriors
2026-06-22 23:15:45.144 | INFO     | src.scraper.project_detail_scraper:scrape_project_detail:23 - Збір деталей проекту за адресою: https://devpost.com/software/resilient-api-ai-incident-analyst
2026-06-22 23:15:47.218 | INFO     | src.scraper.project_detail_scraper:scrape_project_detail:23 - Збір деталей проекту за адресою: https://devpost.com/software/todo-592nv0
2026-06-22 23:15:48.295 | INFO     | src.scraper.project_detail_scraper:scrape_project_detail:23 - Збір деталей проекту за адресою: https://devpost.com/software/pe-hackathon
2026-06-22 23:15:50.419 | INFO     | src.scraper.project_detail_scraper:scrape_project_detail:23 - Збір деталей проекту за адресою: https://devpost.com/software/url-shortener-mlh-pe-hackathon-2026
2026-06-22 23:15:52.594 | INFO     | src.scraper.project_detail_scraper:scrape_project_detail:23 - Збір деталей проекту за адресою: https://devpost.com/software/pe-hackathons-2026
2026-06-22 23:15:54.621 | INFO     | src.scraper.project_detail_scraper:scrape_project_detail:23 - Збір деталей проекту за адресою: https://devpost.com/software/kadi-c0mafk
2026-06-22 23:15:55.699 | INFO     | src.scraper.project_detail_scraper:scrape_project_detail:23 - Збір деталей проекту за адресою: https://devpost.com/software/srujanscale
2026-06-22 23:15:57.724 | INFO     | src.scraper.project_detail_scraper:scrape_project_detail:23 - Збір деталей проекту за адресою: https://devpost.com/software/url-shortener-0oks9y
2026-06-22 23:15:59.827 | INFO     | src.scraper.project_detail_scraper:scrape_project_detail:23 - Збір деталей проекту за адресою: https://devpost.com/software/prod-breaker
2026-06-22 23:16:02.057 | INFO     | src.scraper.project_detail_scraper:scrape_project_detail:23 - Збір деталей проекту за адресою: https://devpost.com/software/purrduction-engineers
2026-06-22 23:16:04.265 | INFO     | src.scraper.project_detail_scraper:scrape_project_detail:23 - Збір деталей проекту за адресою: https://devpost.com/software/lazarus-6js49i
2026-06-22 23:16:06.609 | INFO     | src.scraper.project_detail_scraper:scrape_project_detail:23 - Збір деталей проекту за адресою: https://devpost.com/software/tbd-3g4la7
2026-06-22 23:16:07.631 | INFO     | src.scraper.project_detail_scraper:scrape_project_detail:23 - Збір деталей проекту за адресою: https://devpost.com/software/vybe-sq6v7e
2026-06-22 23:16:09.849 | INFO     | src.scraper.project_detail_scraper:scrape_project_detail:23 - Збір деталей проекту за адресою: https://devpost.com/software/front-to-back
2026-06-22 23:16:12.185 | INFO     | src.scraper.project_detail_scraper:scrape_project_detail:23 - Збір деталей проекту за адресою: https://devpost.com/software/snip-it-0k9gel
2026-06-22 23:16:14.442 | INFO     | src.scraper.project_detail_scraper:scrape_project_detail:23 - Збір деталей проекту за адресою: https://devpost.com/software/nightowls
2026-06-22 23:16:16.498 | INFO     | src.scraper.project_detail_scraper:scrape_project_detail:23 - Збір деталей проекту за адресою: https://devpost.com/software/short-king
2026-06-22 23:16:17.611 | INFO     | src.scraper.project_detail_scraper:scrape_project_detail:23 - Збір деталей проекту за адресою: https://devpost.com/software/sustain-726mbd
2026-06-22 23:16:19.732 | INFO     | src.scraper.project_detail_scraper:scrape_project_detail:23 - Збір деталей проекту за адресою: https://devpost.com/software/healix-ai-high-fidelity-clinical-intelligence-for-inclusion-hbivnz
2026-06-22 23:16:21.885 | INFO     | src.scraper.project_detail_scraper:scrape_project_detail:23 - Збір деталей проекту за адресою: https://devpost.com/software/littlewins-kyc4oj
2026-06-22 23:16:23.911 | INFO     | src.scraper.project_detail_scraper:scrape_project_detail:23 - Збір деталей проекту за адресою: https://devpost.com/software/adfa-jl6c2m
2026-06-22 23:16:26.024 | INFO     | src.scraper.project_detail_scraper:scrape_project_detail:23 - Збір деталей проекту за адресою: https://devpost.com/software/mlh-hackathon-quest-incident-response
2026-06-22 23:16:27.102 | INFO     | src.scraper.project_detail_scraper:scrape_project_detail:23 - Збір деталей проекту за адресою: https://devpost.com/software/omniguard
2026-06-22 23:16:29.007 | INFO     | src.scraper.project_detail_scraper:scrape_project_detail:23 - Збір деталей проекту за адресою: https://devpost.com/software/deadletter
2026-06-22 23:16:30.059 | INFO     | src.scraper.project_detail_scraper:scrape_project_detail:23 - Збір деталей проекту за адресою: https://devpost.com/software/abcd-x2ucr7
2026-06-22 23:16:31.104 | INFO     | src.scraper.project_detail_scraper:scrape_project_detail:23 - Збір деталей проекту за адресою: https://devpost.com/software/infraforge
2026-06-22 23:16:32.894 | INFO     | src.scraper.project_detail_scraper:scrape_project_detail:23 - Збір деталей проекту за адресою: https://devpost.com/software/url-shortener-rfmxwq
2026-06-22 23:16:35.110 | INFO     | src.scraper.project_detail_scraper:scrape_project_detail:23 - Збір деталей проекту за адресою: https://devpost.com/software/mlh-pe-hackathon-2026-url-shortener
2026-06-22 23:16:37.125 | INFO     | src.scraper.project_detail_scraper:scrape_project_detail:23 - Збір деталей проекту за адресою: https://devpost.com/software/pe-hackathon-2026-production-engineering-quest
2026-06-22 23:16:39.123 | INFO     | src.scraper.project_detail_scraper:scrape_project_detail:23 - Збір деталей проекту за адресою: https://devpost.com/software/peproject
2026-06-22 23:16:40.137 | INFO     | src.scraper.project_detail_scraper:scrape_project_detail:23 - Збір деталей проекту за адресою: https://devpost.com/software/watchtower-ai
2026-06-22 23:16:42.134 | INFO     | src.scraper.project_detail_scraper:scrape_project_detail:23 - Збір деталей проекту за адресою: https://devpost.com/software/the-shorteners-mlh-pe-hackathon-2026
2026-06-22 23:16:44.124 | INFO     | src.scraper.project_detail_scraper:scrape_project_detail:23 - Збір деталей проекту за адресою: https://devpost.com/software/falcon-9ashcb
2026-06-22 23:16:46.105 | INFO     | src.scraper.project_detail_scraper:scrape_project_detail:23 - Збір деталей проекту за адресою: https://devpost.com/software/pe-watchtower
2026-06-22 23:16:48.259 | INFO     | src.scraper.project_detail_scraper:scrape_project_detail:23 - Збір деталей проекту за адресою: https://devpost.com/software/shieldurl-chaos-resilient-url-shortener
2026-06-22 23:16:50.382 | INFO     | src.scraper.project_detail_scraper:scrape_project_detail:23 - Збір деталей проекту за адресою: https://devpost.com/software/urlpulse
2026-06-22 23:16:52.653 | INFO     | src.scraper.project_detail_scraper:scrape_project_detail:23 - Збір деталей проекту за адресою: https://devpost.com/software/shortstack
2026-06-22 23:16:54.563 | INFO     | src.scraper.project_detail_scraper:scrape_project_detail:23 - Збір деталей проекту за адресою: https://devpost.com/software/scalex
2026-06-22 23:16:56.417 | INFO     | src.scraper.project_detail_scraper:scrape_project_detail:23 - Збір деталей проекту за адресою: https://devpost.com/software/production-ready-url-shortener
2026-06-22 23:16:58.426 | INFO     | src.scraper.project_detail_scraper:scrape_project_detail:23 - Збір деталей проекту за адресою: https://devpost.com/software/pe-hackathon-2026-production-grade-url-shortener
2026-06-22 23:17:00.664 | INFO     | src.scraper.project_detail_scraper:scrape_project_detail:23 - Збір деталей проекту за адресою: https://devpost.com/software/production-grade-url-shortener
2026-06-22 23:17:02.692 | INFO     | src.scraper.project_detail_scraper:scrape_project_detail:23 - Збір деталей проекту за адресою: https://devpost.com/software/sparsh-mukthi-ay0cwf
2026-06-22 23:17:04.938 | INFO     | src.scraper.project_detail_scraper:scrape_project_detail:23 - Збір деталей проекту за адресою: https://devpost.com/software/sukrit-sdvxot
2026-06-22 23:17:07.040 | INFO     | src.scraper.project_detail_scraper:scrape_project_detail:23 - Збір деталей проекту за адресою: https://devpost.com/software/a-machine-learning-engineer-s-dream-amled
2026-06-22 23:17:09.149 | INFO     | src.scraper.project_detail_scraper:scrape_project_detail:23 - Збір деталей проекту за адресою: https://devpost.com/software/shorten-it
2026-06-22 23:17:11.227 | INFO     | src.scraper.project_detail_scraper:scrape_project_detail:23 - Збір деталей проекту за адресою: https://devpost.com/software/production-ready-url-shortener-pfeomi
2026-06-22 23:17:13.327 | INFO     | src.scraper.project_detail_scraper:scrape_project_detail:23 - Збір деталей проекту за адресою: https://devpost.com/software/agentic-self-healing-platform
2026-06-22 23:17:15.440 | INFO     | src.scraper.project_detail_scraper:scrape_project_detail:23 - Збір деталей проекту за адресою: https://devpost.com/software/url-shortener-971jaz
2026-06-22 23:17:17.555 | INFO     | src.scraper.project_detail_scraper:scrape_project_detail:23 - Збір деталей проекту за адресою: https://devpost.com/software/pe-hackathon-url-shortener
2026-06-22 23:17:19.706 | INFO     | src.scraper.project_detail_scraper:scrape_project_detail:23 - Збір деталей проекту за адресою: https://devpost.com/software/url-shortener-zo3rdc
2026-06-22 23:17:21.674 | INFO     | src.scraper.project_detail_scraper:scrape_project_detail:23 - Збір деталей проекту за адресою: https://devpost.com/software/ghostlink
2026-06-22 23:17:23.395 | INFO     | src.scraper.project_detail_scraper:scrape_project_detail:23 - Збір деталей проекту за адресою: https://devpost.com/software/mapmind-learnspace-ravblx
2026-06-22 23:17:25.179 | INFO     | src.scraper.project_detail_scraper:scrape_project_detail:23 - Збір деталей проекту за адресою: https://devpost.com/software/flash-sale-reservation-api
2026-06-22 23:17:27.211 | INFO     | src.scraper.project_detail_scraper:scrape_project_detail:23 - Збір деталей проекту за адресою: https://devpost.com/software/dev2prod
2026-06-22 23:17:28.915 | INFO     | src.scraper.project_detail_scraper:scrape_project_detail:23 - Збір деталей проекту за адресою: https://devpost.com/software/healthify-ldp0a8
2026-06-22 23:17:30.545 | INFO     | src.scraper.project_detail_scraper:scrape_project_detail:23 - Збір деталей проекту за адресою: https://devpost.com/software/mlh-pe-kodebrotherz
2026-06-22 23:17:32.735 | INFO     | src.scraper.project_detail_scraper:scrape_project_detail:23 - Збір деталей проекту за адресою: https://devpost.com/software/hamilton-fanbois-url-shortener
2026-06-22 23:17:34.437 | INFO     | src.scraper.project_detail_scraper:scrape_project_detail:23 - Збір деталей проекту за адресою: https://devpost.com/software/pipe-lie
2026-06-22 23:17:36.786 | INFO     | src.scraper.project_detail_scraper:scrape_project_detail:23 - Збір деталей проекту за адресою: https://devpost.com/software/mlh-hackathon-project-url-shortener
2026-06-22 23:17:38.947 | INFO     | src.scraper.project_detail_scraper:scrape_project_detail:23 - Збір деталей проекту за адресою: https://devpost.com/software/farmers-url-shortener
2026-06-22 23:17:41.385 | INFO     | src.scraper.project_detail_scraper:scrape_project_detail:23 - Збір деталей проекту за адресою: https://devpost.com/software/url_shortner
2026-06-22 23:17:42.554 | INFO     | src.scraper.project_detail_scraper:scrape_project_detail:23 - Збір деталей проекту за адресою: https://devpost.com/software/mlh-production-engineering-hackathon-2026
2026-06-22 23:17:43.858 | INFO     | src.scraper.project_detail_scraper:scrape_project_detail:23 - Збір деталей проекту за адресою: https://devpost.com/software/samvaadai-9mo56a
2026-06-22 23:17:44.941 | INFO     | src.scraper.project_detail_scraper:scrape_project_detail:23 - Збір деталей проекту за адресою: https://devpost.com/software/resilient-service-demo
2026-06-22 23:17:46.028 | INFO     | src.scraper.project_detail_scraper:scrape_project_detail:23 - Збір деталей проекту за адресою: https://devpost.com/software/brief-9zwyam
2026-06-22 23:17:47.214 | INFO     | src.scraper.project_detail_scraper:scrape_project_detail:23 - Збір деталей проекту за адресою: https://devpost.com/software/stack-underflow-q3fu4m
2026-06-22 23:17:48.281 | INFO     | src.scraper.project_detail_scraper:scrape_project_detail:23 - Збір деталей проекту за адресою: https://devpost.com/software/pe-mlh-leoli
2026-06-22 23:17:50.301 | INFO     | src.scraper.project_detail_scraper:scrape_project_detail:23 - Збір деталей проекту за адресою: https://devpost.com/software/curtain
2026-06-22 23:17:52.507 | INFO     | src.scraper.project_detail_scraper:scrape_project_detail:23 - Збір деталей проекту за адресою: https://devpost.com/software/url-shortner-1dr5s0
2026-06-22 23:17:54.540 | INFO     | src.scraper.project_detail_scraper:scrape_project_detail:23 - Збір деталей проекту за адресою: https://devpost.com/software/hackathon-etbp98
2026-06-22 23:17:56.518 | INFO     | src.scraper.project_detail_scraper:scrape_project_detail:23 - Збір деталей проекту за адресою: https://devpost.com/software/production-engineering-url-shortener
2026-06-22 23:17:58.509 | INFO     | src.scraper.project_detail_scraper:scrape_project_detail:23 - Збір деталей проекту за адресою: https://devpost.com/software/link-shrink
2026-06-22 23:18:00.432 | INFO     | src.scraper.project_detail_scraper:scrape_project_detail:23 - Збір деталей проекту за адресою: https://devpost.com/software/mlh-meta-production-engineering-hack
2026-06-22 23:18:02.643 | INFO     | src.scraper.project_detail_scraper:scrape_project_detail:23 - Збір деталей проекту за адресою: https://devpost.com/software/failsafe-xtq3n5
2026-06-22 23:18:04.709 | INFO     | src.scraper.project_detail_scraper:scrape_project_detail:23 - Збір деталей проекту за адресою: https://devpost.com/software/wealways-online
2026-06-22 23:18:06.583 | INFO     | src.scraper.project_detail_scraper:scrape_project_detail:23 - Збір деталей проекту за адресою: https://devpost.com/software/quadro-9nlckh
2026-06-22 23:18:08.886 | INFO     | src.scraper.project_detail_scraper:scrape_project_detail:23 - Збір деталей проекту за адресою: https://devpost.com/software/autorunbook
2026-06-22 23:18:10.997 | INFO     | src.scraper.project_detail_scraper:scrape_project_detail:23 - Збір деталей проекту за адресою: https://devpost.com/software/seismoarch-iot-model-5pvzhq
2026-06-22 23:18:12.936 | INFO     | src.scraper.project_detail_scraper:scrape_project_detail:23 - Збір деталей проекту за адресою: https://devpost.com/software/foundre
2026-06-22 23:18:15.268 | INFO     | src.scraper.project_detail_scraper:scrape_project_detail:23 - Збір деталей проекту за адресою: https://devpost.com/software/gpu-observer-ai
2026-06-22 23:18:17.409 | INFO     | src.scraper.project_detail_scraper:scrape_project_detail:23 - Збір деталей проекту за адресою: https://devpost.com/software/starshift
2026-06-22 23:18:19.546 | INFO     | src.scraper.project_detail_scraper:scrape_project_detail:23 - Збір деталей проекту за адресою: https://devpost.com/software/upstart-3mwq6i
2026-06-22 23:18:21.657 | INFO     | src.scraper.project_detail_scraper:scrape_project_detail:23 - Збір деталей проекту за адресою: https://devpost.com/software/omni-analyst-vl5uh8
2026-06-22 23:18:24.293 | INFO     | __main__:run_full_ingestion:115 - Успішно імпортовано хакатон:  Production Engineering Hackathon (89 проектів).
2026-06-22 23:18:26.306 | INFO     | __main__:run_full_ingestion:46 - [23/24] Початок збору даних для: API Innovate 2026...
2026-06-22 23:18:26.307 | INFO     | src.scraper.hackathon_detail_scraper:scrape_hackathon_detail:19 - Збір деталей для хакатону за адресою: https://api-innovate-2026.devpost.com/
2026-06-22 23:18:27.365 | INFO     | src.scraper.projects_scraper:fetch_hackathon_projects:31 - Запуск збору проектів для субдомену: api-innovate-2026
2026-06-22 23:18:27.366 | INFO     | src.scraper.projects_scraper:fetch_hackathon_projects:35 - Збір проектів, сторінка 1...
2026-06-22 23:18:28.112 | INFO     | src.scraper.projects_scraper:fetch_hackathon_projects:52 - На сторінці 1 більше немає карток проектів. Завершуємо збір.
2026-06-22 23:18:28.113 | INFO     | __main__:run_full_ingestion:72 - Знайдено проектів для обробки: 0
2026-06-22 23:18:28.121 | INFO     | __main__:run_full_ingestion:115 - Успішно імпортовано хакатон: API Innovate 2026 (0 проектів).
2026-06-22 23:18:30.125 | INFO     | __main__:run_full_ingestion:46 - [24/24] Початок збору даних для: Databricks Apps & Agents for Good Hackathon 2026...
2026-06-22 23:18:30.128 | INFO     | src.scraper.hackathon_detail_scraper:scrape_hackathon_detail:19 - Збір деталей для хакатону за адресою: https://dais-for-good-2026.devpost.com/
2026-06-22 23:18:31.195 | INFO     | src.scraper.projects_scraper:fetch_hackathon_projects:31 - Запуск збору проектів для субдомену: dais-for-good-2026
2026-06-22 23:18:31.196 | INFO     | src.scraper.projects_scraper:fetch_hackathon_projects:35 - Збір проектів, сторінка 1...
2026-06-22 23:18:32.501 | INFO     | src.scraper.projects_scraper:fetch_hackathon_projects:107 - Сторінка 1: успішно зчитано 24 проектів.
2026-06-22 23:18:34.502 | INFO     | src.scraper.projects_scraper:fetch_hackathon_projects:35 - Збір проектів, сторінка 2...
2026-06-22 23:18:35.884 | INFO     | src.scraper.projects_scraper:fetch_hackathon_projects:107 - Сторінка 2: успішно зчитано 24 проектів.
2026-06-22 23:18:37.884 | INFO     | src.scraper.projects_scraper:fetch_hackathon_projects:35 - Збір проектів, сторінка 3...
2026-06-22 23:18:39.240 | INFO     | src.scraper.projects_scraper:fetch_hackathon_projects:107 - Сторінка 3: успішно зчитано 24 проектів.
2026-06-22 23:18:41.241 | INFO     | src.scraper.projects_scraper:fetch_hackathon_projects:35 - Збір проектів, сторінка 4...
2026-06-22 23:18:42.558 | INFO     | src.scraper.projects_scraper:fetch_hackathon_projects:107 - Сторінка 4: успішно зчитано 24 проектів.
2026-06-22 23:18:44.559 | INFO     | src.scraper.projects_scraper:fetch_hackathon_projects:35 - Збір проектів, сторінка 5...
2026-06-22 23:18:46.058 | INFO     | src.scraper.projects_scraper:fetch_hackathon_projects:107 - Сторінка 5: успішно зчитано 24 проектів.
2026-06-22 23:18:48.059 | INFO     | src.scraper.projects_scraper:fetch_hackathon_projects:35 - Збір проектів, сторінка 6...
2026-06-22 23:18:49.020 | INFO     | src.scraper.projects_scraper:fetch_hackathon_projects:107 - Сторінка 6: успішно зчитано 2 проектів.
2026-06-22 23:18:51.020 | INFO     | src.scraper.projects_scraper:fetch_hackathon_projects:35 - Збір проектів, сторінка 7...
2026-06-22 23:18:51.858 | INFO     | src.scraper.projects_scraper:fetch_hackathon_projects:52 - На сторінці 7 більше немає карток проектів. Завершуємо збір.
2026-06-22 23:18:51.859 | INFO     | __main__:run_full_ingestion:72 - Знайдено проектів для обробки: 122
2026-06-22 23:18:51.861 | INFO     | src.scraper.project_detail_scraper:scrape_project_detail:23 - Збір деталей проекту за адресою: https://devpost.com/software/hospishuttle
2026-06-22 23:18:54.069 | INFO     | src.scraper.project_detail_scraper:scrape_project_detail:23 - Збір деталей проекту за адресою: https://devpost.com/software/referral-copilot
2026-06-22 23:18:56.360 | INFO     | src.scraper.project_detail_scraper:scrape_project_detail:23 - Збір деталей проекту за адресою: https://devpost.com/software/trustlens-health
2026-06-22 23:18:58.460 | INFO     | src.scraper.project_detail_scraper:scrape_project_detail:23 - Збір деталей проекту за адресою: https://devpost.com/software/project-cavallo
2026-06-22 23:19:00.488 | INFO     | src.scraper.project_detail_scraper:scrape_project_detail:23 - Збір деталей проекту за адресою: https://devpost.com/software/copilot-referral
2026-06-22 23:19:02.694 | INFO     | src.scraper.project_detail_scraper:scrape_project_detail:23 - Збір деталей проекту за адресою: https://devpost.com/software/matchcare
2026-06-22 23:19:05.089 | INFO     | src.scraper.project_detail_scraper:scrape_project_detail:23 - Збір деталей проекту за адресою: https://devpost.com/software/dbsummit2026_table8
2026-06-22 23:19:06.821 | INFO     | src.scraper.project_detail_scraper:scrape_project_detail:23 - Збір деталей проекту за адресою: https://devpost.com/software/carelens-ai-from-messy-healthcare-data-to-trusted-decisions
2026-06-22 23:19:08.903 | INFO     | src.scraper.project_detail_scraper:scrape_project_detail:23 - Збір деталей проекту за адресою: https://devpost.com/software/placeholder-yztjq6
2026-06-22 23:19:10.072 | INFO     | src.scraper.project_detail_scraper:scrape_project_detail:23 - Збір деталей проекту за адресою: https://devpost.com/software/mirage-health-care-compass
2026-06-22 23:19:12.350 | INFO     | src.scraper.project_detail_scraper:scrape_project_detail:23 - Збір деталей проекту за адресою: https://devpost.com/software/data-beat
2026-06-22 23:19:14.348 | INFO     | src.scraper.project_detail_scraper:scrape_project_detail:23 - Збір деталей проекту за адресою: https://devpost.com/software/timesharerer-doctors
2026-06-22 23:19:15.981 | INFO     | src.scraper.project_detail_scraper:scrape_project_detail:23 - Збір деталей проекту за адресою: https://devpost.com/software/q_dbx_hck
2026-06-22 23:19:18.204 | INFO     | src.scraper.project_detail_scraper:scrape_project_detail:23 - Збір деталей проекту за адресою: https://devpost.com/software/facility-risk-analysis
2026-06-22 23:19:20.628 | INFO     | src.scraper.project_detail_scraper:scrape_project_detail:23 - Збір деталей проекту за адресою: https://devpost.com/software/neelu
2026-06-22 23:19:23.126 | INFO     | src.scraper.project_detail_scraper:scrape_project_detail:23 - Збір деталей проекту за адресою: https://devpost.com/software/test-u7b39p
2026-06-22 23:19:25.304 | INFO     | src.scraper.project_detail_scraper:scrape_project_detail:23 - Збір деталей проекту за адресою: https://devpost.com/software/care-compass-2x0jvm
2026-06-22 23:19:27.634 | INFO     | src.scraper.project_detail_scraper:scrape_project_detail:23 - Збір деталей проекту за адресою: https://devpost.com/software/careroute-ai
2026-06-22 23:19:29.929 | INFO     | src.scraper.project_detail_scraper:scrape_project_detail:23 - Збір деталей проекту за адресою: https://devpost.com/software/data-avengers-virtueflow
2026-06-22 23:19:32.192 | INFO     | src.scraper.project_detail_scraper:scrape_project_detail:23 - Збір деталей проекту за адресою: https://devpost.com/software/copd-care-planner
2026-06-22 23:19:34.200 | INFO     | src.scraper.project_detail_scraper:scrape_project_detail:23 - Збір деталей проекту за адресою: https://devpost.com/software/facility-trust-desk
2026-06-22 23:19:35.284 | INFO     | src.scraper.project_detail_scraper:scrape_project_detail:23 - Збір деталей проекту за адресою: https://devpost.com/software/jeevan-rekha-lifeline
2026-06-22 23:19:37.187 | INFO     | src.scraper.project_detail_scraper:scrape_project_detail:23 - Збір деталей проекту за адресою: https://devpost.com/software/trust-desk
2026-06-22 23:19:39.213 | INFO     | src.scraper.project_detail_scraper:scrape_project_detail:23 - Збір деталей проекту за адресою: https://devpost.com/software/medical-desert-planner
2026-06-22 23:19:41.160 | INFO     | src.scraper.project_detail_scraper:scrape_project_detail:23 - Збір деталей проекту за адресою: https://devpost.com/software/arogyatrust
2026-06-22 23:19:42.206 | INFO     | src.scraper.project_detail_scraper:scrape_project_detail:23 - Збір деталей проекту за адресою: https://devpost.com/software/dais-track-3
2026-06-22 23:19:44.059 | INFO     | src.scraper.project_detail_scraper:scrape_project_detail:23 - Збір деталей проекту за адресою: https://devpost.com/software/facility-trust-desk-j57gqo
2026-06-22 23:19:46.053 | INFO     | src.scraper.project_detail_scraper:scrape_project_detail:23 - Збір деталей проекту за адресою: https://devpost.com/software/luxhealth
2026-06-22 23:19:47.970 | INFO     | src.scraper.project_detail_scraper:scrape_project_detail:23 - Збір деталей проекту за адресою: https://devpost.com/software/carepilot-1r5mig
2026-06-22 23:19:49.929 | INFO     | src.scraper.project_detail_scraper:scrape_project_detail:23 - Збір деталей проекту за адресою: https://devpost.com/software/dais_india_medical_desert_planner
2026-06-22 23:19:51.935 | INFO     | src.scraper.project_detail_scraper:scrape_project_detail:23 - Збір деталей проекту за адресою: https://devpost.com/software/carereach
2026-06-22 23:19:54.116 | INFO     | src.scraper.project_detail_scraper:scrape_project_detail:23 - Збір деталей проекту за адресою: https://devpost.com/software/facilityiq
2026-06-22 23:19:56.381 | INFO     | src.scraper.project_detail_scraper:scrape_project_detail:23 - Збір деталей проекту за адресою: https://devpost.com/software/referral-copilot-find-care-nearby-backed-by-evidence
2026-06-22 23:19:58.336 | INFO     | src.scraper.project_detail_scraper:scrape_project_detail:23 - Збір деталей проекту за адресою: https://devpost.com/software/databricks-apps-agents-for-good-hackathon-2026
2026-06-22 23:20:00.287 | INFO     | src.scraper.project_detail_scraper:scrape_project_detail:23 - Збір деталей проекту за адресою: https://devpost.com/software/disha-ydap7z
2026-06-22 23:20:02.275 | INFO     | src.scraper.project_detail_scraper:scrape_project_detail:23 - Збір деталей проекту за адресою: https://devpost.com/software/facility-trust-desk-82b0dz
2026-06-22 23:20:04.675 | INFO     | src.scraper.project_detail_scraper:scrape_project_detail:23 - Збір деталей проекту за адресою: https://devpost.com/software/phantom-census
2026-06-22 23:20:06.824 | INFO     | src.scraper.project_detail_scraper:scrape_project_detail:23 - Збір деталей проекту за адресою: https://devpost.com/software/caregap-trust-planner
2026-06-22 23:20:08.716 | INFO     | src.scraper.project_detail_scraper:scrape_project_detail:23 - Збір деталей проекту за адресою: https://devpost.com/software/facilities-entity-resolver
2026-06-22 23:20:10.735 | INFO     | src.scraper.project_detail_scraper:scrape_project_detail:23 - Збір деталей проекту за адресою: https://devpost.com/software/care-proof
2026-06-22 23:20:12.700 | INFO     | src.scraper.project_detail_scraper:scrape_project_detail:23 - Збір деталей проекту за адресою: https://devpost.com/software/carecompass-wiknh9
2026-06-22 23:20:14.682 | INFO     | src.scraper.project_detail_scraper:scrape_project_detail:23 - Збір деталей проекту за адресою: https://devpost.com/software/raha-care-ai
2026-06-22 23:20:16.820 | INFO     | src.scraper.project_detail_scraper:scrape_project_detail:23 - Збір деталей проекту за адресою: https://devpost.com/software/solarquote-t1mvyr
2026-06-22 23:20:18.790 | INFO     | src.scraper.project_detail_scraper:scrape_project_detail:23 - Збір деталей проекту за адресою: https://devpost.com/software/care-india
2026-06-22 23:20:20.777 | INFO     | src.scraper.project_detail_scraper:scrape_project_detail:23 - Збір деталей проекту за адресою: https://devpost.com/software/data-readiness-desk
2026-06-22 23:20:23.062 | INFO     | src.scraper.project_detail_scraper:scrape_project_detail:23 - Збір деталей проекту за адресою: https://devpost.com/software/caresignal-c1o837
2026-06-22 23:20:25.380 | INFO     | src.scraper.project_detail_scraper:scrape_project_detail:23 - Збір деталей проекту за адресою: https://devpost.com/software/soda-for-good
2026-06-22 23:20:27.282 | INFO     | src.scraper.project_detail_scraper:scrape_project_detail:23 - Збір деталей проекту за адресою: https://devpost.com/software/careaccess-india
2026-06-22 23:20:29.240 | INFO     | src.scraper.project_detail_scraper:scrape_project_detail:23 - Збір деталей проекту за адресою: https://devpost.com/software/referra-hxt7up
2026-06-22 23:20:31.323 | INFO     | src.scraper.project_detail_scraper:scrape_project_detail:23 - Збір деталей проекту за адресою: https://devpost.com/software/iconic-j2p34i
2026-06-22 23:20:32.436 | INFO     | src.scraper.project_detail_scraper:scrape_project_detail:23 - Збір деталей проекту за адресою: https://devpost.com/software/aagro-sco
2026-06-22 23:20:34.288 | INFO     | src.scraper.project_detail_scraper:scrape_project_detail:23 - Збір деталей проекту за адресою: https://devpost.com/software/virtue-referral-copilot
2026-06-22 23:20:36.145 | INFO     | src.scraper.project_detail_scraper:scrape_project_detail:23 - Збір деталей проекту за адресою: https://devpost.com/software/medindia
2026-06-22 23:20:38.162 | INFO     | src.scraper.project_detail_scraper:scrape_project_detail:23 - Збір деталей проекту за адресою: https://devpost.com/software/faculty-trust-desk
2026-06-22 23:20:40.131 | INFO     | src.scraper.project_detail_scraper:scrape_project_detail:23 - Збір деталей проекту за адресою: https://devpost.com/software/indie-referral-pilot
2026-06-22 23:20:41.976 | INFO     | src.scraper.project_detail_scraper:scrape_project_detail:23 - Збір деталей проекту за адресою: https://devpost.com/software/bharosa-care
2026-06-22 23:20:43.847 | INFO     | src.scraper.project_detail_scraper:scrape_project_detail:23 - Збір деталей проекту за адресою: https://devpost.com/software/mednow-hwy518
2026-06-22 23:20:44.878 | INFO     | src.scraper.project_detail_scraper:scrape_project_detail:23 - Збір деталей проекту за адресою: https://devpost.com/software/chikitsa-5zwfv4
2026-06-22 23:20:45.992 | INFO     | src.scraper.project_detail_scraper:scrape_project_detail:23 - Збір деталей проекту за адресою: https://devpost.com/software/healthy-life-4123oq
2026-06-22 23:20:48.004 | INFO     | src.scraper.project_detail_scraper:scrape_project_detail:23 - Збір деталей проекту за адресою: https://devpost.com/software/apps-agents-for-good-hackathon
2026-06-22 23:20:49.135 | INFO     | src.scraper.project_detail_scraper:scrape_project_detail:23 - Збір деталей проекту за адресою: https://devpost.com/software/caretrust
2026-06-22 23:20:51.079 | INFO     | src.scraper.project_detail_scraper:scrape_project_detail:23 - Збір деталей проекту за адресою: https://devpost.com/software/ai-health-assistant-facility-finder
2026-06-22 23:20:53.086 | INFO     | src.scraper.project_detail_scraper:scrape_project_detail:23 - Збір деталей проекту за адресою: https://devpost.com/software/arogyasetu-ai
2026-06-22 23:20:54.205 | INFO     | src.scraper.project_detail_scraper:scrape_project_detail:23 - Збір деталей проекту за адресою: https://devpost.com/software/care-compass-go1xj3
2026-06-22 23:20:56.541 | INFO     | src.scraper.project_detail_scraper:scrape_project_detail:23 - Збір деталей проекту за адресою: https://devpost.com/software/careiq-1orxqb
2026-06-22 23:20:58.426 | INFO     | src.scraper.project_detail_scraper:scrape_project_detail:23 - Збір деталей проекту за адресою: https://devpost.com/software/every-child-needs-attention
2026-06-22 23:21:00.695 | INFO     | src.scraper.project_detail_scraper:scrape_project_detail:23 - Збір деталей проекту за адресою: https://devpost.com/software/healthgpt-care-gap-trust-planner
2026-06-22 23:21:02.776 | INFO     | src.scraper.project_detail_scraper:scrape_project_detail:23 - Збір деталей проекту за адресою: https://devpost.com/software/jeevan-rekha-lifeline-w2jryp
2026-06-22 23:21:05.068 | INFO     | src.scraper.project_detail_scraper:scrape_project_detail:23 - Збір деталей проекту за адресою: https://devpost.com/software/databricks-copilot-medical-desert-map
2026-06-22 23:21:07.586 | INFO     | src.scraper.project_detail_scraper:scrape_project_detail:23 - Збір деталей проекту за адресою: https://devpost.com/software/medical-desert-planner-nc68hl
2026-06-22 23:21:08.725 | INFO     | src.scraper.project_detail_scraper:scrape_project_detail:23 - Збір деталей проекту за адресою: https://devpost.com/software/the-pudding-agent-graph-harness-agent-on-databricks-apps
2026-06-22 23:21:10.713 | INFO     | src.scraper.project_detail_scraper:scrape_project_detail:23 - Збір деталей проекту за адресою: https://devpost.com/software/carebridge-referral-copilot
2026-06-22 23:21:12.850 | INFO     | src.scraper.project_detail_scraper:scrape_project_detail:23 - Збір деталей проекту за адресою: https://devpost.com/software/facilitieshelp-io
2026-06-22 23:21:14.931 | INFO     | src.scraper.project_detail_scraper:scrape_project_detail:23 - Збір деталей проекту за адресою: https://devpost.com/software/careroute-case-to-facility-referral-navigator
2026-06-22 23:21:17.181 | INFO     | src.scraper.project_detail_scraper:scrape_project_detail:23 - Збір деталей проекту за адресою: https://devpost.com/software/virtue-health-explorer
2026-06-22 23:21:19.176 | INFO     | src.scraper.project_detail_scraper:scrape_project_detail:23 - Збір деталей проекту за адресою: https://devpost.com/software/medical-desert-planner-4fhwxb
2026-06-22 23:21:21.053 | INFO     | src.scraper.project_detail_scraper:scrape_project_detail:23 - Збір деталей проекту за адресою: https://devpost.com/software/no-sql-no-cry
2026-06-22 23:21:22.887 | INFO     | src.scraper.project_detail_scraper:scrape_project_detail:23 - Збір деталей проекту за адресою: https://devpost.com/software/truenorth-health
2026-06-22 23:21:24.943 | INFO     | src.scraper.project_detail_scraper:scrape_project_detail:23 - Збір деталей проекту за адресою: https://devpost.com/software/databricks-hackathon-2026-team-ep
2026-06-22 23:21:27.000 | INFO     | src.scraper.project_detail_scraper:scrape_project_detail:23 - Збір деталей проекту за адресою: https://devpost.com/software/pathway-2-medical-desert-ngo-healthcare-planner
2026-06-22 23:21:29.261 | INFO     | src.scraper.project_detail_scraper:scrape_project_detail:23 - Збір деталей проекту за адресою: https://devpost.com/software/medmatch-cpxyml
2026-06-22 23:21:30.883 | INFO     | src.scraper.project_detail_scraper:scrape_project_detail:23 - Збір деталей проекту за адресою: https://devpost.com/software/trust-but-verify
2026-06-22 23:21:31.991 | INFO     | src.scraper.project_detail_scraper:scrape_project_detail:23 - Збір деталей проекту за адресою: https://devpost.com/software/medical-desert-planner-3zrxso
2026-06-22 23:21:34.135 | INFO     | src.scraper.project_detail_scraper:scrape_project_detail:23 - Збір деталей проекту за адресою: https://devpost.com/software/risk-iq
2026-06-22 23:21:35.953 | INFO     | src.scraper.project_detail_scraper:scrape_project_detail:23 - Збір деталей проекту за адресою: https://devpost.com/software/care-convoy
2026-06-22 23:21:37.885 | INFO     | src.scraper.project_detail_scraper:scrape_project_detail:23 - Збір деталей проекту за адресою: https://devpost.com/software/patient-facing-facility-finder
2026-06-22 23:21:39.819 | INFO     | src.scraper.project_detail_scraper:scrape_project_detail:23 - Збір деталей проекту за адресою: https://devpost.com/software/arogya-atlas
2026-06-22 23:21:42.009 | INFO     | src.scraper.project_detail_scraper:scrape_project_detail:23 - Збір деталей проекту за адресою: https://devpost.com/software/healthguard-data-readiness-desk
2026-06-22 23:21:44.298 | INFO     | src.scraper.project_detail_scraper:scrape_project_detail:23 - Збір деталей проекту за адресою: https://devpost.com/software/trustgrid
2026-06-22 23:21:46.072 | INFO     | src.scraper.project_detail_scraper:scrape_project_detail:23 - Збір деталей проекту за адресою: https://devpost.com/software/caregap-india
2026-06-22 23:21:47.236 | INFO     | src.scraper.project_detail_scraper:scrape_project_detail:23 - Збір деталей проекту за адресою: https://devpost.com/software/medicare-lens
2026-06-22 23:21:48.974 | INFO     | src.scraper.project_detail_scraper:scrape_project_detail:23 - Збір деталей проекту за адресою: https://devpost.com/software/facility-capability-trust
2026-06-22 23:21:51.188 | INFO     | src.scraper.project_detail_scraper:scrape_project_detail:23 - Збір деталей проекту за адресою: https://devpost.com/software/medical-desert-planner-m15hx7
2026-06-22 23:21:53.572 | INFO     | src.scraper.project_detail_scraper:scrape_project_detail:23 - Збір деталей проекту за адресою: https://devpost.com/software/mitra-9ne6ur
2026-06-22 23:21:54.868 | INFO     | src.scraper.project_detail_scraper:scrape_project_detail:23 - Збір деталей проекту за адресою: https://devpost.com/software/db-hackathon-for-good
2026-06-22 23:21:57.078 | INFO     | src.scraper.project_detail_scraper:scrape_project_detail:23 - Збір деталей проекту за адресою: https://devpost.com/software/trust-first-triage-desk
2026-06-22 23:21:59.569 | INFO     | src.scraper.project_detail_scraper:scrape_project_detail:23 - Збір деталей проекту за адресою: https://devpost.com/software/caredelta
2026-06-22 23:22:01.769 | INFO     | src.scraper.project_detail_scraper:scrape_project_detail:23 - Збір деталей проекту за адресою: https://devpost.com/software/asclepius-mdbkwl
2026-06-22 23:22:03.730 | INFO     | src.scraper.project_detail_scraper:scrape_project_detail:23 - Збір деталей проекту за адресою: https://devpost.com/software/carebricks
2026-06-22 23:22:05.813 | INFO     | src.scraper.project_detail_scraper:scrape_project_detail:23 - Збір деталей проекту за адресою: https://devpost.com/software/carepath-ai-9u8rde
2026-06-22 23:22:07.804 | INFO     | src.scraper.project_detail_scraper:scrape_project_detail:23 - Збір деталей проекту за адресою: https://devpost.com/software/facility-quality-command-center
2026-06-22 23:22:09.692 | INFO     | src.scraper.project_detail_scraper:scrape_project_detail:23 - Збір деталей проекту за адресою: https://devpost.com/software/social-medical-vulnerability-in-india
2026-06-22 23:22:10.772 | INFO     | src.scraper.project_detail_scraper:scrape_project_detail:23 - Збір деталей проекту за адресою: https://devpost.com/software/carepath-india
2026-06-22 23:22:12.692 | INFO     | src.scraper.project_detail_scraper:scrape_project_detail:23 - Збір деталей проекту за адресою: https://devpost.com/software/healthverify-india
2026-06-22 23:22:14.650 | INFO     | src.scraper.project_detail_scraper:scrape_project_detail:23 - Збір деталей проекту за адресою: https://devpost.com/software/facility-trust
2026-06-22 23:22:15.690 | INFO     | src.scraper.project_detail_scraper:scrape_project_detail:23 - Збір деталей проекту за адресою: https://devpost.com/software/healthcare-readiness-desk
2026-06-22 23:22:16.741 | INFO     | src.scraper.project_detail_scraper:scrape_project_detail:23 - Збір деталей проекту за адресою: https://devpost.com/software/hackathon-0qy8ra
2026-06-22 23:22:18.526 | INFO     | src.scraper.project_detail_scraper:scrape_project_detail:23 - Збір деталей проекту за адресою: https://devpost.com/software/c3-uob5hw
2026-06-22 23:22:20.533 | INFO     | src.scraper.project_detail_scraper:scrape_project_detail:23 - Збір деталей проекту за адресою: https://devpost.com/software/dais-2026-data-readiness-desk
2026-06-22 23:22:22.469 | INFO     | src.scraper.project_detail_scraper:scrape_project_detail:23 - Збір деталей проекту за адресою: https://devpost.com/software/data-trust-desk
2026-06-22 23:22:23.742 | INFO     | src.scraper.project_detail_scraper:scrape_project_detail:23 - Збір деталей проекту за адресою: https://devpost.com/software/carereach-1e35sk
2026-06-22 23:22:26.222 | INFO     | src.scraper.project_detail_scraper:scrape_project_detail:23 - Збір деталей проекту за адресою: https://devpost.com/software/oasis-2qltdx
2026-06-22 23:22:28.210 | INFO     | src.scraper.project_detail_scraper:scrape_project_detail:23 - Збір деталей проекту за адресою: https://devpost.com/software/lumen-healthcare-planner
2026-06-22 23:22:30.294 | INFO     | src.scraper.project_detail_scraper:scrape_project_detail:23 - Збір деталей проекту за адресою: https://devpost.com/software/india-health-gap-planner
2026-06-22 23:22:31.428 | INFO     | src.scraper.project_detail_scraper:scrape_project_detail:23 - Збір деталей проекту за адресою: https://devpost.com/software/caremap-bvqo74
2026-06-22 23:22:34.125 | INFO     | src.scraper.project_detail_scraper:scrape_project_detail:23 - Збір деталей проекту за адресою: https://devpost.com/software/carepliot
2026-06-22 23:22:36.415 | INFO     | src.scraper.project_detail_scraper:scrape_project_detail:23 - Збір деталей проекту за адресою: https://devpost.com/software/healthbricks
2026-06-22 23:22:38.283 | INFO     | src.scraper.project_detail_scraper:scrape_project_detail:23 - Збір деталей проекту за адресою: https://devpost.com/software/trustroute-ai-s2aep7
2026-06-22 23:22:40.811 | INFO     | src.scraper.project_detail_scraper:scrape_project_detail:23 - Збір деталей проекту за адресою: https://devpost.com/software/gift-gauge-governance-integrity-facility-trust-gauge
2026-06-22 23:22:43.169 | INFO     | src.scraper.project_detail_scraper:scrape_project_detail:23 - Збір деталей проекту за адресою: https://devpost.com/software/virtue-foundation-facility-trust-desk
2026-06-22 23:22:44.258 | INFO     | src.scraper.project_detail_scraper:scrape_project_detail:23 - Збір деталей проекту за адресою: https://devpost.com/software/suvidha-seamless-healthcare-referral-routing
2026-06-22 23:22:46.372 | INFO     | src.scraper.project_detail_scraper:scrape_project_detail:23 - Збір деталей проекту за адресою: https://devpost.com/software/what-do-i-need
2026-06-22 23:22:48.418 | INFO     | __main__:run_full_ingestion:115 - Успішно імпортовано хакатон: Databricks Apps & Agents for Good Hackathon 2026 (122 проектів).
2026-06-22 23:22:50.731 | INFO     | __main__:run_full_ingestion:130 - Процедуру повної оркестрації збору завершено.
Базу даних DuckDB успішно ініціалізовано.
