2026-06-26 07:55:54.646 | INFO     | __main__:run_restore:19 - Початок швидкого відновлення посилань для 120 хакатонів...
2026-06-26 07:55:54.646 | INFO     | __main__:run_restore:24 - [1/120] Сканування галереї хакатону: HACKFEST'26...
2026-06-26 07:55:54.646 | INFO     | src.scraper.projects_scraper:fetch_hackathon_projects:31 - Запуск збору проектів для субдомену: hackfest-26
2026-06-26 07:55:54.647 | INFO     | src.scraper.projects_scraper:fetch_hackathon_projects:35 - Збір проектів, сторінка 1...
2026-06-26 07:55:56.204 | INFO     | src.scraper.projects_scraper:fetch_hackathon_projects:107 - Сторінка 1: успішно зчитано 24 проектів.
2026-06-26 07:55:58.205 | INFO     | src.scraper.projects_scraper:fetch_hackathon_projects:35 - Збір проектів, сторінка 2...
2026-06-26 07:55:59.567 | INFO     | src.scraper.projects_scraper:fetch_hackathon_projects:107 - Сторінка 2: успішно зчитано 24 проектів.
2026-06-26 07:56:01.567 | INFO     | src.scraper.projects_scraper:fetch_hackathon_projects:35 - Збір проектів, сторінка 3...
2026-06-26 07:56:02.472 | INFO     | src.scraper.projects_scraper:fetch_hackathon_projects:107 - Сторінка 3: успішно зчитано 7 проектів.
2026-06-26 07:56:04.472 | INFO     | src.scraper.projects_scraper:fetch_hackathon_projects:35 - Збір проектів, сторінка 4...
2026-06-26 07:56:05.186 | INFO     | src.scraper.projects_scraper:fetch_hackathon_projects:52 - На сторінці 4 більше немає карток проектів. Завершуємо збір.
2026-06-26 07:56:06.095 | INFO     | __main__:run_restore:47 -   [ОК] Відновлено посилання для хакатону: HACKFEST'26
2026-06-26 07:56:07.096 | INFO     | __main__:run_restore:24 - [2/120] Сканування галереї хакатону: Cyber_Coders...
2026-06-26 07:56:07.096 | INFO     | src.scraper.projects_scraper:fetch_hackathon_projects:31 - Запуск збору проектів для субдомену: cybercoders2026
2026-06-26 07:56:07.097 | INFO     | src.scraper.projects_scraper:fetch_hackathon_projects:35 - Збір проектів, сторінка 1...
2026-06-26 07:56:08.410 | INFO     | src.scraper.projects_scraper:fetch_hackathon_projects:107 - Сторінка 1: успішно зчитано 24 проектів.
2026-06-26 07:56:10.410 | INFO     | src.scraper.projects_scraper:fetch_hackathon_projects:35 - Збір проектів, сторінка 2...
2026-06-26 07:56:11.596 | INFO     | src.scraper.projects_scraper:fetch_hackathon_projects:107 - Сторінка 2: успішно зчитано 23 проектів.
2026-06-26 07:56:13.597 | INFO     | src.scraper.projects_scraper:fetch_hackathon_projects:35 - Збір проектів, сторінка 3...
2026-06-26 07:56:14.372 | INFO     | src.scraper.projects_scraper:fetch_hackathon_projects:107 - Сторінка 3: успішно зчитано 1 проектів.
2026-06-26 07:56:16.373 | INFO     | src.scraper.projects_scraper:fetch_hackathon_projects:35 - Збір проектів, сторінка 4...
2026-06-26 07:56:17.144 | INFO     | src.scraper.projects_scraper:fetch_hackathon_projects:52 - На сторінці 4 більше немає карток проектів. Завершуємо збір.
2026-06-26 07:56:17.272 | INFO     | __main__:run_restore:47 -   [ОК] Відновлено посилання для хакатону: Cyber_Coders
2026-06-26 07:56:18.272 | INFO     | __main__:run_restore:24 - [3/120] Сканування галереї хакатону: IntelliShift Hackathon...
2026-06-26 07:56:18.273 | INFO     | src.scraper.projects_scraper:fetch_hackathon_projects:31 - Запуск збору проектів для субдомену: intellishift-hackathon
2026-06-26 07:56:18.273 | INFO     | src.scraper.projects_scraper:fetch_hackathon_projects:35 - Збір проектів, сторінка 1...
2026-06-26 07:56:19.054 | INFO     | src.scraper.projects_scraper:fetch_hackathon_projects:52 - На сторінці 1 більше немає карток проектів. Завершуємо збір.
2026-06-26 07:56:19.056 | INFO     | __main__:run_restore:47 -   [ОК] Відновлено посилання для хакатону: IntelliShift Hackathon
2026-06-26 07:56:20.056 | INFO     | __main__:run_restore:24 - [4/120] Сканування галереї хакатону: Alpha Club...
2026-06-26 07:56:20.057 | INFO     | src.scraper.projects_scraper:fetch_hackathon_projects:31 - Запуск збору проектів для субдомену: alpha-club
2026-06-26 07:56:20.058 | INFO     | src.scraper.projects_scraper:fetch_hackathon_projects:35 - Збір проектів, сторінка 1...
2026-06-26 07:56:20.855 | INFO     | src.scraper.projects_scraper:fetch_hackathon_projects:52 - На сторінці 1 більше немає карток проектів. Завершуємо збір.
2026-06-26 07:56:20.857 | INFO     | __main__:run_restore:47 -   [ОК] Відновлено посилання для хакатону: Alpha Club
2026-06-26 07:56:21.858 | INFO     | __main__:run_restore:24 - [5/120] Сканування галереї хакатону: Google Cloud Rapid Agent Hackathon...
2026-06-26 07:56:21.858 | INFO     | src.scraper.projects_scraper:fetch_hackathon_projects:31 - Запуск збору проектів для субдомену: rapid-agent
2026-06-26 07:56:21.859 | INFO     | src.scraper.projects_scraper:fetch_hackathon_projects:35 - Збір проектів, сторінка 1...
2026-06-26 07:56:22.685 | INFO     | src.scraper.projects_scraper:fetch_hackathon_projects:52 - На сторінці 1 більше немає карток проектів. Завершуємо збір.
2026-06-26 07:56:22.690 | INFO     | __main__:run_restore:47 -   [ОК] Відновлено посилання для хакатону: Google Cloud Rapid Agent Hackathon
2026-06-26 07:56:23.691 | INFO     | __main__:run_restore:24 - [6/120] Сканування галереї хакатону: USAII® Global AI Hackathon 2026...
2026-06-26 07:56:23.691 | INFO     | src.scraper.projects_scraper:fetch_hackathon_projects:31 - Запуск збору проектів для субдомену: usaii-global-ai-hackathon-2026
2026-06-26 07:56:23.692 | INFO     | src.scraper.projects_scraper:fetch_hackathon_projects:35 - Збір проектів, сторінка 1...
2026-06-26 07:56:25.038 | INFO     | src.scraper.projects_scraper:fetch_hackathon_projects:107 - Сторінка 1: успішно зчитано 24 проектів.
2026-06-26 07:56:27.039 | INFO     | src.scraper.projects_scraper:fetch_hackathon_projects:35 - Збір проектів, сторінка 2...
2026-06-26 07:56:28.495 | INFO     | src.scraper.projects_scraper:fetch_hackathon_projects:107 - Сторінка 2: успішно зчитано 24 проектів.
2026-06-26 07:56:30.498 | INFO     | src.scraper.projects_scraper:fetch_hackathon_projects:35 - Збір проектів, сторінка 3...
2026-06-26 07:56:31.844 | INFO     | src.scraper.projects_scraper:fetch_hackathon_projects:107 - Сторінка 3: успішно зчитано 24 проектів.
2026-06-26 07:56:33.845 | INFO     | src.scraper.projects_scraper:fetch_hackathon_projects:35 - Збір проектів, сторінка 4...
2026-06-26 07:56:34.971 | INFO     | src.scraper.projects_scraper:fetch_hackathon_projects:107 - Сторінка 4: успішно зчитано 24 проектів.
2026-06-26 07:56:36.974 | INFO     | src.scraper.projects_scraper:fetch_hackathon_projects:35 - Збір проектів, сторінка 5...
2026-06-26 07:56:38.271 | INFO     | src.scraper.projects_scraper:fetch_hackathon_projects:107 - Сторінка 5: успішно зчитано 24 проектів.
2026-06-26 07:56:40.271 | INFO     | src.scraper.projects_scraper:fetch_hackathon_projects:35 - Збір проектів, сторінка 6...
2026-06-26 07:56:41.473 | INFO     | src.scraper.projects_scraper:fetch_hackathon_projects:107 - Сторінка 6: успішно зчитано 24 проектів.
2026-06-26 07:56:43.474 | INFO     | src.scraper.projects_scraper:fetch_hackathon_projects:35 - Збір проектів, сторінка 7...
2026-06-26 07:56:44.760 | INFO     | src.scraper.projects_scraper:fetch_hackathon_projects:107 - Сторінка 7: успішно зчитано 24 проектів.
2026-06-26 07:56:46.761 | INFO     | src.scraper.projects_scraper:fetch_hackathon_projects:35 - Збір проектів, сторінка 8...
2026-06-26 07:56:47.922 | INFO     | src.scraper.projects_scraper:fetch_hackathon_projects:107 - Сторінка 8: успішно зчитано 24 проектів.
2026-06-26 07:56:49.926 | INFO     | src.scraper.projects_scraper:fetch_hackathon_projects:35 - Збір проектів, сторінка 9...
2026-06-26 07:56:51.596 | INFO     | src.scraper.projects_scraper:fetch_hackathon_projects:107 - Сторінка 9: успішно зчитано 24 проектів.
2026-06-26 07:56:53.597 | INFO     | src.scraper.projects_scraper:fetch_hackathon_projects:35 - Збір проектів, сторінка 10...
2026-06-26 07:56:55.082 | INFO     | src.scraper.projects_scraper:fetch_hackathon_projects:107 - Сторінка 10: успішно зчитано 24 проектів.
2026-06-26 07:56:57.084 | INFO     | src.scraper.projects_scraper:fetch_hackathon_projects:35 - Збір проектів, сторінка 11...
2026-06-26 07:56:58.422 | INFO     | src.scraper.projects_scraper:fetch_hackathon_projects:107 - Сторінка 11: успішно зчитано 24 проектів.
2026-06-26 07:57:00.423 | INFO     | src.scraper.projects_scraper:fetch_hackathon_projects:35 - Збір проектів, сторінка 12...
2026-06-26 07:57:01.712 | INFO     | src.scraper.projects_scraper:fetch_hackathon_projects:107 - Сторінка 12: успішно зчитано 24 проектів.
2026-06-26 07:57:03.712 | INFO     | src.scraper.projects_scraper:fetch_hackathon_projects:35 - Збір проектів, сторінка 13...
2026-06-26 07:57:04.941 | INFO     | src.scraper.projects_scraper:fetch_hackathon_projects:107 - Сторінка 13: успішно зчитано 24 проектів.
2026-06-26 07:57:06.942 | INFO     | src.scraper.projects_scraper:fetch_hackathon_projects:35 - Збір проектів, сторінка 14...
2026-06-26 07:57:08.276 | INFO     | src.scraper.projects_scraper:fetch_hackathon_projects:107 - Сторінка 14: успішно зчитано 24 проектів.
2026-06-26 07:57:10.277 | INFO     | src.scraper.projects_scraper:fetch_hackathon_projects:35 - Збір проектів, сторінка 15...
2026-06-26 07:57:11.550 | INFO     | src.scraper.projects_scraper:fetch_hackathon_projects:107 - Сторінка 15: успішно зчитано 24 проектів.
2026-06-26 07:57:13.554 | INFO     | src.scraper.projects_scraper:fetch_hackathon_projects:35 - Збір проектів, сторінка 16...
2026-06-26 07:57:14.937 | INFO     | src.scraper.projects_scraper:fetch_hackathon_projects:107 - Сторінка 16: успішно зчитано 24 проектів.
2026-06-26 07:57:16.939 | INFO     | src.scraper.projects_scraper:fetch_hackathon_projects:35 - Збір проектів, сторінка 17...
2026-06-26 07:57:18.144 | INFO     | src.scraper.projects_scraper:fetch_hackathon_projects:107 - Сторінка 17: успішно зчитано 24 проектів.
2026-06-26 07:57:20.148 | INFO     | src.scraper.projects_scraper:fetch_hackathon_projects:35 - Збір проектів, сторінка 18...
2026-06-26 07:57:21.479 | INFO     | src.scraper.projects_scraper:fetch_hackathon_projects:107 - Сторінка 18: успішно зчитано 24 проектів.
2026-06-26 07:57:23.483 | INFO     | src.scraper.projects_scraper:fetch_hackathon_projects:35 - Збір проектів, сторінка 19...
2026-06-26 07:57:24.751 | INFO     | src.scraper.projects_scraper:fetch_hackathon_projects:107 - Сторінка 19: успішно зчитано 24 проектів.
2026-06-26 07:57:26.752 | INFO     | src.scraper.projects_scraper:fetch_hackathon_projects:35 - Збір проектів, сторінка 20...
2026-06-26 07:57:28.160 | INFO     | src.scraper.projects_scraper:fetch_hackathon_projects:107 - Сторінка 20: успішно зчитано 24 проектів.
2026-06-26 07:57:30.161 | INFO     | src.scraper.projects_scraper:fetch_hackathon_projects:35 - Збір проектів, сторінка 21...
2026-06-26 07:57:31.404 | INFO     | src.scraper.projects_scraper:fetch_hackathon_projects:107 - Сторінка 21: успішно зчитано 24 проектів.
2026-06-26 07:57:34.646 | INFO     | __main__:run_restore:47 -   [ОК] Відновлено посилання для хакатону: USAII® Global AI Hackathon 2026
2026-06-26 07:57:35.647 | INFO     | __main__:run_restore:24 - [7/120] Сканування галереї хакатону: FIND EVIL!...
2026-06-26 07:57:35.647 | INFO     | src.scraper.projects_scraper:fetch_hackathon_projects:31 - Запуск збору проектів для субдомену: findevil
2026-06-26 07:57:35.647 | INFO     | src.scraper.projects_scraper:fetch_hackathon_projects:35 - Збір проектів, сторінка 1...
2026-06-26 07:57:36.831 | INFO     | src.scraper.projects_scraper:fetch_hackathon_projects:107 - Сторінка 1: успішно зчитано 24 проектів.
2026-06-26 07:57:38.831 | INFO     | src.scraper.projects_scraper:fetch_hackathon_projects:35 - Збір проектів, сторінка 2...
2026-06-26 07:57:40.079 | INFO     | src.scraper.projects_scraper:fetch_hackathon_projects:107 - Сторінка 2: успішно зчитано 24 проектів.
2026-06-26 07:57:42.080 | INFO     | src.scraper.projects_scraper:fetch_hackathon_projects:35 - Збір проектів, сторінка 3...
2026-06-26 07:57:43.256 | INFO     | src.scraper.projects_scraper:fetch_hackathon_projects:107 - Сторінка 3: успішно зчитано 24 проектів.
2026-06-26 07:57:45.256 | INFO     | src.scraper.projects_scraper:fetch_hackathon_projects:35 - Збір проектів, сторінка 4...
2026-06-26 07:57:46.404 | INFO     | src.scraper.projects_scraper:fetch_hackathon_projects:107 - Сторінка 4: успішно зчитано 24 проектів.
2026-06-26 07:57:48.404 | INFO     | src.scraper.projects_scraper:fetch_hackathon_projects:35 - Збір проектів, сторінка 5...
2026-06-26 07:57:49.560 | INFO     | src.scraper.projects_scraper:fetch_hackathon_projects:107 - Сторінка 5: успішно зчитано 24 проектів.
2026-06-26 07:57:51.560 | INFO     | src.scraper.projects_scraper:fetch_hackathon_projects:35 - Збір проектів, сторінка 6...
2026-06-26 07:57:52.739 | INFO     | src.scraper.projects_scraper:fetch_hackathon_projects:107 - Сторінка 6: успішно зчитано 24 проектів.
2026-06-26 07:57:54.740 | INFO     | src.scraper.projects_scraper:fetch_hackathon_projects:35 - Збір проектів, сторінка 7...
2026-06-26 07:57:56.005 | INFO     | src.scraper.projects_scraper:fetch_hackathon_projects:107 - Сторінка 7: успішно зчитано 24 проектів.
2026-06-26 07:57:58.006 | INFO     | src.scraper.projects_scraper:fetch_hackathon_projects:35 - Збір проектів, сторінка 8...
2026-06-26 07:57:59.291 | INFO     | src.scraper.projects_scraper:fetch_hackathon_projects:107 - Сторінка 8: успішно зчитано 24 проектів.
2026-06-26 07:58:01.294 | INFO     | src.scraper.projects_scraper:fetch_hackathon_projects:35 - Збір проектів, сторінка 9...
2026-06-26 07:58:02.601 | INFO     | src.scraper.projects_scraper:fetch_hackathon_projects:107 - Сторінка 9: успішно зчитано 24 проектів.
2026-06-26 07:58:04.601 | INFO     | src.scraper.projects_scraper:fetch_hackathon_projects:35 - Збір проектів, сторінка 10...
2026-06-26 07:58:05.651 | INFO     | src.scraper.projects_scraper:fetch_hackathon_projects:107 - Сторінка 10: успішно зчитано 13 проектів.
2026-06-26 07:58:07.652 | INFO     | src.scraper.projects_scraper:fetch_hackathon_projects:35 - Збір проектів, сторінка 11...
2026-06-26 07:58:08.362 | INFO     | src.scraper.projects_scraper:fetch_hackathon_projects:52 - На сторінці 11 більше немає карток проектів. Завершуємо збір.
2026-06-26 07:58:08.902 | INFO     | __main__:run_restore:47 -   [ОК] Відновлено посилання для хакатону: FIND EVIL!
2026-06-26 07:58:09.902 | INFO     | __main__:run_restore:24 - [8/120] Сканування галереї хакатону: Splunk Agentic Ops Hackathon...
2026-06-26 07:58:09.903 | INFO     | src.scraper.projects_scraper:fetch_hackathon_projects:31 - Запуск збору проектів для субдомену: splunk
2026-06-26 07:58:09.903 | INFO     | src.scraper.projects_scraper:fetch_hackathon_projects:35 - Збір проектів, сторінка 1...
2026-06-26 07:58:10.671 | INFO     | src.scraper.projects_scraper:fetch_hackathon_projects:52 - На сторінці 1 більше немає карток проектів. Завершуємо збір.
2026-06-26 07:58:10.672 | INFO     | __main__:run_restore:47 -   [ОК] Відновлено посилання для хакатону: Splunk Agentic Ops Hackathon
2026-06-26 07:58:11.673 | INFO     | __main__:run_restore:24 - [9/120] Сканування галереї хакатону: Mind the Product presents World Product Day: Everyone Ships Now...
2026-06-26 07:58:11.673 | INFO     | src.scraper.projects_scraper:fetch_hackathon_projects:31 - Запуск збору проектів для субдомену: mindtheproduct
2026-06-26 07:58:11.674 | INFO     | src.scraper.projects_scraper:fetch_hackathon_projects:35 - Збір проектів, сторінка 1...
2026-06-26 07:58:12.883 | INFO     | src.scraper.projects_scraper:fetch_hackathon_projects:107 - Сторінка 1: успішно зчитано 24 проектів.
2026-06-26 07:58:14.884 | INFO     | src.scraper.projects_scraper:fetch_hackathon_projects:35 - Збір проектів, сторінка 2...
2026-06-26 07:58:16.227 | INFO     | src.scraper.projects_scraper:fetch_hackathon_projects:107 - Сторінка 2: успішно зчитано 24 проектів.
2026-06-26 07:58:18.229 | INFO     | src.scraper.projects_scraper:fetch_hackathon_projects:35 - Збір проектів, сторінка 3...
2026-06-26 07:58:19.575 | INFO     | src.scraper.projects_scraper:fetch_hackathon_projects:107 - Сторінка 3: успішно зчитано 24 проектів.
2026-06-26 07:58:21.576 | INFO     | src.scraper.projects_scraper:fetch_hackathon_projects:35 - Збір проектів, сторінка 4...
2026-06-26 07:58:22.848 | INFO     | src.scraper.projects_scraper:fetch_hackathon_projects:107 - Сторінка 4: успішно зчитано 24 проектів.
2026-06-26 07:58:24.849 | INFO     | src.scraper.projects_scraper:fetch_hackathon_projects:35 - Збір проектів, сторінка 5...
2026-06-26 07:58:26.039 | INFO     | src.scraper.projects_scraper:fetch_hackathon_projects:107 - Сторінка 5: успішно зчитано 24 проектів.
2026-06-26 07:58:28.040 | INFO     | src.scraper.projects_scraper:fetch_hackathon_projects:35 - Збір проектів, сторінка 6...
2026-06-26 07:58:29.179 | INFO     | src.scraper.projects_scraper:fetch_hackathon_projects:107 - Сторінка 6: успішно зчитано 24 проектів.
2026-06-26 07:58:31.179 | INFO     | src.scraper.projects_scraper:fetch_hackathon_projects:35 - Збір проектів, сторінка 7...
2026-06-26 07:58:32.479 | INFO     | src.scraper.projects_scraper:fetch_hackathon_projects:107 - Сторінка 7: успішно зчитано 24 проектів.
2026-06-26 07:58:34.480 | INFO     | src.scraper.projects_scraper:fetch_hackathon_projects:35 - Збір проектів, сторінка 8...
2026-06-26 07:58:35.710 | INFO     | src.scraper.projects_scraper:fetch_hackathon_projects:107 - Сторінка 8: успішно зчитано 24 проектів.
2026-06-26 07:58:37.713 | INFO     | src.scraper.projects_scraper:fetch_hackathon_projects:35 - Збір проектів, сторінка 9...
2026-06-26 07:58:38.873 | INFO     | src.scraper.projects_scraper:fetch_hackathon_projects:107 - Сторінка 9: успішно зчитано 24 проектів.
2026-06-26 07:58:40.874 | INFO     | src.scraper.projects_scraper:fetch_hackathon_projects:35 - Збір проектів, сторінка 10...
2026-06-26 07:58:42.015 | INFO     | src.scraper.projects_scraper:fetch_hackathon_projects:107 - Сторінка 10: успішно зчитано 24 проектів.
2026-06-26 07:58:44.016 | INFO     | src.scraper.projects_scraper:fetch_hackathon_projects:35 - Збір проектів, сторінка 11...
2026-06-26 07:58:45.233 | INFO     | src.scraper.projects_scraper:fetch_hackathon_projects:107 - Сторінка 11: успішно зчитано 24 проектів.
2026-06-26 07:58:47.234 | INFO     | src.scraper.projects_scraper:fetch_hackathon_projects:35 - Збір проектів, сторінка 12...
2026-06-26 07:58:48.397 | INFO     | src.scraper.projects_scraper:fetch_hackathon_projects:107 - Сторінка 12: успішно зчитано 24 проектів.
2026-06-26 07:58:50.399 | INFO     | src.scraper.projects_scraper:fetch_hackathon_projects:35 - Збір проектів, сторінка 13...
2026-06-26 07:58:51.298 | INFO     | src.scraper.projects_scraper:fetch_hackathon_projects:107 - Сторінка 13: успішно зчитано 6 проектів.
2026-06-26 07:58:53.298 | INFO     | src.scraper.projects_scraper:fetch_hackathon_projects:35 - Збір проектів, сторінка 14...
2026-06-26 07:58:54.000 | INFO     | src.scraper.projects_scraper:fetch_hackathon_projects:52 - На сторінці 14 більше немає карток проектів. Завершуємо збір.
2026-06-26 07:58:54.599 | INFO     | __main__:run_restore:47 -   [ОК] Відновлено посилання для хакатону: Mind the Product presents World Product Day: Everyone Ships Now
2026-06-26 07:58:55.600 | INFO     | __main__:run_restore:24 - [10/120] Сканування галереї хакатону: NextGenHacks...
2026-06-26 07:58:55.601 | INFO     | src.scraper.projects_scraper:fetch_hackathon_projects:31 - Запуск збору проектів для субдомену: nextgenhacks
2026-06-26 07:58:55.601 | INFO     | src.scraper.projects_scraper:fetch_hackathon_projects:35 - Збір проектів, сторінка 1...
2026-06-26 07:58:56.970 | INFO     | src.scraper.projects_scraper:fetch_hackathon_projects:107 - Сторінка 1: успішно зчитано 24 проектів.
2026-06-26 07:58:58.971 | INFO     | src.scraper.projects_scraper:fetch_hackathon_projects:35 - Збір проектів, сторінка 2...
2026-06-26 07:59:00.117 | INFO     | src.scraper.projects_scraper:fetch_hackathon_projects:107 - Сторінка 2: успішно зчитано 24 проектів.
2026-06-26 07:59:02.117 | INFO     | src.scraper.projects_scraper:fetch_hackathon_projects:35 - Збір проектів, сторінка 3...
2026-06-26 07:59:03.456 | INFO     | src.scraper.projects_scraper:fetch_hackathon_projects:107 - Сторінка 3: успішно зчитано 24 проектів.
2026-06-26 07:59:05.456 | INFO     | src.scraper.projects_scraper:fetch_hackathon_projects:35 - Збір проектів, сторінка 4...
2026-06-26 07:59:06.611 | INFO     | src.scraper.projects_scraper:fetch_hackathon_projects:107 - Сторінка 4: успішно зчитано 24 проектів.
2026-06-26 07:59:08.611 | INFO     | src.scraper.projects_scraper:fetch_hackathon_projects:35 - Збір проектів, сторінка 5...
2026-06-26 07:59:10.016 | INFO     | src.scraper.projects_scraper:fetch_hackathon_projects:107 - Сторінка 5: успішно зчитано 24 проектів.
2026-06-26 07:59:12.018 | INFO     | src.scraper.projects_scraper:fetch_hackathon_projects:35 - Збір проектів, сторінка 6...
2026-06-26 07:59:13.259 | INFO     | src.scraper.projects_scraper:fetch_hackathon_projects:107 - Сторінка 6: успішно зчитано 24 проектів.
2026-06-26 07:59:15.259 | INFO     | src.scraper.projects_scraper:fetch_hackathon_projects:35 - Збір проектів, сторінка 7...
2026-06-26 07:59:16.512 | INFO     | src.scraper.projects_scraper:fetch_hackathon_projects:107 - Сторінка 7: успішно зчитано 24 проектів.
2026-06-26 07:59:18.514 | INFO     | src.scraper.projects_scraper:fetch_hackathon_projects:35 - Збір проектів, сторінка 8...
2026-06-26 07:59:19.793 | INFO     | src.scraper.projects_scraper:fetch_hackathon_projects:107 - Сторінка 8: успішно зчитано 24 проектів.
2026-06-26 07:59:21.794 | INFO     | src.scraper.projects_scraper:fetch_hackathon_projects:35 - Збір проектів, сторінка 9...
2026-06-26 07:59:22.978 | INFO     | src.scraper.projects_scraper:fetch_hackathon_projects:107 - Сторінка 9: успішно зчитано 24 проектів.
2026-06-26 07:59:24.982 | INFO     | src.scraper.projects_scraper:fetch_hackathon_projects:35 - Збір проектів, сторінка 10...
2026-06-26 07:59:26.098 | INFO     | src.scraper.projects_scraper:fetch_hackathon_projects:107 - Сторінка 10: успішно зчитано 23 проектів.
2026-06-26 07:59:28.099 | INFO     | src.scraper.projects_scraper:fetch_hackathon_projects:35 - Збір проектів, сторінка 11...
2026-06-26 07:59:29.269 | INFO     | src.scraper.projects_scraper:fetch_hackathon_projects:107 - Сторінка 11: успішно зчитано 24 проектів.
2026-06-26 07:59:31.272 | INFO     | src.scraper.projects_scraper:fetch_hackathon_projects:35 - Збір проектів, сторінка 12...
2026-06-26 07:59:32.483 | INFO     | src.scraper.projects_scraper:fetch_hackathon_projects:107 - Сторінка 12: успішно зчитано 23 проектів.
2026-06-26 07:59:34.484 | INFO     | src.scraper.projects_scraper:fetch_hackathon_projects:35 - Збір проектів, сторінка 13...
2026-06-26 07:59:35.613 | INFO     | src.scraper.projects_scraper:fetch_hackathon_projects:107 - Сторінка 13: успішно зчитано 24 проектів.
2026-06-26 07:59:37.614 | INFO     | src.scraper.projects_scraper:fetch_hackathon_projects:35 - Збір проектів, сторінка 14...
2026-06-26 07:59:38.802 | INFO     | src.scraper.projects_scraper:fetch_hackathon_projects:107 - Сторінка 14: успішно зчитано 24 проектів.
2026-06-26 07:59:40.802 | INFO     | src.scraper.projects_scraper:fetch_hackathon_projects:35 - Збір проектів, сторінка 15...
2026-06-26 07:59:41.978 | INFO     | src.scraper.projects_scraper:fetch_hackathon_projects:107 - Сторінка 15: успішно зчитано 24 проектів.
2026-06-26 07:59:43.979 | INFO     | src.scraper.projects_scraper:fetch_hackathon_projects:35 - Збір проектів, сторінка 16...
2026-06-26 07:59:45.175 | INFO     | src.scraper.projects_scraper:fetch_hackathon_projects:107 - Сторінка 16: успішно зчитано 24 проектів.
2026-06-26 07:59:47.176 | INFO     | src.scraper.projects_scraper:fetch_hackathon_projects:35 - Збір проектів, сторінка 17...
2026-06-26 07:59:48.340 | INFO     | src.scraper.projects_scraper:fetch_hackathon_projects:107 - Сторінка 17: успішно зчитано 24 проектів.
2026-06-26 07:59:50.341 | INFO     | src.scraper.projects_scraper:fetch_hackathon_projects:35 - Збір проектів, сторінка 18...
2026-06-26 07:59:51.475 | INFO     | src.scraper.projects_scraper:fetch_hackathon_projects:107 - Сторінка 18: успішно зчитано 24 проектів.
2026-06-26 07:59:53.476 | INFO     | src.scraper.projects_scraper:fetch_hackathon_projects:35 - Збір проектів, сторінка 19...
2026-06-26 07:59:54.743 | INFO     | src.scraper.projects_scraper:fetch_hackathon_projects:107 - Сторінка 19: успішно зчитано 24 проектів.
2026-06-26 07:59:56.744 | INFO     | src.scraper.projects_scraper:fetch_hackathon_projects:35 - Збір проектів, сторінка 20...
2026-06-26 07:59:57.992 | INFO     | src.scraper.projects_scraper:fetch_hackathon_projects:107 - Сторінка 20: успішно зчитано 24 проектів.
2026-06-26 07:59:59.992 | INFO     | src.scraper.projects_scraper:fetch_hackathon_projects:35 - Збір проектів, сторінка 21...
2026-06-26 08:00:00.907 | INFO     | src.scraper.projects_scraper:fetch_hackathon_projects:107 - Сторінка 21: успішно зчитано 9 проектів.
2026-06-26 08:00:02.908 | INFO     | src.scraper.projects_scraper:fetch_hackathon_projects:35 - Збір проектів, сторінка 22...
2026-06-26 08:00:03.662 | INFO     | src.scraper.projects_scraper:fetch_hackathon_projects:52 - На сторінці 22 більше немає карток проектів. Завершуємо збір.
2026-06-26 08:00:05.117 | INFO     | __main__:run_restore:47 -   [ОК] Відновлено посилання для хакатону: NextGenHacks
2026-06-26 08:00:06.118 | INFO     | __main__:run_restore:24 - [11/120] Сканування галереї хакатону: DSH Hacks V1...
2026-06-26 08:00:06.118 | INFO     | src.scraper.projects_scraper:fetch_hackathon_projects:31 - Запуск збору проектів для субдомену: dsh-hacks-v1
2026-06-26 08:00:06.119 | INFO     | src.scraper.projects_scraper:fetch_hackathon_projects:35 - Збір проектів, сторінка 1...
2026-06-26 08:00:07.576 | INFO     | src.scraper.projects_scraper:fetch_hackathon_projects:107 - Сторінка 1: успішно зчитано 24 проектів.
2026-06-26 08:00:09.576 | INFO     | src.scraper.projects_scraper:fetch_hackathon_projects:35 - Збір проектів, сторінка 2...
2026-06-26 08:00:11.005 | INFO     | src.scraper.projects_scraper:fetch_hackathon_projects:107 - Сторінка 2: успішно зчитано 24 проектів.
2026-06-26 08:00:13.006 | INFO     | src.scraper.projects_scraper:fetch_hackathon_projects:35 - Збір проектів, сторінка 3...
2026-06-26 08:00:14.229 | INFO     | src.scraper.projects_scraper:fetch_hackathon_projects:107 - Сторінка 3: успішно зчитано 24 проектів.
2026-06-26 08:00:16.234 | INFO     | src.scraper.projects_scraper:fetch_hackathon_projects:35 - Збір проектів, сторінка 4...
2026-06-26 08:00:17.529 | INFO     | src.scraper.projects_scraper:fetch_hackathon_projects:107 - Сторінка 4: успішно зчитано 24 проектів.
2026-06-26 08:00:19.530 | INFO     | src.scraper.projects_scraper:fetch_hackathon_projects:35 - Збір проектів, сторінка 5...
2026-06-26 08:00:20.773 | INFO     | src.scraper.projects_scraper:fetch_hackathon_projects:107 - Сторінка 5: успішно зчитано 24 проектів.
2026-06-26 08:00:22.773 | INFO     | src.scraper.projects_scraper:fetch_hackathon_projects:35 - Збір проектів, сторінка 6...
2026-06-26 08:00:23.892 | INFO     | src.scraper.projects_scraper:fetch_hackathon_projects:107 - Сторінка 6: успішно зчитано 24 проектів.
2026-06-26 08:00:25.893 | INFO     | src.scraper.projects_scraper:fetch_hackathon_projects:35 - Збір проектів, сторінка 7...
2026-06-26 08:00:27.051 | INFO     | src.scraper.projects_scraper:fetch_hackathon_projects:107 - Сторінка 7: успішно зчитано 24 проектів.
2026-06-26 08:00:29.051 | INFO     | src.scraper.projects_scraper:fetch_hackathon_projects:35 - Збір проектів, сторінка 8...
2026-06-26 08:00:30.200 | INFO     | src.scraper.projects_scraper:fetch_hackathon_projects:107 - Сторінка 8: успішно зчитано 24 проектів.
2026-06-26 08:00:32.201 | INFO     | src.scraper.projects_scraper:fetch_hackathon_projects:35 - Збір проектів, сторінка 9...
2026-06-26 08:00:33.368 | INFO     | src.scraper.projects_scraper:fetch_hackathon_projects:107 - Сторінка 9: успішно зчитано 24 проектів.
2026-06-26 08:00:35.368 | INFO     | src.scraper.projects_scraper:fetch_hackathon_projects:35 - Збір проектів, сторінка 10...
2026-06-26 08:00:36.725 | INFO     | src.scraper.projects_scraper:fetch_hackathon_projects:107 - Сторінка 10: успішно зчитано 24 проектів.
2026-06-26 08:00:38.729 | INFO     | src.scraper.projects_scraper:fetch_hackathon_projects:35 - Збір проектів, сторінка 11...
2026-06-26 08:00:39.920 | INFO     | src.scraper.projects_scraper:fetch_hackathon_projects:107 - Сторінка 11: успішно зчитано 24 проектів.
2026-06-26 08:00:41.921 | INFO     | src.scraper.projects_scraper:fetch_hackathon_projects:35 - Збір проектів, сторінка 12...
2026-06-26 08:00:43.050 | INFO     | src.scraper.projects_scraper:fetch_hackathon_projects:107 - Сторінка 12: успішно зчитано 20 проектів.
2026-06-26 08:00:45.050 | INFO     | src.scraper.projects_scraper:fetch_hackathon_projects:35 - Збір проектів, сторінка 13...
2026-06-26 08:00:45.768 | INFO     | src.scraper.projects_scraper:fetch_hackathon_projects:52 - На сторінці 13 більше немає карток проектів. Завершуємо збір.
2026-06-26 08:00:46.347 | INFO     | __main__:run_restore:47 -   [ОК] Відновлено посилання для хакатону: DSH Hacks V1
2026-06-26 08:00:47.347 | INFO     | __main__:run_restore:24 - [12/120] Сканування галереї хакатону: Learning Hackathon: Spec Driven Development...
2026-06-26 08:00:47.348 | INFO     | src.scraper.projects_scraper:fetch_hackathon_projects:31 - Запуск збору проектів для субдомену: learn-ai
2026-06-26 08:00:47.348 | INFO     | src.scraper.projects_scraper:fetch_hackathon_projects:35 - Збір проектів, сторінка 1...
2026-06-26 08:00:48.152 | INFO     | src.scraper.projects_scraper:fetch_hackathon_projects:52 - На сторінці 1 більше немає карток проектів. Завершуємо збір.
2026-06-26 08:00:48.155 | INFO     | __main__:run_restore:47 -   [ОК] Відновлено посилання для хакатону: Learning Hackathon: Spec Driven Development
2026-06-26 08:00:49.156 | INFO     | __main__:run_restore:24 - [13/120] Сканування галереї хакатону: UC Berkeley AI Hackathon 2026...
2026-06-26 08:00:49.157 | INFO     | src.scraper.projects_scraper:fetch_hackathon_projects:31 - Запуск збору проектів для субдомену: ai-hackathon-2026
2026-06-26 08:00:49.158 | INFO     | src.scraper.projects_scraper:fetch_hackathon_projects:35 - Збір проектів, сторінка 1...
2026-06-26 08:00:50.583 | INFO     | src.scraper.projects_scraper:fetch_hackathon_projects:107 - Сторінка 1: успішно зчитано 24 проектів.
2026-06-26 08:00:52.583 | INFO     | src.scraper.projects_scraper:fetch_hackathon_projects:35 - Збір проектів, сторінка 2...
2026-06-26 08:00:53.794 | INFO     | src.scraper.projects_scraper:fetch_hackathon_projects:107 - Сторінка 2: успішно зчитано 24 проектів.
2026-06-26 08:00:55.795 | INFO     | src.scraper.projects_scraper:fetch_hackathon_projects:35 - Збір проектів, сторінка 3...
2026-06-26 08:00:57.127 | INFO     | src.scraper.projects_scraper:fetch_hackathon_projects:107 - Сторінка 3: успішно зчитано 24 проектів.
2026-06-26 08:00:59.129 | INFO     | src.scraper.projects_scraper:fetch_hackathon_projects:35 - Збір проектів, сторінка 4...
2026-06-26 08:01:00.449 | INFO     | src.scraper.projects_scraper:fetch_hackathon_projects:107 - Сторінка 4: успішно зчитано 24 проектів.
2026-06-26 08:01:02.451 | INFO     | src.scraper.projects_scraper:fetch_hackathon_projects:35 - Збір проектів, сторінка 5...
2026-06-26 08:01:03.717 | INFO     | src.scraper.projects_scraper:fetch_hackathon_projects:107 - Сторінка 5: успішно зчитано 24 проектів.
2026-06-26 08:01:05.717 | INFO     | src.scraper.projects_scraper:fetch_hackathon_projects:35 - Збір проектів, сторінка 6...
2026-06-26 08:01:07.221 | INFO     | src.scraper.projects_scraper:fetch_hackathon_projects:107 - Сторінка 6: успішно зчитано 24 проектів.
2026-06-26 08:01:09.221 | INFO     | src.scraper.projects_scraper:fetch_hackathon_projects:35 - Збір проектів, сторінка 7...
2026-06-26 08:01:10.631 | INFO     | src.scraper.projects_scraper:fetch_hackathon_projects:107 - Сторінка 7: успішно зчитано 24 проектів.
2026-06-26 08:01:12.633 | INFO     | src.scraper.projects_scraper:fetch_hackathon_projects:35 - Збір проектів, сторінка 8...
2026-06-26 08:01:14.289 | INFO     | src.scraper.projects_scraper:fetch_hackathon_projects:107 - Сторінка 8: успішно зчитано 24 проектів.
2026-06-26 08:01:16.289 | INFO     | src.scraper.projects_scraper:fetch_hackathon_projects:35 - Збір проектів, сторінка 9...
2026-06-26 08:01:17.650 | INFO     | src.scraper.projects_scraper:fetch_hackathon_projects:107 - Сторінка 9: успішно зчитано 24 проектів.
2026-06-26 08:01:19.651 | INFO     | src.scraper.projects_scraper:fetch_hackathon_projects:35 - Збір проектів, сторінка 10...
2026-06-26 08:01:20.867 | INFO     | src.scraper.projects_scraper:fetch_hackathon_projects:107 - Сторінка 10: успішно зчитано 24 проектів.
2026-06-26 08:01:22.867 | INFO     | src.scraper.projects_scraper:fetch_hackathon_projects:35 - Збір проектів, сторінка 11...
2026-06-26 08:01:24.121 | INFO     | src.scraper.projects_scraper:fetch_hackathon_projects:107 - Сторінка 11: успішно зчитано 24 проектів.
2026-06-26 08:01:26.122 | INFO     | src.scraper.projects_scraper:fetch_hackathon_projects:35 - Збір проектів, сторінка 12...
2026-06-26 08:01:27.514 | INFO     | src.scraper.projects_scraper:fetch_hackathon_projects:107 - Сторінка 12: успішно зчитано 24 проектів.
2026-06-26 08:01:29.514 | INFO     | src.scraper.projects_scraper:fetch_hackathon_projects:35 - Збір проектів, сторінка 13...
2026-06-26 08:01:30.712 | INFO     | src.scraper.projects_scraper:fetch_hackathon_projects:107 - Сторінка 13: успішно зчитано 24 проектів.
2026-06-26 08:01:32.713 | INFO     | src.scraper.projects_scraper:fetch_hackathon_projects:35 - Збір проектів, сторінка 14...
2026-06-26 08:01:34.011 | INFO     | src.scraper.projects_scraper:fetch_hackathon_projects:107 - Сторінка 14: успішно зчитано 24 проектів.
2026-06-26 08:01:36.012 | INFO     | src.scraper.projects_scraper:fetch_hackathon_projects:35 - Збір проектів, сторінка 15...
2026-06-26 08:01:37.158 | INFO     | src.scraper.projects_scraper:fetch_hackathon_projects:107 - Сторінка 15: успішно зчитано 24 проектів.
2026-06-26 08:01:39.158 | INFO     | src.scraper.projects_scraper:fetch_hackathon_projects:35 - Збір проектів, сторінка 16...
2026-06-26 08:01:40.693 | INFO     | src.scraper.projects_scraper:fetch_hackathon_projects:107 - Сторінка 16: успішно зчитано 24 проектів.
2026-06-26 08:01:42.694 | INFO     | src.scraper.projects_scraper:fetch_hackathon_projects:35 - Збір проектів, сторінка 17...
2026-06-26 08:01:43.753 | INFO     | src.scraper.projects_scraper:fetch_hackathon_projects:107 - Сторінка 17: успішно зчитано 16 проектів.
2026-06-26 08:01:45.753 | INFO     | src.scraper.projects_scraper:fetch_hackathon_projects:35 - Збір проектів, сторінка 18...
2026-06-26 08:01:46.513 | INFO     | src.scraper.projects_scraper:fetch_hackathon_projects:52 - На сторінці 18 більше немає карток проектів. Завершуємо збір.
2026-06-26 08:01:47.352 | INFO     | __main__:run_restore:47 -   [ОК] Відновлено посилання для хакатону: UC Berkeley AI Hackathon 2026
2026-06-26 08:01:48.352 | INFO     | __main__:run_restore:24 - [14/120] Сканування галереї хакатону: Africa Digital ID Hackathon 2026...
2026-06-26 08:01:48.353 | INFO     | src.scraper.projects_scraper:fetch_hackathon_projects:31 - Запуск збору проектів для субдомену: africadigitalidhackathon2026
2026-06-26 08:01:48.354 | INFO     | src.scraper.projects_scraper:fetch_hackathon_projects:35 - Збір проектів, сторінка 1...
2026-06-26 08:01:49.165 | INFO     | src.scraper.projects_scraper:fetch_hackathon_projects:52 - На сторінці 1 більше немає карток проектів. Завершуємо збір.
2026-06-26 08:01:49.167 | INFO     | __main__:run_restore:47 -   [ОК] Відновлено посилання для хакатону: Africa Digital ID Hackathon 2026
2026-06-26 08:01:50.168 | INFO     | __main__:run_restore:24 - [15/120] Сканування галереї хакатону: BluePrint 2026 - Hackthon for freshers and Students...
2026-06-26 08:01:50.169 | INFO     | src.scraper.projects_scraper:fetch_hackathon_projects:31 - Запуск збору проектів для субдомену: blueprint-2026
2026-06-26 08:01:50.170 | INFO     | src.scraper.projects_scraper:fetch_hackathon_projects:35 - Збір проектів, сторінка 1...
2026-06-26 08:01:51.069 | INFO     | src.scraper.projects_scraper:fetch_hackathon_projects:52 - На сторінці 1 більше немає карток проектів. Завершуємо збір.
2026-06-26 08:01:51.070 | INFO     | __main__:run_restore:47 -   [ОК] Відновлено посилання для хакатону: BluePrint 2026 - Hackthon for freshers and Students
2026-06-26 08:01:52.071 | INFO     | __main__:run_restore:24 - [16/120] Сканування галереї хакатону: Beyond Tomorrow Summit...
2026-06-26 08:01:52.071 | INFO     | src.scraper.projects_scraper:fetch_hackathon_projects:31 - Запуск збору проектів для субдомену: beyond-tomorrow-summit
2026-06-26 08:01:52.071 | INFO     | src.scraper.projects_scraper:fetch_hackathon_projects:35 - Збір проектів, сторінка 1...
2026-06-26 08:01:52.911 | INFO     | src.scraper.projects_scraper:fetch_hackathon_projects:52 - На сторінці 1 більше немає карток проектів. Завершуємо збір.
2026-06-26 08:01:52.914 | INFO     | __main__:run_restore:47 -   [ОК] Відновлено посилання для хакатону: Beyond Tomorrow Summit
2026-06-26 08:01:53.915 | INFO     | __main__:run_restore:24 - [17/120] Сканування галереї хакатону: TecStorm'26...
2026-06-26 08:01:53.915 | INFO     | src.scraper.projects_scraper:fetch_hackathon_projects:31 - Запуск збору проектів для субдомену: tecstorm26
2026-06-26 08:01:53.915 | INFO     | src.scraper.projects_scraper:fetch_hackathon_projects:35 - Збір проектів, сторінка 1...
2026-06-26 08:01:55.331 | INFO     | src.scraper.projects_scraper:fetch_hackathon_projects:107 - Сторінка 1: успішно зчитано 24 проектів.
2026-06-26 08:01:57.331 | INFO     | src.scraper.projects_scraper:fetch_hackathon_projects:35 - Збір проектів, сторінка 2...
2026-06-26 08:01:59.178 | INFO     | src.scraper.projects_scraper:fetch_hackathon_projects:107 - Сторінка 2: успішно зчитано 24 проектів.
2026-06-26 08:02:01.180 | INFO     | src.scraper.projects_scraper:fetch_hackathon_projects:35 - Збір проектів, сторінка 3...
2026-06-26 08:02:02.385 | INFO     | src.scraper.projects_scraper:fetch_hackathon_projects:107 - Сторінка 3: успішно зчитано 23 проектів.
2026-06-26 08:02:04.385 | INFO     | src.scraper.projects_scraper:fetch_hackathon_projects:35 - Збір проектів, сторінка 4...
2026-06-26 08:02:05.729 | INFO     | src.scraper.projects_scraper:fetch_hackathon_projects:107 - Сторінка 4: успішно зчитано 24 проектів.
2026-06-26 08:02:07.731 | INFO     | src.scraper.projects_scraper:fetch_hackathon_projects:35 - Збір проектів, сторінка 5...
2026-06-26 08:02:08.997 | INFO     | src.scraper.projects_scraper:fetch_hackathon_projects:107 - Сторінка 5: успішно зчитано 24 проектів.
2026-06-26 08:02:10.998 | INFO     | src.scraper.projects_scraper:fetch_hackathon_projects:35 - Збір проектів, сторінка 6...
2026-06-26 08:02:11.720 | INFO     | src.scraper.projects_scraper:fetch_hackathon_projects:52 - На сторінці 6 більше немає карток проектів. Завершуємо збір.
2026-06-26 08:02:11.976 | INFO     | __main__:run_restore:47 -   [ОК] Відновлено посилання для хакатону: TecStorm'26
2026-06-26 08:02:12.977 | INFO     | __main__:run_restore:24 - [18/120] Сканування галереї хакатону: INNOSpark Pitch Competition...
2026-06-26 08:02:12.977 | INFO     | src.scraper.projects_scraper:fetch_hackathon_projects:31 - Запуск збору проектів для субдомену: innospark-competition
2026-06-26 08:02:12.977 | INFO     | src.scraper.projects_scraper:fetch_hackathon_projects:35 - Збір проектів, сторінка 1...
2026-06-26 08:02:13.818 | INFO     | src.scraper.projects_scraper:fetch_hackathon_projects:52 - На сторінці 1 більше немає карток проектів. Завершуємо збір.
2026-06-26 08:02:13.822 | INFO     | __main__:run_restore:47 -   [ОК] Відновлено посилання для хакатону: INNOSpark Pitch Competition
2026-06-26 08:02:14.822 | INFO     | __main__:run_restore:24 - [19/120] Сканування галереї хакатону: Quantum Sprint...
2026-06-26 08:02:14.823 | INFO     | src.scraper.projects_scraper:fetch_hackathon_projects:31 - Запуск збору проектів для субдомену: quantum-sprint
2026-06-26 08:02:14.823 | INFO     | src.scraper.projects_scraper:fetch_hackathon_projects:35 - Збір проектів, сторінка 1...
2026-06-26 08:02:16.158 | INFO     | src.scraper.projects_scraper:fetch_hackathon_projects:107 - Сторінка 1: успішно зчитано 24 проектів.
2026-06-26 08:02:18.158 | INFO     | src.scraper.projects_scraper:fetch_hackathon_projects:35 - Збір проектів, сторінка 2...
2026-06-26 08:02:19.411 | INFO     | src.scraper.projects_scraper:fetch_hackathon_projects:107 - Сторінка 2: успішно зчитано 24 проектів.
2026-06-26 08:02:21.413 | INFO     | src.scraper.projects_scraper:fetch_hackathon_projects:35 - Збір проектів, сторінка 3...
2026-06-26 08:02:22.571 | INFO     | src.scraper.projects_scraper:fetch_hackathon_projects:107 - Сторінка 3: успішно зчитано 24 проектів.
2026-06-26 08:02:24.572 | INFO     | src.scraper.projects_scraper:fetch_hackathon_projects:35 - Збір проектів, сторінка 4...
2026-06-26 08:02:25.816 | INFO     | src.scraper.projects_scraper:fetch_hackathon_projects:107 - Сторінка 4: успішно зчитано 24 проектів.
2026-06-26 08:02:27.816 | INFO     | src.scraper.projects_scraper:fetch_hackathon_projects:35 - Збір проектів, сторінка 5...
2026-06-26 08:02:29.013 | INFO     | src.scraper.projects_scraper:fetch_hackathon_projects:107 - Сторінка 5: успішно зчитано 24 проектів.
2026-06-26 08:02:31.016 | INFO     | src.scraper.projects_scraper:fetch_hackathon_projects:35 - Збір проектів, сторінка 6...
2026-06-26 08:02:32.254 | INFO     | src.scraper.projects_scraper:fetch_hackathon_projects:107 - Сторінка 6: успішно зчитано 23 проектів.
2026-06-26 08:02:34.254 | INFO     | src.scraper.projects_scraper:fetch_hackathon_projects:35 - Збір проектів, сторінка 7...
2026-06-26 08:02:35.546 | INFO     | src.scraper.projects_scraper:fetch_hackathon_projects:107 - Сторінка 7: успішно зчитано 23 проектів.
2026-06-26 08:02:37.547 | INFO     | src.scraper.projects_scraper:fetch_hackathon_projects:35 - Збір проектів, сторінка 8...
2026-06-26 08:02:38.852 | INFO     | src.scraper.projects_scraper:fetch_hackathon_projects:107 - Сторінка 8: успішно зчитано 24 проектів.
2026-06-26 08:02:40.853 | INFO     | src.scraper.projects_scraper:fetch_hackathon_projects:35 - Збір проектів, сторінка 9...
2026-06-26 08:02:42.304 | INFO     | src.scraper.projects_scraper:fetch_hackathon_projects:107 - Сторінка 9: успішно зчитано 24 проектів.
2026-06-26 08:02:44.304 | INFO     | src.scraper.projects_scraper:fetch_hackathon_projects:35 - Збір проектів, сторінка 10...
2026-06-26 08:02:45.560 | INFO     | src.scraper.projects_scraper:fetch_hackathon_projects:107 - Сторінка 10: успішно зчитано 24 проектів.
2026-06-26 08:02:47.562 | INFO     | src.scraper.projects_scraper:fetch_hackathon_projects:35 - Збір проектів, сторінка 11...
2026-06-26 08:02:48.893 | INFO     | src.scraper.projects_scraper:fetch_hackathon_projects:107 - Сторінка 11: успішно зчитано 24 проектів.
2026-06-26 08:02:50.895 | INFO     | src.scraper.projects_scraper:fetch_hackathon_projects:35 - Збір проектів, сторінка 12...
2026-06-26 08:02:51.868 | INFO     | src.scraper.projects_scraper:fetch_hackathon_projects:107 - Сторінка 12: успішно зчитано 5 проектів.
2026-06-26 08:02:53.869 | INFO     | src.scraper.projects_scraper:fetch_hackathon_projects:35 - Збір проектів, сторінка 13...
2026-06-26 08:02:54.678 | INFO     | src.scraper.projects_scraper:fetch_hackathon_projects:52 - На сторінці 13 більше немає карток проектів. Завершуємо збір.
2026-06-26 08:02:55.567 | INFO     | __main__:run_restore:47 -   [ОК] Відновлено посилання для хакатону: Quantum Sprint
2026-06-26 08:02:56.569 | INFO     | __main__:run_restore:24 - [20/120] Сканування галереї хакатону: VALSEA Edtech Sprint (HCM)...
2026-06-26 08:02:56.569 | INFO     | src.scraper.projects_scraper:fetch_hackathon_projects:31 - Запуск збору проектів для субдомену: valsea-edtech-sprint-hcm
2026-06-26 08:02:56.569 | INFO     | src.scraper.projects_scraper:fetch_hackathon_projects:35 - Збір проектів, сторінка 1...
2026-06-26 08:02:58.086 | INFO     | src.scraper.projects_scraper:fetch_hackathon_projects:107 - Сторінка 1: успішно зчитано 24 проектів.
2026-06-26 08:03:00.087 | INFO     | src.scraper.projects_scraper:fetch_hackathon_projects:35 - Збір проектів, сторінка 2...
2026-06-26 08:03:01.301 | INFO     | src.scraper.projects_scraper:fetch_hackathon_projects:107 - Сторінка 2: успішно зчитано 23 проектів.
2026-06-26 08:03:03.301 | INFO     | src.scraper.projects_scraper:fetch_hackathon_projects:35 - Збір проектів, сторінка 3...
2026-06-26 08:03:04.393 | INFO     | src.scraper.projects_scraper:fetch_hackathon_projects:107 - Сторінка 3: успішно зчитано 23 проектів.
2026-06-26 08:03:06.393 | INFO     | src.scraper.projects_scraper:fetch_hackathon_projects:35 - Збір проектів, сторінка 4...
2026-06-26 08:03:07.393 | INFO     | src.scraper.projects_scraper:fetch_hackathon_projects:107 - Сторінка 4: успішно зчитано 12 проектів.
2026-06-26 08:03:09.393 | INFO     | src.scraper.projects_scraper:fetch_hackathon_projects:35 - Збір проектів, сторінка 5...
2026-06-26 08:03:10.127 | INFO     | src.scraper.projects_scraper:fetch_hackathon_projects:52 - На сторінці 5 більше немає карток проектів. Завершуємо збір.
2026-06-26 08:03:10.389 | INFO     | __main__:run_restore:47 -   [ОК] Відновлено посилання для хакатону: VALSEA Edtech Sprint (HCM)
2026-06-26 08:03:11.390 | INFO     | __main__:run_restore:24 - [21/120] Сканування галереї хакатону:  Production Engineering Hackathon...
2026-06-26 08:03:11.390 | INFO     | src.scraper.projects_scraper:fetch_hackathon_projects:31 - Запуск збору проектів для субдомену: pe-hackathon
2026-06-26 08:03:11.390 | INFO     | src.scraper.projects_scraper:fetch_hackathon_projects:35 - Збір проектів, сторінка 1...
2026-06-26 08:03:12.716 | INFO     | src.scraper.projects_scraper:fetch_hackathon_projects:107 - Сторінка 1: успішно зчитано 24 проектів.
2026-06-26 08:03:14.717 | INFO     | src.scraper.projects_scraper:fetch_hackathon_projects:35 - Збір проектів, сторінка 2...
2026-06-26 08:03:15.969 | INFO     | src.scraper.projects_scraper:fetch_hackathon_projects:107 - Сторінка 2: успішно зчитано 24 проектів.
2026-06-26 08:03:17.971 | INFO     | src.scraper.projects_scraper:fetch_hackathon_projects:35 - Збір проектів, сторінка 3...
2026-06-26 08:03:19.326 | INFO     | src.scraper.projects_scraper:fetch_hackathon_projects:107 - Сторінка 3: успішно зчитано 24 проектів.
2026-06-26 08:03:21.326 | INFO     | src.scraper.projects_scraper:fetch_hackathon_projects:35 - Збір проектів, сторінка 4...
2026-06-26 08:03:22.375 | INFO     | src.scraper.projects_scraper:fetch_hackathon_projects:107 - Сторінка 4: успішно зчитано 17 проектів.
2026-06-26 08:03:24.376 | INFO     | src.scraper.projects_scraper:fetch_hackathon_projects:35 - Збір проектів, сторінка 5...
2026-06-26 08:03:25.103 | INFO     | src.scraper.projects_scraper:fetch_hackathon_projects:52 - На сторінці 5 більше немає карток проектів. Завершуємо збір.
2026-06-26 08:03:25.330 | INFO     | __main__:run_restore:47 -   [ОК] Відновлено посилання для хакатону:  Production Engineering Hackathon
2026-06-26 08:03:26.331 | INFO     | __main__:run_restore:24 - [22/120] Сканування галереї хакатону: API Innovate 2026...
2026-06-26 08:03:26.332 | INFO     | src.scraper.projects_scraper:fetch_hackathon_projects:31 - Запуск збору проектів для субдомену: api-innovate-2026
2026-06-26 08:03:26.332 | INFO     | src.scraper.projects_scraper:fetch_hackathon_projects:35 - Збір проектів, сторінка 1...
2026-06-26 08:03:27.102 | INFO     | src.scraper.projects_scraper:fetch_hackathon_projects:52 - На сторінці 1 більше немає карток проектів. Завершуємо збір.
2026-06-26 08:03:27.103 | INFO     | __main__:run_restore:47 -   [ОК] Відновлено посилання для хакатону: API Innovate 2026
2026-06-26 08:03:28.104 | INFO     | __main__:run_restore:24 - [23/120] Сканування галереї хакатону: Databricks Apps & Agents for Good Hackathon 2026...
2026-06-26 08:03:28.104 | INFO     | src.scraper.projects_scraper:fetch_hackathon_projects:31 - Запуск збору проектів для субдомену: dais-for-good-2026
2026-06-26 08:03:28.104 | INFO     | src.scraper.projects_scraper:fetch_hackathon_projects:35 - Збір проектів, сторінка 1...
2026-06-26 08:03:29.365 | INFO     | src.scraper.projects_scraper:fetch_hackathon_projects:107 - Сторінка 1: успішно зчитано 24 проектів.
2026-06-26 08:03:31.365 | INFO     | src.scraper.projects_scraper:fetch_hackathon_projects:35 - Збір проектів, сторінка 2...
2026-06-26 08:03:32.653 | INFO     | src.scraper.projects_scraper:fetch_hackathon_projects:107 - Сторінка 2: успішно зчитано 24 проектів.
2026-06-26 08:03:34.653 | INFO     | src.scraper.projects_scraper:fetch_hackathon_projects:35 - Збір проектів, сторінка 3...
2026-06-26 08:03:35.984 | INFO     | src.scraper.projects_scraper:fetch_hackathon_projects:107 - Сторінка 3: успішно зчитано 24 проектів.
2026-06-26 08:03:37.985 | INFO     | src.scraper.projects_scraper:fetch_hackathon_projects:35 - Збір проектів, сторінка 4...
2026-06-26 08:03:39.182 | INFO     | src.scraper.projects_scraper:fetch_hackathon_projects:107 - Сторінка 4: успішно зчитано 24 проектів.
2026-06-26 08:03:41.182 | INFO     | src.scraper.projects_scraper:fetch_hackathon_projects:35 - Збір проектів, сторінка 5...
2026-06-26 08:03:42.478 | INFO     | src.scraper.projects_scraper:fetch_hackathon_projects:107 - Сторінка 5: успішно зчитано 24 проектів.
2026-06-26 08:03:44.479 | INFO     | src.scraper.projects_scraper:fetch_hackathon_projects:35 - Збір проектів, сторінка 6...
2026-06-26 08:03:45.230 | INFO     | src.scraper.projects_scraper:fetch_hackathon_projects:107 - Сторінка 6: успішно зчитано 2 проектів.
2026-06-26 08:03:47.233 | INFO     | src.scraper.projects_scraper:fetch_hackathon_projects:35 - Збір проектів, сторінка 7...
2026-06-26 08:03:47.949 | INFO     | src.scraper.projects_scraper:fetch_hackathon_projects:52 - На сторінці 7 більше немає карток проектів. Завершуємо збір.
2026-06-26 08:03:48.424 | INFO     | __main__:run_restore:47 -   [ОК] Відновлено посилання для хакатону: Databricks Apps & Agents for Good Hackathon 2026
2026-06-26 08:03:49.426 | INFO     | __main__:run_restore:24 - [24/120] Сканування галереї хакатону: International AI Agents Hackathon...
2026-06-26 08:03:49.426 | INFO     | src.scraper.projects_scraper:fetch_hackathon_projects:31 - Запуск збору проектів для субдомену: ai-agents-hackathon1
2026-06-26 08:03:49.426 | INFO     | src.scraper.projects_scraper:fetch_hackathon_projects:35 - Збір проектів, сторінка 1...
2026-06-26 08:03:50.265 | INFO     | src.scraper.projects_scraper:fetch_hackathon_projects:52 - На сторінці 1 більше немає карток проектів. Завершуємо збір.
2026-06-26 08:03:50.268 | INFO     | __main__:run_restore:47 -   [ОК] Відновлено посилання для хакатону: International AI Agents Hackathon
2026-06-26 08:03:51.269 | INFO     | __main__:run_restore:24 - [25/120] Сканування галереї хакатону: Beyond Tomorrow Summit...
2026-06-26 08:03:51.269 | INFO     | src.scraper.projects_scraper:fetch_hackathon_projects:31 - Запуск збору проектів для субдомену: beyond-tomorrow-summit-30094
2026-06-26 08:03:51.269 | INFO     | src.scraper.projects_scraper:fetch_hackathon_projects:35 - Збір проектів, сторінка 1...
2026-06-26 08:03:52.557 | INFO     | src.scraper.projects_scraper:fetch_hackathon_projects:107 - Сторінка 1: успішно зчитано 24 проектів.
2026-06-26 08:03:54.557 | INFO     | src.scraper.projects_scraper:fetch_hackathon_projects:35 - Збір проектів, сторінка 2...
2026-06-26 08:03:55.712 | INFO     | src.scraper.projects_scraper:fetch_hackathon_projects:107 - Сторінка 2: успішно зчитано 24 проектів.
2026-06-26 08:03:57.713 | INFO     | src.scraper.projects_scraper:fetch_hackathon_projects:35 - Збір проектів, сторінка 3...
2026-06-26 08:03:58.885 | INFO     | src.scraper.projects_scraper:fetch_hackathon_projects:107 - Сторінка 3: успішно зчитано 24 проектів.
2026-06-26 08:04:00.888 | INFO     | src.scraper.projects_scraper:fetch_hackathon_projects:35 - Збір проектів, сторінка 4...
2026-06-26 08:04:02.291 | INFO     | src.scraper.projects_scraper:fetch_hackathon_projects:107 - Сторінка 4: успішно зчитано 24 проектів.
2026-06-26 08:04:04.294 | INFO     | src.scraper.projects_scraper:fetch_hackathon_projects:35 - Збір проектів, сторінка 5...
2026-06-26 08:04:05.321 | INFO     | src.scraper.projects_scraper:fetch_hackathon_projects:107 - Сторінка 5: успішно зчитано 9 проектів.
2026-06-26 08:04:07.321 | INFO     | src.scraper.projects_scraper:fetch_hackathon_projects:35 - Збір проектів, сторінка 6...
2026-06-26 08:04:08.045 | INFO     | src.scraper.projects_scraper:fetch_hackathon_projects:52 - На сторінці 6 більше немає карток проектів. Завершуємо збір.
2026-06-26 08:04:08.259 | INFO     | __main__:run_restore:47 -   [ОК] Відновлено посилання для хакатону: Beyond Tomorrow Summit
2026-06-26 08:04:09.261 | INFO     | __main__:run_restore:24 - [26/120] Сканування галереї хакатону: Design4Future...
2026-06-26 08:04:09.261 | INFO     | src.scraper.projects_scraper:fetch_hackathon_projects:31 - Запуск збору проектів для субдомену: design4future
2026-06-26 08:04:09.262 | INFO     | src.scraper.projects_scraper:fetch_hackathon_projects:35 - Збір проектів, сторінка 1...
2026-06-26 08:04:10.615 | INFO     | src.scraper.projects_scraper:fetch_hackathon_projects:107 - Сторінка 1: успішно зчитано 24 проектів.
2026-06-26 08:04:12.616 | INFO     | src.scraper.projects_scraper:fetch_hackathon_projects:35 - Збір проектів, сторінка 2...
2026-06-26 08:04:13.775 | INFO     | src.scraper.projects_scraper:fetch_hackathon_projects:107 - Сторінка 2: успішно зчитано 24 проектів.
2026-06-26 08:04:15.775 | INFO     | src.scraper.projects_scraper:fetch_hackathon_projects:35 - Збір проектів, сторінка 3...
2026-06-26 08:04:17.024 | INFO     | src.scraper.projects_scraper:fetch_hackathon_projects:107 - Сторінка 3: успішно зчитано 24 проектів.
2026-06-26 08:04:19.024 | INFO     | src.scraper.projects_scraper:fetch_hackathon_projects:35 - Збір проектів, сторінка 4...
2026-06-26 08:04:20.112 | INFO     | src.scraper.projects_scraper:fetch_hackathon_projects:107 - Сторінка 4: успішно зчитано 22 проектів.
2026-06-26 08:04:22.113 | INFO     | src.scraper.projects_scraper:fetch_hackathon_projects:35 - Збір проектів, сторінка 5...
2026-06-26 08:04:22.814 | INFO     | src.scraper.projects_scraper:fetch_hackathon_projects:52 - На сторінці 5 більше немає карток проектів. Завершуємо збір.
2026-06-26 08:04:23.019 | INFO     | __main__:run_restore:47 -   [ОК] Відновлено посилання для хакатону: Design4Future
2026-06-26 08:04:24.020 | INFO     | __main__:run_restore:24 - [27/120] Сканування галереї хакатону: QWEN AI BUILD DAY...
2026-06-26 08:04:24.020 | INFO     | src.scraper.projects_scraper:fetch_hackathon_projects:31 - Запуск збору проектів для субдомену: qwen-ai-build-day
2026-06-26 08:04:24.020 | INFO     | src.scraper.projects_scraper:fetch_hackathon_projects:35 - Збір проектів, сторінка 1...
2026-06-26 08:04:25.044 | INFO     | src.scraper.projects_scraper:fetch_hackathon_projects:52 - На сторінці 1 більше немає карток проектів. Завершуємо збір.
2026-06-26 08:04:25.048 | INFO     | __main__:run_restore:47 -   [ОК] Відновлено посилання для хакатону: QWEN AI BUILD DAY
2026-06-26 08:04:26.049 | INFO     | __main__:run_restore:24 - [28/120] Сканування галереї хакатону: Hack4Her 2026...
2026-06-26 08:04:26.049 | INFO     | src.scraper.projects_scraper:fetch_hackathon_projects:31 - Запуск збору проектів для субдомену: hack4her-mty
2026-06-26 08:04:26.049 | INFO     | src.scraper.projects_scraper:fetch_hackathon_projects:35 - Збір проектів, сторінка 1...
2026-06-26 08:04:27.497 | INFO     | src.scraper.projects_scraper:fetch_hackathon_projects:107 - Сторінка 1: успішно зчитано 24 проектів.
2026-06-26 08:04:29.497 | INFO     | src.scraper.projects_scraper:fetch_hackathon_projects:35 - Збір проектів, сторінка 2...
2026-06-26 08:04:30.761 | INFO     | src.scraper.projects_scraper:fetch_hackathon_projects:107 - Сторінка 2: успішно зчитано 24 проектів.
2026-06-26 08:04:32.762 | INFO     | src.scraper.projects_scraper:fetch_hackathon_projects:35 - Збір проектів, сторінка 3...
2026-06-26 08:04:33.892 | INFO     | src.scraper.projects_scraper:fetch_hackathon_projects:107 - Сторінка 3: успішно зчитано 24 проектів.
2026-06-26 08:04:35.892 | INFO     | src.scraper.projects_scraper:fetch_hackathon_projects:35 - Збір проектів, сторінка 4...
2026-06-26 08:04:36.790 | INFO     | src.scraper.projects_scraper:fetch_hackathon_projects:107 - Сторінка 4: успішно зчитано 6 проектів.
2026-06-26 08:04:38.790 | INFO     | src.scraper.projects_scraper:fetch_hackathon_projects:35 - Збір проектів, сторінка 5...
2026-06-26 08:04:39.511 | INFO     | src.scraper.projects_scraper:fetch_hackathon_projects:52 - На сторінці 5 більше немає карток проектів. Завершуємо збір.
2026-06-26 08:04:39.724 | INFO     | __main__:run_restore:47 -   [ОК] Відновлено посилання для хакатону: Hack4Her 2026
2026-06-26 08:04:40.724 | INFO     | __main__:run_restore:24 - [29/120] Сканування галереї хакатону: STEMINATE HACKS 2026...
2026-06-26 08:04:40.725 | INFO     | src.scraper.projects_scraper:fetch_hackathon_projects:31 - Запуск збору проектів для субдомену: steminate-hacks-2026
2026-06-26 08:04:40.726 | INFO     | src.scraper.projects_scraper:fetch_hackathon_projects:35 - Збір проектів, сторінка 1...
2026-06-26 08:04:42.020 | INFO     | src.scraper.projects_scraper:fetch_hackathon_projects:107 - Сторінка 1: успішно зчитано 24 проектів.
2026-06-26 08:04:44.020 | INFO     | src.scraper.projects_scraper:fetch_hackathon_projects:35 - Збір проектів, сторінка 2...
2026-06-26 08:04:45.171 | INFO     | src.scraper.projects_scraper:fetch_hackathon_projects:107 - Сторінка 2: успішно зчитано 24 проектів.
2026-06-26 08:04:47.174 | INFO     | src.scraper.projects_scraper:fetch_hackathon_projects:35 - Збір проектів, сторінка 3...
2026-06-26 08:04:48.042 | INFO     | src.scraper.projects_scraper:fetch_hackathon_projects:107 - Сторінка 3: успішно зчитано 4 проектів.
2026-06-26 08:04:50.043 | INFO     | src.scraper.projects_scraper:fetch_hackathon_projects:35 - Збір проектів, сторінка 4...
2026-06-26 08:04:50.907 | INFO     | src.scraper.projects_scraper:fetch_hackathon_projects:52 - На сторінці 4 більше немає карток проектів. Завершуємо збір.
2026-06-26 08:04:51.090 | INFO     | __main__:run_restore:47 -   [ОК] Відновлено посилання для хакатону: STEMINATE HACKS 2026
2026-06-26 08:04:52.091 | INFO     | __main__:run_restore:24 - [30/120] Сканування галереї хакатону: Bharat Bricks Hacks 2026: IIT Indore...
2026-06-26 08:04:52.091 | INFO     | src.scraper.projects_scraper:fetch_hackathon_projects:31 - Запуск збору проектів для субдомену: bb2026-iiti
2026-06-26 08:04:52.092 | INFO     | src.scraper.projects_scraper:fetch_hackathon_projects:35 - Збір проектів, сторінка 1...
2026-06-26 08:04:52.964 | INFO     | src.scraper.projects_scraper:fetch_hackathon_projects:52 - На сторінці 1 більше немає карток проектів. Завершуємо збір.
2026-06-26 08:04:52.967 | INFO     | __main__:run_restore:47 -   [ОК] Відновлено посилання для хакатону: Bharat Bricks Hacks 2026: IIT Indore
2026-06-26 08:04:53.968 | INFO     | __main__:run_restore:24 - [31/120] Сканування галереї хакатону: Anthropic Hackathon @ IIT Delhi...
2026-06-26 08:04:53.968 | INFO     | src.scraper.projects_scraper:fetch_hackathon_projects:31 - Запуск збору проектів для субдомену: anthropic-hackathon-iitd
2026-06-26 08:04:53.968 | INFO     | src.scraper.projects_scraper:fetch_hackathon_projects:35 - Збір проектів, сторінка 1...
2026-06-26 08:04:55.327 | INFO     | src.scraper.projects_scraper:fetch_hackathon_projects:107 - Сторінка 1: успішно зчитано 24 проектів.
2026-06-26 08:04:57.329 | INFO     | src.scraper.projects_scraper:fetch_hackathon_projects:35 - Збір проектів, сторінка 2...
2026-06-26 08:04:58.813 | INFO     | src.scraper.projects_scraper:fetch_hackathon_projects:107 - Сторінка 2: успішно зчитано 24 проектів.
2026-06-26 08:05:00.814 | INFO     | src.scraper.projects_scraper:fetch_hackathon_projects:35 - Збір проектів, сторінка 3...
2026-06-26 08:05:02.502 | INFO     | src.scraper.projects_scraper:fetch_hackathon_projects:107 - Сторінка 3: успішно зчитано 24 проектів.
2026-06-26 08:05:04.503 | INFO     | src.scraper.projects_scraper:fetch_hackathon_projects:35 - Збір проектів, сторінка 4...
2026-06-26 08:05:05.414 | INFO     | src.scraper.projects_scraper:fetch_hackathon_projects:107 - Сторінка 4: успішно зчитано 6 проектів.
2026-06-26 08:05:07.414 | INFO     | src.scraper.projects_scraper:fetch_hackathon_projects:35 - Збір проектів, сторінка 5...
2026-06-26 08:05:08.141 | INFO     | src.scraper.projects_scraper:fetch_hackathon_projects:52 - На сторінці 5 більше немає карток проектів. Завершуємо збір.
2026-06-26 08:05:08.456 | INFO     | __main__:run_restore:47 -   [ОК] Відновлено посилання для хакатону: Anthropic Hackathon @ IIT Delhi
2026-06-26 08:05:09.457 | INFO     | __main__:run_restore:24 - [32/120] Сканування галереї хакатону: Aurora Global Hackathon...
2026-06-26 08:05:09.458 | INFO     | src.scraper.projects_scraper:fetch_hackathon_projects:31 - Запуск збору проектів для субдомену: aurora-global-hackathon-grid
2026-06-26 08:05:09.459 | INFO     | src.scraper.projects_scraper:fetch_hackathon_projects:35 - Збір проектів, сторінка 1...
2026-06-26 08:05:10.819 | INFO     | src.scraper.projects_scraper:fetch_hackathon_projects:107 - Сторінка 1: успішно зчитано 24 проектів.
2026-06-26 08:05:12.820 | INFO     | src.scraper.projects_scraper:fetch_hackathon_projects:35 - Збір проектів, сторінка 2...
2026-06-26 08:05:14.198 | INFO     | src.scraper.projects_scraper:fetch_hackathon_projects:107 - Сторінка 2: успішно зчитано 24 проектів.
2026-06-26 08:05:16.199 | INFO     | src.scraper.projects_scraper:fetch_hackathon_projects:35 - Збір проектів, сторінка 3...
2026-06-26 08:05:17.339 | INFO     | src.scraper.projects_scraper:fetch_hackathon_projects:107 - Сторінка 3: успішно зчитано 21 проектів.
2026-06-26 08:05:19.340 | INFO     | src.scraper.projects_scraper:fetch_hackathon_projects:35 - Збір проектів, сторінка 4...
2026-06-26 08:05:20.053 | INFO     | src.scraper.projects_scraper:fetch_hackathon_projects:52 - На сторінці 4 більше немає карток проектів. Завершуємо збір.
2026-06-26 08:05:20.207 | INFO     | __main__:run_restore:47 -   [ОК] Відновлено посилання для хакатону: Aurora Global Hackathon
2026-06-26 08:05:21.208 | INFO     | __main__:run_restore:24 - [33/120] Сканування галереї хакатону: Strathspace Hack Day...
2026-06-26 08:05:21.208 | INFO     | src.scraper.projects_scraper:fetch_hackathon_projects:31 - Запуск збору проектів для субдомену: strathspace-hack-day
2026-06-26 08:05:21.209 | INFO     | src.scraper.projects_scraper:fetch_hackathon_projects:35 - Збір проектів, сторінка 1...
2026-06-26 08:05:22.039 | INFO     | src.scraper.projects_scraper:fetch_hackathon_projects:52 - На сторінці 1 більше немає карток проектів. Завершуємо збір.
2026-06-26 08:05:22.040 | INFO     | __main__:run_restore:47 -   [ОК] Відновлено посилання для хакатону: Strathspace Hack Day
2026-06-26 08:05:23.046 | INFO     | __main__:run_restore:24 - [34/120] Сканування галереї хакатону: COMM STEM X SUDATA HACKATHON...
2026-06-26 08:05:23.046 | INFO     | src.scraper.projects_scraper:fetch_hackathon_projects:31 - Запуск збору проектів для субдомену: comm-stem-x-sudata-hackathon
2026-06-26 08:05:23.049 | INFO     | src.scraper.projects_scraper:fetch_hackathon_projects:35 - Збір проектів, сторінка 1...
2026-06-26 08:05:23.996 | INFO     | src.scraper.projects_scraper:fetch_hackathon_projects:52 - На сторінці 1 більше немає карток проектів. Завершуємо збір.
2026-06-26 08:05:23.999 | INFO     | __main__:run_restore:47 -   [ОК] Відновлено посилання для хакатону: COMM STEM X SUDATA HACKATHON
2026-06-26 08:05:25.000 | INFO     | __main__:run_restore:24 - [35/120] Сканування галереї хакатону: APOGEE GameJam 2026...
2026-06-26 08:05:25.001 | INFO     | src.scraper.projects_scraper:fetch_hackathon_projects:31 - Запуск збору проектів для субдомену: apogee-gamejam-2026-29050
2026-06-26 08:05:25.001 | INFO     | src.scraper.projects_scraper:fetch_hackathon_projects:35 - Збір проектів, сторінка 1...
2026-06-26 08:05:25.792 | INFO     | src.scraper.projects_scraper:fetch_hackathon_projects:52 - На сторінці 1 більше немає карток проектів. Завершуємо збір.
2026-06-26 08:05:25.795 | INFO     | __main__:run_restore:47 -   [ОК] Відновлено посилання для хакатону: APOGEE GameJam 2026
2026-06-26 08:05:26.796 | INFO     | __main__:run_restore:24 - [36/120] Сканування галереї хакатону: Build with GLM 5.1 Challenge by Z.AI...
2026-06-26 08:05:26.796 | INFO     | src.scraper.projects_scraper:fetch_hackathon_projects:31 - Запуск збору проектів для субдомену: build-with-glm-5-1-challenge
2026-06-26 08:05:26.796 | INFO     | src.scraper.projects_scraper:fetch_hackathon_projects:35 - Збір проектів, сторінка 1...
2026-06-26 08:05:28.161 | INFO     | src.scraper.projects_scraper:fetch_hackathon_projects:107 - Сторінка 1: успішно зчитано 22 проектів.
2026-06-26 08:05:30.162 | INFO     | src.scraper.projects_scraper:fetch_hackathon_projects:35 - Збір проектів, сторінка 2...
2026-06-26 08:05:31.055 | INFO     | src.scraper.projects_scraper:fetch_hackathon_projects:107 - Сторінка 2: успішно зчитано 5 проектів.
2026-06-26 08:05:33.056 | INFO     | src.scraper.projects_scraper:fetch_hackathon_projects:35 - Збір проектів, сторінка 3...
2026-06-26 08:05:33.760 | INFO     | src.scraper.projects_scraper:fetch_hackathon_projects:52 - На сторінці 3 більше немає карток проектів. Завершуємо збір.
2026-06-26 08:05:33.855 | INFO     | __main__:run_restore:47 -   [ОК] Відновлено посилання для хакатону: Build with GLM 5.1 Challenge by Z.AI
2026-06-26 08:05:34.856 | INFO     | __main__:run_restore:24 - [37/120] Сканування галереї хакатону: Grizzly Hacks III...
2026-06-26 08:05:34.856 | INFO     | src.scraper.projects_scraper:fetch_hackathon_projects:31 - Запуск збору проектів для субдомену: grizzly-hacks-iii
2026-06-26 08:05:34.856 | INFO     | src.scraper.projects_scraper:fetch_hackathon_projects:35 - Збір проектів, сторінка 1...
2026-06-26 08:05:36.253 | INFO     | src.scraper.projects_scraper:fetch_hackathon_projects:107 - Сторінка 1: успішно зчитано 23 проектів.
2026-06-26 08:05:38.253 | INFO     | src.scraper.projects_scraper:fetch_hackathon_projects:35 - Збір проектів, сторінка 2...
2026-06-26 08:05:39.494 | INFO     | src.scraper.projects_scraper:fetch_hackathon_projects:107 - Сторінка 2: успішно зчитано 20 проектів.
2026-06-26 08:05:41.495 | INFO     | src.scraper.projects_scraper:fetch_hackathon_projects:35 - Збір проектів, сторінка 3...
2026-06-26 08:05:42.322 | INFO     | src.scraper.projects_scraper:fetch_hackathon_projects:52 - На сторінці 3 більше немає карток проектів. Завершуємо збір.
2026-06-26 08:05:42.467 | INFO     | __main__:run_restore:47 -   [ОК] Відновлено посилання для хакатону: Grizzly Hacks III
2026-06-26 08:05:43.468 | INFO     | __main__:run_restore:24 - [38/120] Сканування галереї хакатону: Optimization Grand Challenge 2026...
2026-06-26 08:05:43.469 | INFO     | src.scraper.projects_scraper:fetch_hackathon_projects:31 - Запуск збору проектів для субдомену: ogc2026
2026-06-26 08:05:43.469 | INFO     | src.scraper.projects_scraper:fetch_hackathon_projects:35 - Збір проектів, сторінка 1...
2026-06-26 08:05:44.333 | INFO     | src.scraper.projects_scraper:fetch_hackathon_projects:52 - На сторінці 1 більше немає карток проектів. Завершуємо збір.
2026-06-26 08:05:44.338 | INFO     | __main__:run_restore:47 -   [ОК] Відновлено посилання для хакатону: Optimization Grand Challenge 2026
2026-06-26 08:05:45.338 | INFO     | __main__:run_restore:24 - [39/120] Сканування галереї хакатону: Hackspire Hackathon...
2026-06-26 08:05:45.338 | INFO     | src.scraper.projects_scraper:fetch_hackathon_projects:31 - Запуск збору проектів для субдомену: hackspire-hackathon
2026-06-26 08:05:45.339 | INFO     | src.scraper.projects_scraper:fetch_hackathon_projects:35 - Збір проектів, сторінка 1...
2026-06-26 08:05:46.727 | INFO     | src.scraper.projects_scraper:fetch_hackathon_projects:107 - Сторінка 1: успішно зчитано 23 проектів.
2026-06-26 08:05:48.729 | INFO     | src.scraper.projects_scraper:fetch_hackathon_projects:35 - Збір проектів, сторінка 2...
2026-06-26 08:05:49.925 | INFO     | src.scraper.projects_scraper:fetch_hackathon_projects:107 - Сторінка 2: успішно зчитано 24 проектів.
2026-06-26 08:05:51.927 | INFO     | src.scraper.projects_scraper:fetch_hackathon_projects:35 - Збір проектів, сторінка 3...
2026-06-26 08:05:53.123 | INFO     | src.scraper.projects_scraper:fetch_hackathon_projects:107 - Сторінка 3: успішно зчитано 24 проектів.
2026-06-26 08:05:55.124 | INFO     | src.scraper.projects_scraper:fetch_hackathon_projects:35 - Збір проектів, сторінка 4...
2026-06-26 08:05:56.658 | INFO     | src.scraper.projects_scraper:fetch_hackathon_projects:107 - Сторінка 4: успішно зчитано 24 проектів.
2026-06-26 08:05:58.662 | INFO     | src.scraper.projects_scraper:fetch_hackathon_projects:35 - Збір проектів, сторінка 5...
2026-06-26 08:05:59.709 | INFO     | src.scraper.projects_scraper:fetch_hackathon_projects:107 - Сторінка 5: успішно зчитано 16 проектів.
2026-06-26 08:06:01.709 | INFO     | src.scraper.projects_scraper:fetch_hackathon_projects:35 - Збір проектів, сторінка 6...
2026-06-26 08:06:02.506 | INFO     | src.scraper.projects_scraper:fetch_hackathon_projects:52 - На сторінці 6 більше немає карток проектів. Завершуємо збір.
2026-06-26 08:06:02.749 | INFO     | __main__:run_restore:47 -   [ОК] Відновлено посилання для хакатону: Hackspire Hackathon
2026-06-26 08:06:03.749 | INFO     | __main__:run_restore:24 - [40/120] Сканування галереї хакатону: WeatherWise Hack...
2026-06-26 08:06:03.750 | INFO     | src.scraper.projects_scraper:fetch_hackathon_projects:31 - Запуск збору проектів для субдомену: weatherwise-hack
2026-06-26 08:06:03.751 | INFO     | src.scraper.projects_scraper:fetch_hackathon_projects:35 - Збір проектів, сторінка 1...
2026-06-26 08:06:05.161 | INFO     | src.scraper.projects_scraper:fetch_hackathon_projects:107 - Сторінка 1: успішно зчитано 24 проектів.
2026-06-26 08:06:07.162 | INFO     | src.scraper.projects_scraper:fetch_hackathon_projects:35 - Збір проектів, сторінка 2...
2026-06-26 08:06:08.315 | INFO     | src.scraper.projects_scraper:fetch_hackathon_projects:107 - Сторінка 2: успішно зчитано 23 проектів.
2026-06-26 08:06:10.316 | INFO     | src.scraper.projects_scraper:fetch_hackathon_projects:35 - Збір проектів, сторінка 3...
2026-06-26 08:06:11.222 | INFO     | src.scraper.projects_scraper:fetch_hackathon_projects:107 - Сторінка 3: успішно зчитано 7 проектів.
2026-06-26 08:06:13.223 | INFO     | src.scraper.projects_scraper:fetch_hackathon_projects:35 - Збір проектів, сторінка 4...
2026-06-26 08:06:13.951 | INFO     | src.scraper.projects_scraper:fetch_hackathon_projects:52 - На сторінці 4 більше немає карток проектів. Завершуємо збір.
2026-06-26 08:06:14.066 | INFO     | __main__:run_restore:47 -   [ОК] Відновлено посилання для хакатону: WeatherWise Hack
2026-06-26 08:06:15.066 | INFO     | __main__:run_restore:24 - [41/120] Сканування галереї хакатону: Your idea vs 1,000 other marketers. Let’s see where you actually stand. ...
2026-06-26 08:06:15.068 | INFO     | src.scraper.projects_scraper:fetch_hackathon_projects:31 - Запуск збору проектів для субдомену: connectsblue
2026-06-26 08:06:15.069 | INFO     | src.scraper.projects_scraper:fetch_hackathon_projects:35 - Збір проектів, сторінка 1...
2026-06-26 08:06:15.895 | INFO     | src.scraper.projects_scraper:fetch_hackathon_projects:52 - На сторінці 1 більше немає карток проектів. Завершуємо збір.
2026-06-26 08:06:15.897 | INFO     | __main__:run_restore:47 -   [ОК] Відновлено посилання для хакатону: Your idea vs 1,000 other marketers. Let’s see where you actually stand. 
2026-06-26 08:06:16.897 | INFO     | __main__:run_restore:24 - [42/120] Сканування галереї хакатону: EcoHacks...
2026-06-26 08:06:16.898 | INFO     | src.scraper.projects_scraper:fetch_hackathon_projects:31 - Запуск збору проектів для субдомену: ecohackers
2026-06-26 08:06:16.899 | INFO     | src.scraper.projects_scraper:fetch_hackathon_projects:35 - Збір проектів, сторінка 1...
2026-06-26 08:06:18.035 | INFO     | src.scraper.projects_scraper:fetch_hackathon_projects:107 - Сторінка 1: успішно зчитано 19 проектів.
2026-06-26 08:06:20.036 | INFO     | src.scraper.projects_scraper:fetch_hackathon_projects:35 - Збір проектів, сторінка 2...
2026-06-26 08:06:20.701 | INFO     | src.scraper.projects_scraper:fetch_hackathon_projects:52 - На сторінці 2 більше немає карток проектів. Завершуємо збір.
2026-06-26 08:06:20.743 | INFO     | __main__:run_restore:47 -   [ОК] Відновлено посилання для хакатону: EcoHacks
2026-06-26 08:06:21.744 | INFO     | __main__:run_restore:24 - [43/120] Сканування галереї хакатону: RidgeHacks 2026...
2026-06-26 08:06:21.744 | INFO     | src.scraper.projects_scraper:fetch_hackathon_projects:31 - Запуск збору проектів для субдомену: ridgehacks-2026
2026-06-26 08:06:21.745 | INFO     | src.scraper.projects_scraper:fetch_hackathon_projects:35 - Збір проектів, сторінка 1...
2026-06-26 08:06:22.989 | INFO     | src.scraper.projects_scraper:fetch_hackathon_projects:107 - Сторінка 1: успішно зчитано 23 проектів.
2026-06-26 08:06:24.989 | INFO     | src.scraper.projects_scraper:fetch_hackathon_projects:35 - Збір проектів, сторінка 2...
2026-06-26 08:06:26.182 | INFO     | src.scraper.projects_scraper:fetch_hackathon_projects:107 - Сторінка 2: успішно зчитано 23 проектів.
2026-06-26 08:06:28.183 | INFO     | src.scraper.projects_scraper:fetch_hackathon_projects:35 - Збір проектів, сторінка 3...
2026-06-26 08:06:28.846 | INFO     | src.scraper.projects_scraper:fetch_hackathon_projects:52 - На сторінці 3 більше немає карток проектів. Завершуємо збір.
2026-06-26 08:06:28.944 | INFO     | __main__:run_restore:47 -   [ОК] Відновлено посилання для хакатону: RidgeHacks 2026
2026-06-26 08:06:29.945 | INFO     | __main__:run_restore:24 - [44/120] Сканування галереї хакатону: The Future Innovators Hackathon: A Road to START Hack...
2026-06-26 08:06:29.945 | INFO     | src.scraper.projects_scraper:fetch_hackathon_projects:31 - Запуск збору проектів для субдомену: future-innovators-hackathon
2026-06-26 08:06:29.945 | INFO     | src.scraper.projects_scraper:fetch_hackathon_projects:35 - Збір проектів, сторінка 1...
2026-06-26 08:06:31.156 | INFO     | src.scraper.projects_scraper:fetch_hackathon_projects:107 - Сторінка 1: успішно зчитано 23 проектів.
2026-06-26 08:06:33.156 | INFO     | src.scraper.projects_scraper:fetch_hackathon_projects:35 - Збір проектів, сторінка 2...
2026-06-26 08:06:34.256 | INFO     | src.scraper.projects_scraper:fetch_hackathon_projects:107 - Сторінка 2: успішно зчитано 16 проектів.
2026-06-26 08:06:36.256 | INFO     | src.scraper.projects_scraper:fetch_hackathon_projects:35 - Збір проектів, сторінка 3...
2026-06-26 08:06:36.947 | INFO     | src.scraper.projects_scraper:fetch_hackathon_projects:52 - На сторінці 3 більше немає карток проектів. Завершуємо збір.
2026-06-26 08:06:37.027 | INFO     | __main__:run_restore:47 -   [ОК] Відновлено посилання для хакатону: The Future Innovators Hackathon: A Road to START Hack
2026-06-26 08:06:38.027 | INFO     | __main__:run_restore:24 - [45/120] Сканування галереї хакатону: Devlance Hack...
2026-06-26 08:06:38.028 | INFO     | src.scraper.projects_scraper:fetch_hackathon_projects:31 - Запуск збору проектів для субдомену: devlance-hack
2026-06-26 08:06:38.028 | INFO     | src.scraper.projects_scraper:fetch_hackathon_projects:35 - Збір проектів, сторінка 1...
2026-06-26 08:06:39.209 | INFO     | src.scraper.projects_scraper:fetch_hackathon_projects:107 - Сторінка 1: успішно зчитано 24 проектів.
2026-06-26 08:06:41.210 | INFO     | src.scraper.projects_scraper:fetch_hackathon_projects:35 - Збір проектів, сторінка 2...
2026-06-26 08:06:42.344 | INFO     | src.scraper.projects_scraper:fetch_hackathon_projects:107 - Сторінка 2: успішно зчитано 23 проектів.
2026-06-26 08:06:44.348 | INFO     | src.scraper.projects_scraper:fetch_hackathon_projects:35 - Збір проектів, сторінка 3...
2026-06-26 08:06:45.570 | INFO     | src.scraper.projects_scraper:fetch_hackathon_projects:107 - Сторінка 3: успішно зчитано 24 проектів.
2026-06-26 08:06:47.572 | INFO     | src.scraper.projects_scraper:fetch_hackathon_projects:35 - Збір проектів, сторінка 4...
2026-06-26 08:06:48.885 | INFO     | src.scraper.projects_scraper:fetch_hackathon_projects:107 - Сторінка 4: успішно зчитано 24 проектів.
2026-06-26 08:06:50.886 | INFO     | src.scraper.projects_scraper:fetch_hackathon_projects:35 - Збір проектів, сторінка 5...
2026-06-26 08:06:51.863 | INFO     | src.scraper.projects_scraper:fetch_hackathon_projects:107 - Сторінка 5: успішно зчитано 11 проектів.
2026-06-26 08:06:53.866 | INFO     | src.scraper.projects_scraper:fetch_hackathon_projects:35 - Збір проектів, сторінка 6...
2026-06-26 08:06:54.631 | INFO     | src.scraper.projects_scraper:fetch_hackathon_projects:52 - На сторінці 6 більше немає карток проектів. Завершуємо збір.
2026-06-26 08:06:54.980 | INFO     | __main__:run_restore:47 -   [ОК] Відновлено посилання для хакатону: Devlance Hack
2026-06-26 08:06:55.981 | INFO     | __main__:run_restore:24 - [46/120] Сканування галереї хакатону: Digital Innovation Challenge 2025 - Finance Track...
2026-06-26 08:06:55.981 | INFO     | src.scraper.projects_scraper:fetch_hackathon_projects:31 - Запуск збору проектів для субдомену: dic-2025-finance-track
2026-06-26 08:06:55.982 | INFO     | src.scraper.projects_scraper:fetch_hackathon_projects:35 - Збір проектів, сторінка 1...
2026-06-26 08:06:57.360 | INFO     | src.scraper.projects_scraper:fetch_hackathon_projects:107 - Сторінка 1: успішно зчитано 24 проектів.
2026-06-26 08:06:59.362 | INFO     | src.scraper.projects_scraper:fetch_hackathon_projects:35 - Збір проектів, сторінка 2...
2026-06-26 08:07:00.595 | INFO     | src.scraper.projects_scraper:fetch_hackathon_projects:107 - Сторінка 2: успішно зчитано 17 проектів.
2026-06-26 08:07:02.597 | INFO     | src.scraper.projects_scraper:fetch_hackathon_projects:35 - Збір проектів, сторінка 3...
2026-06-26 08:07:03.342 | INFO     | src.scraper.projects_scraper:fetch_hackathon_projects:52 - На сторінці 3 більше немає карток проектів. Завершуємо збір.
2026-06-26 08:07:03.491 | INFO     | __main__:run_restore:47 -   [ОК] Відновлено посилання для хакатону: Digital Innovation Challenge 2025 - Finance Track
2026-06-26 08:07:04.493 | INFO     | __main__:run_restore:24 - [47/120] Сканування галереї хакатону: AlgosQuest 2025...
2026-06-26 08:07:04.494 | INFO     | src.scraper.projects_scraper:fetch_hackathon_projects:31 - Запуск збору проектів для субдомену: algosquest-2025
2026-06-26 08:07:04.494 | INFO     | src.scraper.projects_scraper:fetch_hackathon_projects:35 - Збір проектів, сторінка 1...
2026-06-26 08:07:05.382 | INFO     | src.scraper.projects_scraper:fetch_hackathon_projects:52 - На сторінці 1 більше немає карток проектів. Завершуємо збір.
2026-06-26 08:07:05.383 | INFO     | __main__:run_restore:47 -   [ОК] Відновлено посилання для хакатону: AlgosQuest 2025
2026-06-26 08:07:06.384 | INFO     | __main__:run_restore:24 - [48/120] Сканування галереї хакатону: AI for Civic Innovation Hackathon...
2026-06-26 08:07:06.385 | INFO     | src.scraper.projects_scraper:fetch_hackathon_projects:31 - Запуск збору проектів для субдомену: ai-for-civic-innovation
2026-06-26 08:07:06.385 | INFO     | src.scraper.projects_scraper:fetch_hackathon_projects:35 - Збір проектів, сторінка 1...
2026-06-26 08:07:08.037 | INFO     | src.scraper.projects_scraper:fetch_hackathon_projects:107 - Сторінка 1: успішно зчитано 24 проектів.
2026-06-26 08:07:10.037 | INFO     | src.scraper.projects_scraper:fetch_hackathon_projects:35 - Збір проектів, сторінка 2...
2026-06-26 08:07:11.608 | INFO     | src.scraper.projects_scraper:fetch_hackathon_projects:107 - Сторінка 2: успішно зчитано 24 проектів.
2026-06-26 08:07:13.609 | INFO     | src.scraper.projects_scraper:fetch_hackathon_projects:35 - Збір проектів, сторінка 3...
2026-06-26 08:07:14.791 | INFO     | src.scraper.projects_scraper:fetch_hackathon_projects:107 - Сторінка 3: успішно зчитано 15 проектів.
2026-06-26 08:07:16.793 | INFO     | src.scraper.projects_scraper:fetch_hackathon_projects:35 - Збір проектів, сторінка 4...
2026-06-26 08:07:17.520 | INFO     | src.scraper.projects_scraper:fetch_hackathon_projects:52 - На сторінці 4 більше немає карток проектів. Завершуємо збір.
2026-06-26 08:07:17.713 | INFO     | __main__:run_restore:47 -   [ОК] Відновлено посилання для хакатону: AI for Civic Innovation Hackathon
2026-06-26 08:07:18.714 | INFO     | __main__:run_restore:24 - [49/120] Сканування галереї хакатону: ESE 1900, Silicon Garage, Spring 2026...
2026-06-26 08:07:18.715 | INFO     | src.scraper.projects_scraper:fetch_hackathon_projects:31 - Запуск збору проектів для субдомену: ese-1900-silicon-garage-s26
2026-06-26 08:07:18.715 | INFO     | src.scraper.projects_scraper:fetch_hackathon_projects:35 - Збір проектів, сторінка 1...
2026-06-26 08:07:20.101 | INFO     | src.scraper.projects_scraper:fetch_hackathon_projects:107 - Сторінка 1: успішно зчитано 23 проектів.
2026-06-26 08:07:22.102 | INFO     | src.scraper.projects_scraper:fetch_hackathon_projects:35 - Збір проектів, сторінка 2...
2026-06-26 08:07:23.435 | INFO     | src.scraper.projects_scraper:fetch_hackathon_projects:107 - Сторінка 2: успішно зчитано 24 проектів.
2026-06-26 08:07:25.437 | INFO     | src.scraper.projects_scraper:fetch_hackathon_projects:35 - Збір проектів, сторінка 3...
2026-06-26 08:07:26.689 | INFO     | src.scraper.projects_scraper:fetch_hackathon_projects:107 - Сторінка 3: успішно зчитано 24 проектів.
2026-06-26 08:07:28.691 | INFO     | src.scraper.projects_scraper:fetch_hackathon_projects:35 - Збір проектів, сторінка 4...
2026-06-26 08:07:29.691 | INFO     | src.scraper.projects_scraper:fetch_hackathon_projects:107 - Сторінка 4: успішно зчитано 11 проектів.
2026-06-26 08:07:31.693 | INFO     | src.scraper.projects_scraper:fetch_hackathon_projects:35 - Збір проектів, сторінка 5...
2026-06-26 08:07:32.414 | INFO     | src.scraper.projects_scraper:fetch_hackathon_projects:52 - На сторінці 5 більше немає карток проектів. Завершуємо збір.
2026-06-26 08:07:32.694 | INFO     | __main__:run_restore:47 -   [ОК] Відновлено посилання для хакатону: ESE 1900, Silicon Garage, Spring 2026
2026-06-26 08:07:33.695 | INFO     | __main__:run_restore:24 - [50/120] Сканування галереї хакатону: Bharat Bricks Hacks 2026: IIT Madras...
2026-06-26 08:07:33.697 | INFO     | src.scraper.projects_scraper:fetch_hackathon_projects:31 - Запуск збору проектів для субдомену: bb2026-iitm
2026-06-26 08:07:33.698 | INFO     | src.scraper.projects_scraper:fetch_hackathon_projects:35 - Збір проектів, сторінка 1...
2026-06-26 08:07:34.561 | INFO     | src.scraper.projects_scraper:fetch_hackathon_projects:52 - На сторінці 1 більше немає карток проектів. Завершуємо збір.
2026-06-26 08:07:34.562 | INFO     | __main__:run_restore:47 -   [ОК] Відновлено посилання для хакатону: Bharat Bricks Hacks 2026: IIT Madras
2026-06-26 08:07:35.563 | INFO     | __main__:run_restore:24 - [51/120] Сканування галереї хакатону: BrailleVision Hackathon...
2026-06-26 08:07:35.564 | INFO     | src.scraper.projects_scraper:fetch_hackathon_projects:31 - Запуск збору проектів для субдомену: braillevision-hackathon
2026-06-26 08:07:35.564 | INFO     | src.scraper.projects_scraper:fetch_hackathon_projects:35 - Збір проектів, сторінка 1...
2026-06-26 08:07:36.393 | INFO     | src.scraper.projects_scraper:fetch_hackathon_projects:52 - На сторінці 1 більше немає карток проектів. Завершуємо збір.
2026-06-26 08:07:36.395 | INFO     | __main__:run_restore:47 -   [ОК] Відновлено посилання для хакатону: BrailleVision Hackathon
2026-06-26 08:07:37.396 | INFO     | __main__:run_restore:24 - [52/120] Сканування галереї хакатону: ImagineHack 2026...
2026-06-26 08:07:37.397 | INFO     | src.scraper.projects_scraper:fetch_hackathon_projects:31 - Запуск збору проектів для субдомену: imaginehack2026
2026-06-26 08:07:37.398 | INFO     | src.scraper.projects_scraper:fetch_hackathon_projects:35 - Збір проектів, сторінка 1...
2026-06-26 08:07:38.818 | INFO     | src.scraper.projects_scraper:fetch_hackathon_projects:107 - Сторінка 1: успішно зчитано 24 проектів.
2026-06-26 08:07:40.820 | INFO     | src.scraper.projects_scraper:fetch_hackathon_projects:35 - Збір проектів, сторінка 2...
2026-06-26 08:07:42.256 | INFO     | src.scraper.projects_scraper:fetch_hackathon_projects:107 - Сторінка 2: успішно зчитано 24 проектів.
2026-06-26 08:07:44.257 | INFO     | src.scraper.projects_scraper:fetch_hackathon_projects:35 - Збір проектів, сторінка 3...
2026-06-26 08:07:45.186 | INFO     | src.scraper.projects_scraper:fetch_hackathon_projects:107 - Сторінка 3: успішно зчитано 6 проектів.
2026-06-26 08:07:47.187 | INFO     | src.scraper.projects_scraper:fetch_hackathon_projects:35 - Збір проектів, сторінка 4...
2026-06-26 08:07:47.992 | INFO     | src.scraper.projects_scraper:fetch_hackathon_projects:52 - На сторінці 4 більше немає карток проектів. Завершуємо збір.
2026-06-26 08:07:48.882 | INFO     | __main__:run_restore:47 -   [ОК] Відновлено посилання для хакатону: ImagineHack 2026
2026-06-26 08:07:49.883 | INFO     | __main__:run_restore:24 - [53/120] Сканування галереї хакатону: HackMars 3.0: NEON...
2026-06-26 08:07:49.884 | INFO     | src.scraper.projects_scraper:fetch_hackathon_projects:31 - Запуск збору проектів для субдомену: hackmars-3-0-neon
2026-06-26 08:07:49.884 | INFO     | src.scraper.projects_scraper:fetch_hackathon_projects:35 - Збір проектів, сторінка 1...
2026-06-26 08:07:51.222 | INFO     | src.scraper.projects_scraper:fetch_hackathon_projects:107 - Сторінка 1: успішно зчитано 24 проектів.
2026-06-26 08:07:53.222 | INFO     | src.scraper.projects_scraper:fetch_hackathon_projects:35 - Збір проектів, сторінка 2...
2026-06-26 08:07:54.389 | INFO     | src.scraper.projects_scraper:fetch_hackathon_projects:107 - Сторінка 2: успішно зчитано 23 проектів.
2026-06-26 08:07:56.390 | INFO     | src.scraper.projects_scraper:fetch_hackathon_projects:35 - Збір проектів, сторінка 3...
2026-06-26 08:07:57.534 | INFO     | src.scraper.projects_scraper:fetch_hackathon_projects:107 - Сторінка 3: успішно зчитано 20 проектів.
2026-06-26 08:07:59.534 | INFO     | src.scraper.projects_scraper:fetch_hackathon_projects:35 - Збір проектів, сторінка 4...
2026-06-26 08:08:00.309 | INFO     | src.scraper.projects_scraper:fetch_hackathon_projects:52 - На сторінці 4 більше немає карток проектів. Завершуємо збір.
2026-06-26 08:08:00.521 | INFO     | __main__:run_restore:47 -   [ОК] Відновлено посилання для хакатону: HackMars 3.0: NEON
2026-06-26 08:08:01.522 | INFO     | __main__:run_restore:24 - [54/120] Сканування галереї хакатону: HackNation...
2026-06-26 08:08:01.523 | INFO     | src.scraper.projects_scraper:fetch_hackathon_projects:31 - Запуск збору проектів для субдомену: hack-nation
2026-06-26 08:08:01.524 | INFO     | src.scraper.projects_scraper:fetch_hackathon_projects:35 - Збір проектів, сторінка 1...
2026-06-26 08:08:02.370 | INFO     | src.scraper.projects_scraper:fetch_hackathon_projects:52 - На сторінці 1 більше немає карток проектів. Завершуємо збір.
2026-06-26 08:08:02.371 | INFO     | __main__:run_restore:47 -   [ОК] Відновлено посилання для хакатону: HackNation
2026-06-26 08:08:03.372 | INFO     | __main__:run_restore:24 - [55/120] Сканування галереї хакатону: [case]Hacks 2026...
2026-06-26 08:08:03.372 | INFO     | src.scraper.projects_scraper:fetch_hackathon_projects:31 - Запуск збору проектів для субдомену: casehacks-2026
2026-06-26 08:08:03.376 | INFO     | src.scraper.projects_scraper:fetch_hackathon_projects:35 - Збір проектів, сторінка 1...
2026-06-26 08:08:04.708 | INFO     | src.scraper.projects_scraper:fetch_hackathon_projects:107 - Сторінка 1: успішно зчитано 24 проектів.
2026-06-26 08:08:06.709 | INFO     | src.scraper.projects_scraper:fetch_hackathon_projects:35 - Збір проектів, сторінка 2...
2026-06-26 08:08:07.854 | INFO     | src.scraper.projects_scraper:fetch_hackathon_projects:107 - Сторінка 2: успішно зчитано 21 проектів.
2026-06-26 08:08:09.854 | INFO     | src.scraper.projects_scraper:fetch_hackathon_projects:35 - Збір проектів, сторінка 3...
2026-06-26 08:08:10.596 | INFO     | src.scraper.projects_scraper:fetch_hackathon_projects:52 - На сторінці 3 більше немає карток проектів. Завершуємо збір.
2026-06-26 08:08:10.694 | INFO     | __main__:run_restore:47 -   [ОК] Відновлено посилання для хакатону: [case]Hacks 2026
2026-06-26 08:08:11.695 | INFO     | __main__:run_restore:24 - [56/120] Сканування галереї хакатону: CodeStorm...
2026-06-26 08:08:11.696 | INFO     | src.scraper.projects_scraper:fetch_hackathon_projects:31 - Запуск збору проектів для субдомену: codestorm
2026-06-26 08:08:11.696 | INFO     | src.scraper.projects_scraper:fetch_hackathon_projects:35 - Збір проектів, сторінка 1...
2026-06-26 08:08:12.975 | INFO     | src.scraper.projects_scraper:fetch_hackathon_projects:107 - Сторінка 1: успішно зчитано 24 проектів.
2026-06-26 08:08:14.975 | INFO     | src.scraper.projects_scraper:fetch_hackathon_projects:35 - Збір проектів, сторінка 2...
2026-06-26 08:08:16.149 | INFO     | src.scraper.projects_scraper:fetch_hackathon_projects:107 - Сторінка 2: успішно зчитано 24 проектів.
2026-06-26 08:08:18.152 | INFO     | src.scraper.projects_scraper:fetch_hackathon_projects:35 - Збір проектів, сторінка 3...
2026-06-26 08:08:19.120 | INFO     | src.scraper.projects_scraper:fetch_hackathon_projects:107 - Сторінка 3: успішно зчитано 12 проектів.
2026-06-26 08:08:21.121 | INFO     | src.scraper.projects_scraper:fetch_hackathon_projects:35 - Збір проектів, сторінка 4...
2026-06-26 08:08:21.841 | INFO     | src.scraper.projects_scraper:fetch_hackathon_projects:52 - На сторінці 4 більше немає карток проектів. Завершуємо збір.
2026-06-26 08:08:21.962 | INFO     | __main__:run_restore:47 -   [ОК] Відновлено посилання для хакатону: CodeStorm
2026-06-26 08:08:22.963 | INFO     | __main__:run_restore:24 - [57/120] Сканування галереї хакатону: hatrek...
2026-06-26 08:08:22.964 | INFO     | src.scraper.projects_scraper:fetch_hackathon_projects:31 - Запуск збору проектів для субдомену: hatrek
2026-06-26 08:08:22.965 | INFO     | src.scraper.projects_scraper:fetch_hackathon_projects:35 - Збір проектів, сторінка 1...
2026-06-26 08:08:23.761 | INFO     | src.scraper.projects_scraper:fetch_hackathon_projects:52 - На сторінці 1 більше немає карток проектів. Завершуємо збір.
2026-06-26 08:08:23.762 | INFO     | __main__:run_restore:47 -   [ОК] Відновлено посилання для хакатону: hatrek
2026-06-26 08:08:24.763 | INFO     | __main__:run_restore:24 - [58/120] Сканування галереї хакатону: She ships - 8M hackathon...
2026-06-26 08:08:24.764 | INFO     | src.scraper.projects_scraper:fetch_hackathon_projects:31 - Запуск збору проектів для субдомену: sheshipshackathon
2026-06-26 08:08:24.764 | INFO     | src.scraper.projects_scraper:fetch_hackathon_projects:35 - Збір проектів, сторінка 1...
2026-06-26 08:08:26.051 | INFO     | src.scraper.projects_scraper:fetch_hackathon_projects:107 - Сторінка 1: успішно зчитано 24 проектів.
2026-06-26 08:08:28.052 | INFO     | src.scraper.projects_scraper:fetch_hackathon_projects:35 - Збір проектів, сторінка 2...
2026-06-26 08:08:29.253 | INFO     | src.scraper.projects_scraper:fetch_hackathon_projects:107 - Сторінка 2: успішно зчитано 24 проектів.
2026-06-26 08:08:31.253 | INFO     | src.scraper.projects_scraper:fetch_hackathon_projects:35 - Збір проектів, сторінка 3...
2026-06-26 08:08:32.173 | INFO     | src.scraper.projects_scraper:fetch_hackathon_projects:107 - Сторінка 3: успішно зчитано 8 проектів.
2026-06-26 08:08:34.174 | INFO     | src.scraper.projects_scraper:fetch_hackathon_projects:35 - Збір проектів, сторінка 4...
2026-06-26 08:08:34.898 | INFO     | src.scraper.projects_scraper:fetch_hackathon_projects:52 - На сторінці 4 більше немає карток проектів. Завершуємо збір.
2026-06-26 08:08:35.027 | INFO     | __main__:run_restore:47 -   [ОК] Відновлено посилання для хакатону: She ships - 8M hackathon
2026-06-26 08:08:36.029 | INFO     | __main__:run_restore:24 - [59/120] Сканування галереї хакатону: AcademiesHacks 2026...
2026-06-26 08:08:36.029 | INFO     | src.scraper.projects_scraper:fetch_hackathon_projects:31 - Запуск збору проектів для субдомену: aclhacks26
2026-06-26 08:08:36.029 | INFO     | src.scraper.projects_scraper:fetch_hackathon_projects:35 - Збір проектів, сторінка 1...
2026-06-26 08:08:37.461 | INFO     | src.scraper.projects_scraper:fetch_hackathon_projects:107 - Сторінка 1: успішно зчитано 24 проектів.
2026-06-26 08:08:39.461 | INFO     | src.scraper.projects_scraper:fetch_hackathon_projects:35 - Збір проектів, сторінка 2...
2026-06-26 08:08:40.580 | INFO     | src.scraper.projects_scraper:fetch_hackathon_projects:107 - Сторінка 2: успішно зчитано 24 проектів.
2026-06-26 08:08:42.581 | INFO     | src.scraper.projects_scraper:fetch_hackathon_projects:35 - Збір проектів, сторінка 3...
2026-06-26 08:08:43.596 | INFO     | src.scraper.projects_scraper:fetch_hackathon_projects:107 - Сторінка 3: успішно зчитано 18 проектів.
2026-06-26 08:08:45.597 | INFO     | src.scraper.projects_scraper:fetch_hackathon_projects:35 - Збір проектів, сторінка 4...
2026-06-26 08:08:46.297 | INFO     | src.scraper.projects_scraper:fetch_hackathon_projects:52 - На сторінці 4 більше немає карток проектів. Завершуємо збір.
2026-06-26 08:08:46.456 | INFO     | __main__:run_restore:47 -   [ОК] Відновлено посилання для хакатону: AcademiesHacks 2026
2026-06-26 08:08:47.457 | INFO     | __main__:run_restore:24 - [60/120] Сканування галереї хакатону: Neurocore Overnight Hackathon...
2026-06-26 08:08:47.457 | INFO     | src.scraper.projects_scraper:fetch_hackathon_projects:31 - Запуск збору проектів для субдомену: neurcore-overnight-hackathon
2026-06-26 08:08:47.458 | INFO     | src.scraper.projects_scraper:fetch_hackathon_projects:35 - Збір проектів, сторінка 1...
2026-06-26 08:08:48.246 | INFO     | src.scraper.projects_scraper:fetch_hackathon_projects:52 - На сторінці 1 більше немає карток проектів. Завершуємо збір.
2026-06-26 08:08:48.248 | INFO     | __main__:run_restore:47 -   [ОК] Відновлено посилання для хакатону: Neurocore Overnight Hackathon
2026-06-26 08:08:49.249 | INFO     | __main__:run_restore:24 - [61/120] Сканування галереї хакатону: VibeHack London 2026...
2026-06-26 08:08:49.249 | INFO     | src.scraper.projects_scraper:fetch_hackathon_projects:31 - Запуск збору проектів для субдомену: vibehack-london-2026
2026-06-26 08:08:49.250 | INFO     | src.scraper.projects_scraper:fetch_hackathon_projects:35 - Збір проектів, сторінка 1...
2026-06-26 08:08:50.166 | INFO     | src.scraper.projects_scraper:fetch_hackathon_projects:107 - Сторінка 1: успішно зчитано 24 проектів.
2026-06-26 08:08:52.166 | INFO     | src.scraper.projects_scraper:fetch_hackathon_projects:35 - Збір проектів, сторінка 2...
2026-06-26 08:08:53.338 | INFO     | src.scraper.projects_scraper:fetch_hackathon_projects:107 - Сторінка 2: успішно зчитано 24 проектів.
2026-06-26 08:08:55.339 | INFO     | src.scraper.projects_scraper:fetch_hackathon_projects:35 - Збір проектів, сторінка 3...
2026-06-26 08:08:56.323 | INFO     | src.scraper.projects_scraper:fetch_hackathon_projects:107 - Сторінка 3: успішно зчитано 14 проектів.
2026-06-26 08:08:58.323 | INFO     | src.scraper.projects_scraper:fetch_hackathon_projects:35 - Збір проектів, сторінка 4...
2026-06-26 08:08:59.052 | INFO     | src.scraper.projects_scraper:fetch_hackathon_projects:52 - На сторінці 4 більше немає карток проектів. Завершуємо збір.
2026-06-26 08:08:59.196 | INFO     | __main__:run_restore:47 -   [ОК] Відновлено посилання для хакатону: VibeHack London 2026
2026-06-26 08:09:00.197 | INFO     | __main__:run_restore:24 - [62/120] Сканування галереї хакатону: Hack Kosice 2026...
2026-06-26 08:09:00.197 | INFO     | src.scraper.projects_scraper:fetch_hackathon_projects:31 - Запуск збору проектів для субдомену: hack-kosice-2026
2026-06-26 08:09:00.198 | INFO     | src.scraper.projects_scraper:fetch_hackathon_projects:35 - Збір проектів, сторінка 1...
2026-06-26 08:09:01.453 | INFO     | src.scraper.projects_scraper:fetch_hackathon_projects:107 - Сторінка 1: успішно зчитано 24 проектів.
2026-06-26 08:09:03.454 | INFO     | src.scraper.projects_scraper:fetch_hackathon_projects:35 - Збір проектів, сторінка 2...
2026-06-26 08:09:04.825 | INFO     | src.scraper.projects_scraper:fetch_hackathon_projects:107 - Сторінка 2: успішно зчитано 24 проектів.
2026-06-26 08:09:06.828 | INFO     | src.scraper.projects_scraper:fetch_hackathon_projects:35 - Збір проектів, сторінка 3...
2026-06-26 08:09:07.549 | INFO     | src.scraper.projects_scraper:fetch_hackathon_projects:52 - На сторінці 3 більше немає карток проектів. Завершуємо збір.
2026-06-26 08:09:07.643 | INFO     | __main__:run_restore:47 -   [ОК] Відновлено посилання для хакатону: Hack Kosice 2026
2026-06-26 08:09:08.643 | INFO     | __main__:run_restore:24 - [63/120] Сканування галереї хакатону: HackJPS 2026...
2026-06-26 08:09:08.644 | INFO     | src.scraper.projects_scraper:fetch_hackathon_projects:31 - Запуск збору проектів для субдомену: hackjps26
2026-06-26 08:09:08.644 | INFO     | src.scraper.projects_scraper:fetch_hackathon_projects:35 - Збір проектів, сторінка 1...
2026-06-26 08:09:09.965 | INFO     | src.scraper.projects_scraper:fetch_hackathon_projects:107 - Сторінка 1: успішно зчитано 24 проектів.
2026-06-26 08:09:11.965 | INFO     | src.scraper.projects_scraper:fetch_hackathon_projects:35 - Збір проектів, сторінка 2...
2026-06-26 08:09:12.897 | INFO     | src.scraper.projects_scraper:fetch_hackathon_projects:107 - Сторінка 2: успішно зчитано 10 проектів.
2026-06-26 08:09:14.900 | INFO     | src.scraper.projects_scraper:fetch_hackathon_projects:35 - Збір проектів, сторінка 3...
2026-06-26 08:09:15.605 | INFO     | src.scraper.projects_scraper:fetch_hackathon_projects:52 - На сторінці 3 більше немає карток проектів. Завершуємо збір.
2026-06-26 08:09:15.672 | INFO     | __main__:run_restore:47 -   [ОК] Відновлено посилання для хакатону: HackJPS 2026
2026-06-26 08:09:16.673 | INFO     | __main__:run_restore:24 - [64/120] Сканування галереї хакатону: GreenHack By Grevoro...
2026-06-26 08:09:16.673 | INFO     | src.scraper.projects_scraper:fetch_hackathon_projects:31 - Запуск збору проектів для субдомену: greenhack-29961
2026-06-26 08:09:16.674 | INFO     | src.scraper.projects_scraper:fetch_hackathon_projects:35 - Збір проектів, сторінка 1...
2026-06-26 08:09:17.461 | INFO     | src.scraper.projects_scraper:fetch_hackathon_projects:52 - На сторінці 1 більше немає карток проектів. Завершуємо збір.
2026-06-26 08:09:17.463 | INFO     | __main__:run_restore:47 -   [ОК] Відновлено посилання для хакатону: GreenHack By Grevoro
2026-06-26 08:09:18.464 | INFO     | __main__:run_restore:24 - [65/120] Сканування галереї хакатону: Smart Innovation 2026...
2026-06-26 08:09:18.464 | INFO     | src.scraper.projects_scraper:fetch_hackathon_projects:31 - Запуск збору проектів для субдомену: smart-innovation-2026
2026-06-26 08:09:18.464 | INFO     | src.scraper.projects_scraper:fetch_hackathon_projects:35 - Збір проектів, сторінка 1...
2026-06-26 08:09:19.291 | INFO     | src.scraper.projects_scraper:fetch_hackathon_projects:52 - На сторінці 1 більше немає карток проектів. Завершуємо збір.
2026-06-26 08:09:19.292 | INFO     | __main__:run_restore:47 -   [ОК] Відновлено посилання для хакатону: Smart Innovation 2026
2026-06-26 08:09:20.293 | INFO     | __main__:run_restore:24 - [66/120] Сканування галереї хакатону: DSOC : Summer Edition...
2026-06-26 08:09:20.293 | INFO     | src.scraper.projects_scraper:fetch_hackathon_projects:31 - Запуск збору проектів для субдомену: dsoc-summer-edition
2026-06-26 08:09:20.294 | INFO     | src.scraper.projects_scraper:fetch_hackathon_projects:35 - Збір проектів, сторінка 1...
2026-06-26 08:09:21.079 | INFO     | src.scraper.projects_scraper:fetch_hackathon_projects:52 - На сторінці 1 більше немає карток проектів. Завершуємо збір.
2026-06-26 08:09:21.083 | INFO     | __main__:run_restore:47 -   [ОК] Відновлено посилання для хакатону: DSOC : Summer Edition
2026-06-26 08:09:22.084 | INFO     | __main__:run_restore:24 - [67/120] Сканування галереї хакатону: BugBash...
2026-06-26 08:09:22.084 | INFO     | src.scraper.projects_scraper:fetch_hackathon_projects:31 - Запуск збору проектів для субдомену: shebuilds-29495
2026-06-26 08:09:22.084 | INFO     | src.scraper.projects_scraper:fetch_hackathon_projects:35 - Збір проектів, сторінка 1...
2026-06-26 08:09:23.394 | INFO     | src.scraper.projects_scraper:fetch_hackathon_projects:107 - Сторінка 1: успішно зчитано 24 проектів.
2026-06-26 08:09:25.395 | INFO     | src.scraper.projects_scraper:fetch_hackathon_projects:35 - Збір проектів, сторінка 2...
2026-06-26 08:09:26.472 | INFO     | src.scraper.projects_scraper:fetch_hackathon_projects:107 - Сторінка 2: успішно зчитано 18 проектів.
2026-06-26 08:09:28.473 | INFO     | src.scraper.projects_scraper:fetch_hackathon_projects:35 - Збір проектів, сторінка 3...
2026-06-26 08:09:29.188 | INFO     | src.scraper.projects_scraper:fetch_hackathon_projects:52 - На сторінці 3 більше немає карток проектів. Завершуємо збір.
2026-06-26 08:09:29.272 | INFO     | __main__:run_restore:47 -   [ОК] Відновлено посилання для хакатону: BugBash
2026-06-26 08:09:30.273 | INFO     | __main__:run_restore:24 - [68/120] Сканування галереї хакатону: Kifiya Inspire 3.0...
2026-06-26 08:09:30.273 | INFO     | src.scraper.projects_scraper:fetch_hackathon_projects:31 - Запуск збору проектів для субдомену: kifiya-inspire-3-0
2026-06-26 08:09:30.273 | INFO     | src.scraper.projects_scraper:fetch_hackathon_projects:35 - Збір проектів, сторінка 1...
2026-06-26 08:09:31.245 | INFO     | src.scraper.projects_scraper:fetch_hackathon_projects:52 - На сторінці 1 більше немає карток проектів. Завершуємо збір.
2026-06-26 08:09:31.246 | INFO     | __main__:run_restore:47 -   [ОК] Відновлено посилання для хакатону: Kifiya Inspire 3.0
2026-06-26 08:09:32.247 | INFO     | __main__:run_restore:24 - [69/120] Сканування галереї хакатону: NJx Hackathon Summer 2026...
2026-06-26 08:09:32.248 | INFO     | src.scraper.projects_scraper:fetch_hackathon_projects:31 - Запуск збору проектів для субдомену: njx-hackathon-summer-2026
2026-06-26 08:09:32.249 | INFO     | src.scraper.projects_scraper:fetch_hackathon_projects:35 - Збір проектів, сторінка 1...
2026-06-26 08:09:33.041 | INFO     | src.scraper.projects_scraper:fetch_hackathon_projects:52 - На сторінці 1 більше немає карток проектів. Завершуємо збір.
2026-06-26 08:09:33.042 | INFO     | __main__:run_restore:47 -   [ОК] Відновлено посилання для хакатону: NJx Hackathon Summer 2026
2026-06-26 08:09:34.043 | INFO     | __main__:run_restore:24 - [70/120] Сканування галереї хакатону: Hack Days Ankara: Build with Gemini...
2026-06-26 08:09:34.043 | INFO     | src.scraper.projects_scraper:fetch_hackathon_projects:31 - Запуск збору проектів для субдомену: hack-days-ankara
2026-06-26 08:09:34.044 | INFO     | src.scraper.projects_scraper:fetch_hackathon_projects:35 - Збір проектів, сторінка 1...
2026-06-26 08:09:35.005 | INFO     | src.scraper.projects_scraper:fetch_hackathon_projects:52 - На сторінці 1 більше немає карток проектів. Завершуємо збір.
2026-06-26 08:09:35.009 | INFO     | __main__:run_restore:47 -   [ОК] Відновлено посилання для хакатону: Hack Days Ankara: Build with Gemini
2026-06-26 08:09:36.010 | INFO     | __main__:run_restore:24 - [71/120] Сканування галереї хакатону: Claude Hackathon at Imperial College London | Claude Builder Club @ Imperial...
2026-06-26 08:09:36.010 | INFO     | src.scraper.projects_scraper:fetch_hackathon_projects:31 - Запуск збору проектів для субдомену: claude-hackathon-at-imperial
2026-06-26 08:09:36.011 | INFO     | src.scraper.projects_scraper:fetch_hackathon_projects:35 - Збір проектів, сторінка 1...
2026-06-26 08:09:37.340 | INFO     | src.scraper.projects_scraper:fetch_hackathon_projects:107 - Сторінка 1: успішно зчитано 24 проектів.
2026-06-26 08:09:39.341 | INFO     | src.scraper.projects_scraper:fetch_hackathon_projects:35 - Збір проектів, сторінка 2...
2026-06-26 08:09:40.579 | INFO     | src.scraper.projects_scraper:fetch_hackathon_projects:107 - Сторінка 2: успішно зчитано 23 проектів.
2026-06-26 08:09:42.582 | INFO     | src.scraper.projects_scraper:fetch_hackathon_projects:35 - Збір проектів, сторінка 3...
2026-06-26 08:09:43.637 | INFO     | src.scraper.projects_scraper:fetch_hackathon_projects:107 - Сторінка 3: успішно зчитано 16 проектів.
2026-06-26 08:09:45.637 | INFO     | src.scraper.projects_scraper:fetch_hackathon_projects:35 - Збір проектів, сторінка 4...
2026-06-26 08:09:46.347 | INFO     | src.scraper.projects_scraper:fetch_hackathon_projects:52 - На сторінці 4 більше немає карток проектів. Завершуємо збір.
2026-06-26 08:09:46.471 | INFO     | __main__:run_restore:47 -   [ОК] Відновлено посилання для хакатону: Claude Hackathon at Imperial College London | Claude Builder Club @ Imperial
2026-06-26 08:09:47.472 | INFO     | __main__:run_restore:24 - [72/120] Сканування галереї хакатону: Innovate for Impact - NGM Group...
2026-06-26 08:09:47.474 | INFO     | src.scraper.projects_scraper:fetch_hackathon_projects:31 - Запуск збору проектів для субдомену: innovate-for-impact-ngm-group
2026-06-26 08:09:47.474 | INFO     | src.scraper.projects_scraper:fetch_hackathon_projects:35 - Збір проектів, сторінка 1...
2026-06-26 08:09:48.888 | INFO     | src.scraper.projects_scraper:fetch_hackathon_projects:107 - Сторінка 1: успішно зчитано 24 проектів.
2026-06-26 08:09:50.888 | INFO     | src.scraper.projects_scraper:fetch_hackathon_projects:35 - Збір проектів, сторінка 2...
2026-06-26 08:09:51.723 | INFO     | src.scraper.projects_scraper:fetch_hackathon_projects:107 - Сторінка 2: успішно зчитано 5 проектів.
2026-06-26 08:09:53.727 | INFO     | src.scraper.projects_scraper:fetch_hackathon_projects:35 - Збір проектів, сторінка 3...
2026-06-26 08:09:54.432 | INFO     | src.scraper.projects_scraper:fetch_hackathon_projects:52 - На сторінці 3 більше немає карток проектів. Завершуємо збір.
2026-06-26 08:09:54.490 | INFO     | __main__:run_restore:47 -   [ОК] Відновлено посилання для хакатону: Innovate for Impact - NGM Group
2026-06-26 08:09:55.491 | INFO     | __main__:run_restore:24 - [73/120] Сканування галереї хакатону: Ignisia | National Level AI Hackathon...
2026-06-26 08:09:55.491 | INFO     | src.scraper.projects_scraper:fetch_hackathon_projects:31 - Запуск збору проектів для субдомену: ignisia
2026-06-26 08:09:55.491 | INFO     | src.scraper.projects_scraper:fetch_hackathon_projects:35 - Збір проектів, сторінка 1...
2026-06-26 08:09:56.280 | INFO     | src.scraper.projects_scraper:fetch_hackathon_projects:52 - На сторінці 1 більше немає карток проектів. Завершуємо збір.
2026-06-26 08:09:56.281 | INFO     | __main__:run_restore:47 -   [ОК] Відновлено посилання для хакатону: Ignisia | National Level AI Hackathon
2026-06-26 08:09:57.281 | INFO     | __main__:run_restore:24 - [74/120] Сканування галереї хакатону: Luddy Hacks 2026...
2026-06-26 08:09:57.282 | INFO     | src.scraper.projects_scraper:fetch_hackathon_projects:31 - Запуск збору проектів для субдомену: luddy-hacks-2026
2026-06-26 08:09:57.283 | INFO     | src.scraper.projects_scraper:fetch_hackathon_projects:35 - Збір проектів, сторінка 1...
2026-06-26 08:09:58.748 | INFO     | src.scraper.projects_scraper:fetch_hackathon_projects:107 - Сторінка 1: успішно зчитано 24 проектів.
2026-06-26 08:10:00.748 | INFO     | src.scraper.projects_scraper:fetch_hackathon_projects:35 - Збір проектів, сторінка 2...
2026-06-26 08:10:01.615 | INFO     | src.scraper.projects_scraper:fetch_hackathon_projects:107 - Сторінка 2: успішно зчитано 5 проектів.
2026-06-26 08:10:03.615 | INFO     | src.scraper.projects_scraper:fetch_hackathon_projects:35 - Збір проектів, сторінка 3...
2026-06-26 08:10:04.313 | INFO     | src.scraper.projects_scraper:fetch_hackathon_projects:52 - На сторінці 3 більше немає карток проектів. Завершуємо збір.
2026-06-26 08:10:04.370 | INFO     | __main__:run_restore:47 -   [ОК] Відновлено посилання для хакатону: Luddy Hacks 2026
2026-06-26 08:10:05.370 | INFO     | __main__:run_restore:24 - [75/120] Сканування галереї хакатону: Inactive (Hackathon Moved)...
2026-06-26 08:10:05.371 | INFO     | src.scraper.projects_scraper:fetch_hackathon_projects:31 - Запуск збору проектів для субдомену: pacshackathon25
2026-06-26 08:10:05.373 | INFO     | src.scraper.projects_scraper:fetch_hackathon_projects:35 - Збір проектів, сторінка 1...
2026-06-26 08:10:06.213 | INFO     | src.scraper.projects_scraper:fetch_hackathon_projects:52 - На сторінці 1 більше немає карток проектів. Завершуємо збір.
2026-06-26 08:10:06.216 | INFO     | __main__:run_restore:47 -   [ОК] Відновлено посилання для хакатону: Inactive (Hackathon Moved)
2026-06-26 08:10:07.216 | INFO     | __main__:run_restore:24 - [76/120] Сканування галереї хакатону: AEE Energy Hackathon...
2026-06-26 08:10:07.217 | INFO     | src.scraper.projects_scraper:fetch_hackathon_projects:31 - Запуск збору проектів для субдомену: asu-energy-hackathon
2026-06-26 08:10:07.217 | INFO     | src.scraper.projects_scraper:fetch_hackathon_projects:35 - Збір проектів, сторінка 1...
2026-06-26 08:10:08.019 | INFO     | src.scraper.projects_scraper:fetch_hackathon_projects:52 - На сторінці 1 більше немає карток проектів. Завершуємо збір.
2026-06-26 08:10:08.020 | INFO     | __main__:run_restore:47 -   [ОК] Відновлено посилання для хакатону: AEE Energy Hackathon
2026-06-26 08:10:09.020 | INFO     | __main__:run_restore:24 - [77/120] Сканування галереї хакатону: Bharat Bricks Hacks 2026: IISc Bengaluru...
2026-06-26 08:10:09.021 | INFO     | src.scraper.projects_scraper:fetch_hackathon_projects:31 - Запуск збору проектів для субдомену: bb2026-iisc
2026-06-26 08:10:09.021 | INFO     | src.scraper.projects_scraper:fetch_hackathon_projects:35 - Збір проектів, сторінка 1...
2026-06-26 08:10:09.865 | INFO     | src.scraper.projects_scraper:fetch_hackathon_projects:52 - На сторінці 1 більше немає карток проектів. Завершуємо збір.
2026-06-26 08:10:09.869 | INFO     | __main__:run_restore:47 -   [ОК] Відновлено посилання для хакатону: Bharat Bricks Hacks 2026: IISc Bengaluru
2026-06-26 08:10:10.870 | INFO     | __main__:run_restore:24 - [78/120] Сканування галереї хакатону: BUILD ZERO HACKATHON- NAIROBI...
2026-06-26 08:10:10.871 | INFO     | src.scraper.projects_scraper:fetch_hackathon_projects:31 - Запуск збору проектів для субдомену: build-zero-hackathon-nairobi
2026-06-26 08:10:10.872 | INFO     | src.scraper.projects_scraper:fetch_hackathon_projects:35 - Збір проектів, сторінка 1...
2026-06-26 08:10:12.136 | INFO     | src.scraper.projects_scraper:fetch_hackathon_projects:107 - Сторінка 1: успішно зчитано 20 проектів.
2026-06-26 08:10:14.137 | INFO     | src.scraper.projects_scraper:fetch_hackathon_projects:35 - Збір проектів, сторінка 2...
2026-06-26 08:10:14.843 | INFO     | src.scraper.projects_scraper:fetch_hackathon_projects:52 - На сторінці 2 більше немає карток проектів. Завершуємо збір.
2026-06-26 08:10:14.887 | INFO     | __main__:run_restore:47 -   [ОК] Відновлено посилання для хакатону: BUILD ZERO HACKATHON- NAIROBI
2026-06-26 08:10:15.887 | INFO     | __main__:run_restore:24 - [79/120] Сканування галереї хакатону: ALI Builds Hackathon...
2026-06-26 08:10:15.888 | INFO     | src.scraper.projects_scraper:fetch_hackathon_projects:31 - Запуск збору проектів для субдомену: ali-hackathon
2026-06-26 08:10:15.889 | INFO     | src.scraper.projects_scraper:fetch_hackathon_projects:35 - Збір проектів, сторінка 1...
2026-06-26 08:10:17.012 | INFO     | src.scraper.projects_scraper:fetch_hackathon_projects:107 - Сторінка 1: успішно зчитано 16 проектів.
2026-06-26 08:10:19.012 | INFO     | src.scraper.projects_scraper:fetch_hackathon_projects:35 - Збір проектів, сторінка 2...
2026-06-26 08:10:19.737 | INFO     | src.scraper.projects_scraper:fetch_hackathon_projects:52 - На сторінці 2 більше немає карток проектів. Завершуємо збір.
2026-06-26 08:10:19.773 | INFO     | __main__:run_restore:47 -   [ОК] Відновлено посилання для хакатону: ALI Builds Hackathon
2026-06-26 08:10:20.774 | INFO     | __main__:run_restore:24 - [80/120] Сканування галереї хакатону: HackDKU 2026...
2026-06-26 08:10:20.774 | INFO     | src.scraper.projects_scraper:fetch_hackathon_projects:31 - Запуск збору проектів для субдомену: hackdku-2026
2026-06-26 08:10:20.774 | INFO     | src.scraper.projects_scraper:fetch_hackathon_projects:35 - Збір проектів, сторінка 1...
2026-06-26 08:10:22.051 | INFO     | src.scraper.projects_scraper:fetch_hackathon_projects:107 - Сторінка 1: успішно зчитано 22 проектів.
2026-06-26 08:10:24.052 | INFO     | src.scraper.projects_scraper:fetch_hackathon_projects:35 - Збір проектів, сторінка 2...
2026-06-26 08:10:24.944 | INFO     | src.scraper.projects_scraper:fetch_hackathon_projects:107 - Сторінка 2: успішно зчитано 10 проектів.
2026-06-26 08:10:26.947 | INFO     | src.scraper.projects_scraper:fetch_hackathon_projects:35 - Збір проектів, сторінка 3...
2026-06-26 08:10:27.653 | INFO     | src.scraper.projects_scraper:fetch_hackathon_projects:52 - На сторінці 3 більше немає карток проектів. Завершуємо збір.
2026-06-26 08:10:27.719 | INFO     | __main__:run_restore:47 -   [ОК] Відновлено посилання для хакатону: HackDKU 2026
2026-06-26 08:10:28.720 | INFO     | __main__:run_restore:24 - [81/120] Сканування галереї хакатону: 2026 MakeNJIT Hardware hackathon...
2026-06-26 08:10:28.721 | INFO     | src.scraper.projects_scraper:fetch_hackathon_projects:31 - Запуск збору проектів для субдомену: 2026-makenjit
2026-06-26 08:10:28.722 | INFO     | src.scraper.projects_scraper:fetch_hackathon_projects:35 - Збір проектів, сторінка 1...
2026-06-26 08:10:30.189 | INFO     | src.scraper.projects_scraper:fetch_hackathon_projects:107 - Сторінка 1: успішно зчитано 24 проектів.
2026-06-26 08:10:32.190 | INFO     | src.scraper.projects_scraper:fetch_hackathon_projects:35 - Збір проектів, сторінка 2...
2026-06-26 08:10:33.033 | INFO     | src.scraper.projects_scraper:fetch_hackathon_projects:107 - Сторінка 2: успішно зчитано 7 проектів.
2026-06-26 08:10:35.036 | INFO     | src.scraper.projects_scraper:fetch_hackathon_projects:35 - Збір проектів, сторінка 3...
2026-06-26 08:10:35.765 | INFO     | src.scraper.projects_scraper:fetch_hackathon_projects:52 - На сторінці 3 більше немає карток проектів. Завершуємо збір.
2026-06-26 08:10:35.827 | INFO     | __main__:run_restore:47 -   [ОК] Відновлено посилання для хакатону: 2026 MakeNJIT Hardware hackathon
2026-06-26 08:10:36.828 | INFO     | __main__:run_restore:24 - [82/120] Сканування галереї хакатону: AI Forecasting Hackathon...
2026-06-26 08:10:36.829 | INFO     | src.scraper.projects_scraper:fetch_hackathon_projects:31 - Запуск збору проектів для субдомену: prophethacks
2026-06-26 08:10:36.829 | INFO     | src.scraper.projects_scraper:fetch_hackathon_projects:35 - Збір проектів, сторінка 1...
2026-06-26 08:10:38.071 | INFO     | src.scraper.projects_scraper:fetch_hackathon_projects:107 - Сторінка 1: успішно зчитано 24 проектів.
2026-06-26 08:10:40.072 | INFO     | src.scraper.projects_scraper:fetch_hackathon_projects:35 - Збір проектів, сторінка 2...
2026-06-26 08:10:41.234 | INFO     | src.scraper.projects_scraper:fetch_hackathon_projects:107 - Сторінка 2: успішно зчитано 24 проектів.
2026-06-26 08:10:43.238 | INFO     | src.scraper.projects_scraper:fetch_hackathon_projects:35 - Збір проектів, сторінка 3...
2026-06-26 08:10:43.994 | INFO     | src.scraper.projects_scraper:fetch_hackathon_projects:107 - Сторінка 3: успішно зчитано 1 проектів.
2026-06-26 08:10:45.994 | INFO     | src.scraper.projects_scraper:fetch_hackathon_projects:35 - Збір проектів, сторінка 4...
2026-06-26 08:10:46.754 | INFO     | src.scraper.projects_scraper:fetch_hackathon_projects:52 - На сторінці 4 більше немає карток проектів. Завершуємо збір.
2026-06-26 08:10:46.864 | INFO     | __main__:run_restore:47 -   [ОК] Відновлено посилання для хакатону: AI Forecasting Hackathon
2026-06-26 08:10:47.865 | INFO     | __main__:run_restore:24 - [83/120] Сканування галереї хакатону: QuantiHack 2026...
2026-06-26 08:10:47.866 | INFO     | src.scraper.projects_scraper:fetch_hackathon_projects:31 - Запуск збору проектів для субдомену: quantihack2026
2026-06-26 08:10:47.866 | INFO     | src.scraper.projects_scraper:fetch_hackathon_projects:35 - Збір проектів, сторінка 1...
2026-06-26 08:10:49.231 | INFO     | src.scraper.projects_scraper:fetch_hackathon_projects:107 - Сторінка 1: успішно зчитано 24 проектів.
2026-06-26 08:10:51.231 | INFO     | src.scraper.projects_scraper:fetch_hackathon_projects:35 - Збір проектів, сторінка 2...
2026-06-26 08:10:52.228 | INFO     | src.scraper.projects_scraper:fetch_hackathon_projects:107 - Сторінка 2: успішно зчитано 15 проектів.
2026-06-26 08:10:54.231 | INFO     | src.scraper.projects_scraper:fetch_hackathon_projects:35 - Збір проектів, сторінка 3...
2026-06-26 08:10:55.016 | INFO     | src.scraper.projects_scraper:fetch_hackathon_projects:52 - На сторінці 3 більше немає карток проектів. Завершуємо збір.
2026-06-26 08:10:55.104 | INFO     | __main__:run_restore:47 -   [ОК] Відновлено посилання для хакатону: QuantiHack 2026
2026-06-26 08:10:56.105 | INFO     | __main__:run_restore:24 - [84/120] Сканування галереї хакатону: Student Life Track Hackathon 2026...
2026-06-26 08:10:56.105 | INFO     | src.scraper.projects_scraper:fetch_hackathon_projects:31 - Запуск збору проектів для субдомену: acaciahackathonstudentlife
2026-06-26 08:10:56.106 | INFO     | src.scraper.projects_scraper:fetch_hackathon_projects:35 - Збір проектів, сторінка 1...
2026-06-26 08:10:57.411 | INFO     | src.scraper.projects_scraper:fetch_hackathon_projects:107 - Сторінка 1: успішно зчитано 24 проектів.
2026-06-26 08:10:59.411 | INFO     | src.scraper.projects_scraper:fetch_hackathon_projects:35 - Збір проектів, сторінка 2...
2026-06-26 08:11:00.202 | INFO     | src.scraper.projects_scraper:fetch_hackathon_projects:107 - Сторінка 2: успішно зчитано 2 проектів.
2026-06-26 08:11:02.205 | INFO     | src.scraper.projects_scraper:fetch_hackathon_projects:35 - Збір проектів, сторінка 3...
2026-06-26 08:11:02.914 | INFO     | src.scraper.projects_scraper:fetch_hackathon_projects:52 - На сторінці 3 більше немає карток проектів. Завершуємо збір.
2026-06-26 08:11:02.968 | INFO     | __main__:run_restore:47 -   [ОК] Відновлено посилання для хакатону: Student Life Track Hackathon 2026
2026-06-26 08:11:03.969 | INFO     | __main__:run_restore:24 - [85/120] Сканування галереї хакатону: IntelliAI Arena...
2026-06-26 08:11:03.969 | INFO     | src.scraper.projects_scraper:fetch_hackathon_projects:31 - Запуск збору проектів для субдомену: intelliai-arena
2026-06-26 08:11:03.970 | INFO     | src.scraper.projects_scraper:fetch_hackathon_projects:35 - Збір проектів, сторінка 1...
2026-06-26 08:11:05.275 | INFO     | src.scraper.projects_scraper:fetch_hackathon_projects:107 - Сторінка 1: успішно зчитано 24 проектів.
2026-06-26 08:11:07.276 | INFO     | src.scraper.projects_scraper:fetch_hackathon_projects:35 - Збір проектів, сторінка 2...
2026-06-26 08:11:08.197 | INFO     | src.scraper.projects_scraper:fetch_hackathon_projects:107 - Сторінка 2: успішно зчитано 5 проектів.
2026-06-26 08:11:10.200 | INFO     | src.scraper.projects_scraper:fetch_hackathon_projects:35 - Збір проектів, сторінка 3...
2026-06-26 08:11:10.887 | INFO     | src.scraper.projects_scraper:fetch_hackathon_projects:52 - На сторінці 3 більше немає карток проектів. Завершуємо збір.
2026-06-26 08:11:10.949 | INFO     | __main__:run_restore:47 -   [ОК] Відновлено посилання для хакатону: IntelliAI Arena
2026-06-26 08:11:11.950 | INFO     | __main__:run_restore:24 - [86/120] Сканування галереї хакатону: Caltech Longevity Hackathon 2026...
2026-06-26 08:11:11.951 | INFO     | src.scraper.projects_scraper:fetch_hackathon_projects:31 - Запуск збору проектів для субдомену: caltechlongevity
2026-06-26 08:11:11.952 | INFO     | src.scraper.projects_scraper:fetch_hackathon_projects:35 - Збір проектів, сторінка 1...
2026-06-26 08:11:12.811 | INFO     | src.scraper.projects_scraper:fetch_hackathon_projects:52 - На сторінці 1 більше немає карток проектів. Завершуємо збір.
2026-06-26 08:11:12.813 | INFO     | __main__:run_restore:47 -   [ОК] Відновлено посилання для хакатону: Caltech Longevity Hackathon 2026
2026-06-26 08:11:13.813 | INFO     | __main__:run_restore:24 - [87/120] Сканування галереї хакатону: AIVENTRA...
2026-06-26 08:11:13.814 | INFO     | src.scraper.projects_scraper:fetch_hackathon_projects:31 - Запуск збору проектів для субдомену: aiventra
2026-06-26 08:11:13.814 | INFO     | src.scraper.projects_scraper:fetch_hackathon_projects:35 - Збір проектів, сторінка 1...
2026-06-26 08:11:14.626 | INFO     | src.scraper.projects_scraper:fetch_hackathon_projects:52 - На сторінці 1 більше немає карток проектів. Завершуємо збір.
2026-06-26 08:11:14.627 | INFO     | __main__:run_restore:47 -   [ОК] Відновлено посилання для хакатону: AIVENTRA
2026-06-26 08:11:15.627 | INFO     | __main__:run_restore:24 - [88/120] Сканування галереї хакатону: AI Unleashed 2026...
2026-06-26 08:11:15.628 | INFO     | src.scraper.projects_scraper:fetch_hackathon_projects:31 - Запуск збору проектів для субдомену: ai-unleashed-2026
2026-06-26 08:11:15.628 | INFO     | src.scraper.projects_scraper:fetch_hackathon_projects:35 - Збір проектів, сторінка 1...
2026-06-26 08:11:16.442 | INFO     | src.scraper.projects_scraper:fetch_hackathon_projects:52 - На сторінці 1 більше немає карток проектів. Завершуємо збір.
2026-06-26 08:11:16.444 | INFO     | __main__:run_restore:47 -   [ОК] Відновлено посилання для хакатону: AI Unleashed 2026
2026-06-26 08:11:17.444 | INFO     | __main__:run_restore:24 - [89/120] Сканування галереї хакатону: VALSEA EdTech System Sprint (HCM)...
2026-06-26 08:11:17.446 | INFO     | src.scraper.projects_scraper:fetch_hackathon_projects:31 - Запуск збору проектів для субдомену: valsea-edtech-system-sprint
2026-06-26 08:11:17.446 | INFO     | src.scraper.projects_scraper:fetch_hackathon_projects:35 - Збір проектів, сторінка 1...
2026-06-26 08:11:18.743 | INFO     | src.scraper.projects_scraper:fetch_hackathon_projects:107 - Сторінка 1: успішно зчитано 23 проектів.
2026-06-26 08:11:20.743 | INFO     | src.scraper.projects_scraper:fetch_hackathon_projects:35 - Збір проектів, сторінка 2...
2026-06-26 08:11:21.531 | INFO     | src.scraper.projects_scraper:fetch_hackathon_projects:107 - Сторінка 2: успішно зчитано 4 проектів.
2026-06-26 08:11:23.534 | INFO     | src.scraper.projects_scraper:fetch_hackathon_projects:35 - Збір проектів, сторінка 3...
2026-06-26 08:11:24.257 | INFO     | src.scraper.projects_scraper:fetch_hackathon_projects:52 - На сторінці 3 більше немає карток проектів. Завершуємо збір.
2026-06-26 08:11:24.314 | INFO     | __main__:run_restore:47 -   [ОК] Відновлено посилання для хакатону: VALSEA EdTech System Sprint (HCM)
2026-06-26 08:11:25.314 | INFO     | __main__:run_restore:24 - [90/120] Сканування галереї хакатону: 2025-2026 Spring ESE Senior Design...
2026-06-26 08:11:25.315 | INFO     | src.scraper.projects_scraper:fetch_hackathon_projects:31 - Запуск збору проектів для субдомену: ese4510s26
2026-06-26 08:11:25.316 | INFO     | src.scraper.projects_scraper:fetch_hackathon_projects:35 - Збір проектів, сторінка 1...
2026-06-26 08:11:26.716 | INFO     | src.scraper.projects_scraper:fetch_hackathon_projects:107 - Сторінка 1: успішно зчитано 22 проектів.
2026-06-26 08:11:28.716 | INFO     | src.scraper.projects_scraper:fetch_hackathon_projects:35 - Збір проектів, сторінка 2...
2026-06-26 08:11:29.411 | INFO     | src.scraper.projects_scraper:fetch_hackathon_projects:52 - На сторінці 2 більше немає карток проектів. Завершуємо збір.
2026-06-26 08:11:29.459 | INFO     | __main__:run_restore:47 -   [ОК] Відновлено посилання для хакатону: 2025-2026 Spring ESE Senior Design
2026-06-26 08:11:30.459 | INFO     | __main__:run_restore:24 - [91/120] Сканування галереї хакатону: xStocks Hackathon EthCC: Market Open...
2026-06-26 08:11:30.459 | INFO     | src.scraper.projects_scraper:fetch_hackathon_projects:31 - Запуск збору проектів для субдомену: xstocks-market-open
2026-06-26 08:11:30.460 | INFO     | src.scraper.projects_scraper:fetch_hackathon_projects:35 - Збір проектів, сторінка 1...
2026-06-26 08:11:31.660 | INFO     | src.scraper.projects_scraper:fetch_hackathon_projects:107 - Сторінка 1: успішно зчитано 18 проектів.
2026-06-26 08:11:33.661 | INFO     | src.scraper.projects_scraper:fetch_hackathon_projects:35 - Збір проектів, сторінка 2...
2026-06-26 08:11:34.382 | INFO     | src.scraper.projects_scraper:fetch_hackathon_projects:52 - На сторінці 2 більше немає карток проектів. Завершуємо збір.
2026-06-26 08:11:34.420 | INFO     | __main__:run_restore:47 -   [ОК] Відновлено посилання для хакатону: xStocks Hackathon EthCC: Market Open
2026-06-26 08:11:35.421 | INFO     | __main__:run_restore:24 - [92/120] Сканування галереї хакатону: 05/22/2026...
2026-06-26 08:11:35.422 | INFO     | src.scraper.projects_scraper:fetch_hackathon_projects:31 - Запуск збору проектів для субдомену: 03-30-2026
2026-06-26 08:11:35.422 | INFO     | src.scraper.projects_scraper:fetch_hackathon_projects:35 - Збір проектів, сторінка 1...
2026-06-26 08:11:36.328 | INFO     | src.scraper.projects_scraper:fetch_hackathon_projects:107 - Сторінка 1: успішно зчитано 3 проектів.
2026-06-26 08:11:38.328 | INFO     | src.scraper.projects_scraper:fetch_hackathon_projects:35 - Збір проектів, сторінка 2...
2026-06-26 08:11:39.050 | INFO     | src.scraper.projects_scraper:fetch_hackathon_projects:52 - На сторінці 2 більше немає карток проектів. Завершуємо збір.
2026-06-26 08:11:39.061 | INFO     | __main__:run_restore:47 -   [ОК] Відновлено посилання для хакатону: 05/22/2026
2026-06-26 08:11:40.062 | INFO     | __main__:run_restore:24 - [93/120] Сканування галереї хакатону: Everything But the Byte...
2026-06-26 08:11:40.062 | INFO     | src.scraper.projects_scraper:fetch_hackathon_projects:31 - Запуск збору проектів для субдомену: everything-but-the-byte
2026-06-26 08:11:40.063 | INFO     | src.scraper.projects_scraper:fetch_hackathon_projects:35 - Збір проектів, сторінка 1...
2026-06-26 08:11:40.955 | INFO     | src.scraper.projects_scraper:fetch_hackathon_projects:52 - На сторінці 1 більше немає карток проектів. Завершуємо збір.
2026-06-26 08:11:40.957 | INFO     | __main__:run_restore:47 -   [ОК] Відновлено посилання для хакатону: Everything But the Byte
2026-06-26 08:11:41.957 | INFO     | __main__:run_restore:24 - [94/120] Сканування галереї хакатону: CodeQuantum 2026...
2026-06-26 08:11:41.958 | INFO     | src.scraper.projects_scraper:fetch_hackathon_projects:31 - Запуск збору проектів для субдомену: codequantum-2026
2026-06-26 08:11:41.958 | INFO     | src.scraper.projects_scraper:fetch_hackathon_projects:35 - Збір проектів, сторінка 1...
2026-06-26 08:11:43.236 | INFO     | src.scraper.projects_scraper:fetch_hackathon_projects:107 - Сторінка 1: успішно зчитано 24 проектів.
2026-06-26 08:11:45.236 | INFO     | src.scraper.projects_scraper:fetch_hackathon_projects:35 - Збір проектів, сторінка 2...
2026-06-26 08:11:46.180 | INFO     | src.scraper.projects_scraper:fetch_hackathon_projects:107 - Сторінка 2: успішно зчитано 10 проектів.
2026-06-26 08:11:48.181 | INFO     | src.scraper.projects_scraper:fetch_hackathon_projects:35 - Збір проектів, сторінка 3...
2026-06-26 08:11:48.874 | INFO     | src.scraper.projects_scraper:fetch_hackathon_projects:52 - На сторінці 3 більше немає карток проектів. Завершуємо збір.
2026-06-26 08:11:48.942 | INFO     | __main__:run_restore:47 -   [ОК] Відновлено посилання для хакатону: CodeQuantum 2026
2026-06-26 08:11:49.943 | INFO     | __main__:run_restore:24 - [95/120] Сканування галереї хакатону: Be Hackathon...
2026-06-26 08:11:49.943 | INFO     | src.scraper.projects_scraper:fetch_hackathon_projects:31 - Запуск збору проектів для субдомену: be-hackathon
2026-06-26 08:11:49.943 | INFO     | src.scraper.projects_scraper:fetch_hackathon_projects:35 - Збір проектів, сторінка 1...
2026-06-26 08:11:51.238 | INFO     | src.scraper.projects_scraper:fetch_hackathon_projects:107 - Сторінка 1: успішно зчитано 24 проектів.
2026-06-26 08:11:53.239 | INFO     | src.scraper.projects_scraper:fetch_hackathon_projects:35 - Збір проектів, сторінка 2...
2026-06-26 08:11:54.011 | INFO     | src.scraper.projects_scraper:fetch_hackathon_projects:107 - Сторінка 2: успішно зчитано 3 проектів.
2026-06-26 08:11:56.012 | INFO     | src.scraper.projects_scraper:fetch_hackathon_projects:35 - Збір проектів, сторінка 3...
2026-06-26 08:11:56.718 | INFO     | src.scraper.projects_scraper:fetch_hackathon_projects:52 - На сторінці 3 більше немає карток проектів. Завершуємо збір.
2026-06-26 08:11:56.774 | INFO     | __main__:run_restore:47 -   [ОК] Відновлено посилання для хакатону: Be Hackathon
2026-06-26 08:11:57.775 | INFO     | __main__:run_restore:24 - [96/120] Сканування галереї хакатону: Vector Vision...
2026-06-26 08:11:57.776 | INFO     | src.scraper.projects_scraper:fetch_hackathon_projects:31 - Запуск збору проектів для субдомену: vector-vision
2026-06-26 08:11:57.776 | INFO     | src.scraper.projects_scraper:fetch_hackathon_projects:35 - Збір проектів, сторінка 1...
2026-06-26 08:11:58.566 | INFO     | src.scraper.projects_scraper:fetch_hackathon_projects:52 - На сторінці 1 більше немає карток проектів. Завершуємо збір.
2026-06-26 08:11:58.567 | INFO     | __main__:run_restore:47 -   [ОК] Відновлено посилання для хакатону: Vector Vision
2026-06-26 08:11:59.568 | INFO     | __main__:run_restore:24 - [97/120] Сканування галереї хакатону: The AI Hack...
2026-06-26 08:11:59.569 | INFO     | src.scraper.projects_scraper:fetch_hackathon_projects:31 - Запуск збору проектів для субдомену: the-ai-hack
2026-06-26 08:11:59.570 | INFO     | src.scraper.projects_scraper:fetch_hackathon_projects:35 - Збір проектів, сторінка 1...
2026-06-26 08:12:00.382 | INFO     | src.scraper.projects_scraper:fetch_hackathon_projects:52 - На сторінці 1 більше немає карток проектів. Завершуємо збір.
2026-06-26 08:12:00.383 | INFO     | __main__:run_restore:47 -   [ОК] Відновлено посилання для хакатону: The AI Hack
2026-06-26 08:12:01.384 | INFO     | __main__:run_restore:24 - [98/120] Сканування галереї хакатону: Spiti-AI Hackathon...
2026-06-26 08:12:01.384 | INFO     | src.scraper.projects_scraper:fetch_hackathon_projects:31 - Запуск збору проектів для субдомену: spitiaihackathon
2026-06-26 08:12:01.384 | INFO     | src.scraper.projects_scraper:fetch_hackathon_projects:35 - Збір проектів, сторінка 1...
2026-06-26 08:12:02.229 | INFO     | src.scraper.projects_scraper:fetch_hackathon_projects:52 - На сторінці 1 більше немає карток проектів. Завершуємо збір.
2026-06-26 08:12:02.233 | INFO     | __main__:run_restore:47 -   [ОК] Відновлено посилання для хакатону: Spiti-AI Hackathon
2026-06-26 08:12:03.234 | INFO     | __main__:run_restore:24 - [99/120] Сканування галереї хакатону: JSS Navotthana 2.0...
2026-06-26 08:12:03.234 | INFO     | src.scraper.projects_scraper:fetch_hackathon_projects:31 - Запуск збору проектів для субдомену: jss-navotthana-2-0
2026-06-26 08:12:03.234 | INFO     | src.scraper.projects_scraper:fetch_hackathon_projects:35 - Збір проектів, сторінка 1...
2026-06-26 08:12:04.086 | INFO     | src.scraper.projects_scraper:fetch_hackathon_projects:52 - На сторінці 1 більше немає карток проектів. Завершуємо збір.
2026-06-26 08:12:04.087 | INFO     | __main__:run_restore:47 -   [ОК] Відновлено посилання для хакатону: JSS Navotthana 2.0
2026-06-26 08:12:05.088 | INFO     | __main__:run_restore:24 - [100/120] Сканування галереї хакатону: Hacknarok...
2026-06-26 08:12:05.088 | INFO     | src.scraper.projects_scraper:fetch_hackathon_projects:31 - Запуск збору проектів для субдомену: hacknarok-180426
2026-06-26 08:12:05.089 | INFO     | src.scraper.projects_scraper:fetch_hackathon_projects:35 - Збір проектів, сторінка 1...
2026-06-26 08:12:05.911 | INFO     | src.scraper.projects_scraper:fetch_hackathon_projects:52 - На сторінці 1 більше немає карток проектів. Завершуємо збір.
2026-06-26 08:12:05.912 | INFO     | __main__:run_restore:47 -   [ОК] Відновлено посилання для хакатону: Hacknarok
2026-06-26 08:12:06.913 | INFO     | __main__:run_restore:24 - [101/120] Сканування галереї хакатону: CyberHack...
2026-06-26 08:12:06.914 | INFO     | src.scraper.projects_scraper:fetch_hackathon_projects:31 - Запуск збору проектів для субдомену: cyberhack-30030
2026-06-26 08:12:06.915 | INFO     | src.scraper.projects_scraper:fetch_hackathon_projects:35 - Збір проектів, сторінка 1...
2026-06-26 08:12:07.694 | INFO     | src.scraper.projects_scraper:fetch_hackathon_projects:52 - На сторінці 1 більше немає карток проектів. Завершуємо збір.
2026-06-26 08:12:07.698 | INFO     | __main__:run_restore:47 -   [ОК] Відновлено посилання для хакатону: CyberHack
2026-06-26 08:12:08.699 | INFO     | __main__:run_restore:24 - [102/120] Сканування галереї хакатону: NeuroHack Spring 2026...
2026-06-26 08:12:08.699 | INFO     | src.scraper.projects_scraper:fetch_hackathon_projects:31 - Запуск збору проектів для субдомену: neurohack-spring-2026
2026-06-26 08:12:08.699 | INFO     | src.scraper.projects_scraper:fetch_hackathon_projects:35 - Збір проектів, сторінка 1...
2026-06-26 08:12:09.754 | INFO     | src.scraper.projects_scraper:fetch_hackathon_projects:107 - Сторінка 1: успішно зчитано 9 проектів.
2026-06-26 08:12:11.754 | INFO     | src.scraper.projects_scraper:fetch_hackathon_projects:35 - Збір проектів, сторінка 2...
2026-06-26 08:12:12.450 | INFO     | src.scraper.projects_scraper:fetch_hackathon_projects:52 - На сторінці 2 більше немає карток проектів. Завершуємо збір.
2026-06-26 08:12:12.472 | INFO     | __main__:run_restore:47 -   [ОК] Відновлено посилання для хакатону: NeuroHack Spring 2026
2026-06-26 08:12:13.473 | INFO     | __main__:run_restore:24 - [103/120] Сканування галереї хакатону: Hack the Tech...
2026-06-26 08:12:13.474 | INFO     | src.scraper.projects_scraper:fetch_hackathon_projects:31 - Запуск збору проектів для субдомену: hack-the-tech
2026-06-26 08:12:13.474 | INFO     | src.scraper.projects_scraper:fetch_hackathon_projects:35 - Збір проектів, сторінка 1...
2026-06-26 08:12:14.264 | INFO     | src.scraper.projects_scraper:fetch_hackathon_projects:52 - На сторінці 1 більше немає карток проектів. Завершуємо збір.
2026-06-26 08:12:14.266 | INFO     | __main__:run_restore:47 -   [ОК] Відновлено посилання для хакатону: Hack the Tech
2026-06-26 08:12:15.266 | INFO     | __main__:run_restore:24 - [104/120] Сканування галереї хакатону: SoCal Claude Builder Club Hackathon...
2026-06-26 08:12:15.267 | INFO     | src.scraper.projects_scraper:fetch_hackathon_projects:31 - Запуск збору проектів для субдомену: socal-cbc-hackathon
2026-06-26 08:12:15.267 | INFO     | src.scraper.projects_scraper:fetch_hackathon_projects:35 - Збір проектів, сторінка 1...
2026-06-26 08:12:16.579 | INFO     | src.scraper.projects_scraper:fetch_hackathon_projects:107 - Сторінка 1: успішно зчитано 24 проектів.
2026-06-26 08:12:18.580 | INFO     | src.scraper.projects_scraper:fetch_hackathon_projects:35 - Збір проектів, сторінка 2...
2026-06-26 08:12:19.440 | INFO     | src.scraper.projects_scraper:fetch_hackathon_projects:107 - Сторінка 2: успішно зчитано 5 проектів.
2026-06-26 08:12:21.440 | INFO     | src.scraper.projects_scraper:fetch_hackathon_projects:35 - Збір проектів, сторінка 3...
2026-06-26 08:12:22.131 | INFO     | src.scraper.projects_scraper:fetch_hackathon_projects:52 - На сторінці 3 більше немає карток проектів. Завершуємо збір.
2026-06-26 08:12:22.191 | INFO     | __main__:run_restore:47 -   [ОК] Відновлено посилання для хакатону: SoCal Claude Builder Club Hackathon
2026-06-26 08:12:23.192 | INFO     | __main__:run_restore:24 - [105/120] Сканування галереї хакатону: UCI AWS Cloud Hacks - 2026...
2026-06-26 08:12:23.193 | INFO     | src.scraper.projects_scraper:fetch_hackathon_projects:31 - Запуск збору проектів для субдомену: uci-aws-cloud-hacks-2026
2026-06-26 08:12:23.194 | INFO     | src.scraper.projects_scraper:fetch_hackathon_projects:35 - Збір проектів, сторінка 1...
2026-06-26 08:12:24.506 | INFO     | src.scraper.projects_scraper:fetch_hackathon_projects:107 - Сторінка 1: успішно зчитано 24 проектів.
2026-06-26 08:12:26.507 | INFO     | src.scraper.projects_scraper:fetch_hackathon_projects:35 - Збір проектів, сторінка 2...
2026-06-26 08:12:27.417 | INFO     | src.scraper.projects_scraper:fetch_hackathon_projects:107 - Сторінка 2: успішно зчитано 7 проектів.
2026-06-26 08:12:29.420 | INFO     | src.scraper.projects_scraper:fetch_hackathon_projects:35 - Збір проектів, сторінка 3...
2026-06-26 08:12:30.142 | INFO     | src.scraper.projects_scraper:fetch_hackathon_projects:52 - На сторінці 3 більше немає карток проектів. Завершуємо збір.
2026-06-26 08:12:30.204 | INFO     | __main__:run_restore:47 -   [ОК] Відновлено посилання для хакатону: UCI AWS Cloud Hacks - 2026
2026-06-26 08:12:31.205 | INFO     | __main__:run_restore:24 - [106/120] Сканування галереї хакатону: Bharat Bricks Hacks 2026: IIT Delhi...
2026-06-26 08:12:31.207 | INFO     | src.scraper.projects_scraper:fetch_hackathon_projects:31 - Запуск збору проектів для субдомену: bb2026-iitd
2026-06-26 08:12:31.207 | INFO     | src.scraper.projects_scraper:fetch_hackathon_projects:35 - Збір проектів, сторінка 1...
2026-06-26 08:12:32.020 | INFO     | src.scraper.projects_scraper:fetch_hackathon_projects:52 - На сторінці 1 більше немає карток проектів. Завершуємо збір.
2026-06-26 08:12:32.022 | INFO     | __main__:run_restore:47 -   [ОК] Відновлено посилання для хакатону: Bharat Bricks Hacks 2026: IIT Delhi
2026-06-26 08:12:33.022 | INFO     | __main__:run_restore:24 - [107/120] Сканування галереї хакатону: Global Public Health Hackathon 2026...
2026-06-26 08:12:33.023 | INFO     | src.scraper.projects_scraper:fetch_hackathon_projects:31 - Запуск збору проектів для субдомену: health-hackathon-2026
2026-06-26 08:12:33.024 | INFO     | src.scraper.projects_scraper:fetch_hackathon_projects:35 - Збір проектів, сторінка 1...
2026-06-26 08:12:34.467 | INFO     | src.scraper.projects_scraper:fetch_hackathon_projects:107 - Сторінка 1: успішно зчитано 24 проектів.
2026-06-26 08:12:36.468 | INFO     | src.scraper.projects_scraper:fetch_hackathon_projects:35 - Збір проектів, сторінка 2...
2026-06-26 08:12:37.182 | INFO     | src.scraper.projects_scraper:fetch_hackathon_projects:52 - На сторінці 2 більше немає карток проектів. Завершуємо збір.
2026-06-26 08:12:37.232 | INFO     | __main__:run_restore:47 -   [ОК] Відновлено посилання для хакатону: Global Public Health Hackathon 2026
2026-06-26 08:12:38.233 | INFO     | __main__:run_restore:24 - [108/120] Сканування галереї хакатону: Databricks_Accenture_Hackathon...
2026-06-26 08:12:38.233 | INFO     | src.scraper.projects_scraper:fetch_hackathon_projects:31 - Запуск збору проектів для субдомену: databricksaccenturehackathon
2026-06-26 08:12:38.234 | INFO     | src.scraper.projects_scraper:fetch_hackathon_projects:35 - Збір проектів, сторінка 1...
2026-06-26 08:12:39.056 | INFO     | src.scraper.projects_scraper:fetch_hackathon_projects:52 - На сторінці 1 більше немає карток проектів. Завершуємо збір.
2026-06-26 08:12:39.057 | INFO     | __main__:run_restore:47 -   [ОК] Відновлено посилання для хакатону: Databricks_Accenture_Hackathon
2026-06-26 08:12:40.057 | INFO     | __main__:run_restore:24 - [109/120] Сканування галереї хакатону: Hack the Bay Launch 2026...
2026-06-26 08:12:40.058 | INFO     | src.scraper.projects_scraper:fetch_hackathon_projects:31 - Запуск збору проектів для субдомену: hackthebay
2026-06-26 08:12:40.058 | INFO     | src.scraper.projects_scraper:fetch_hackathon_projects:35 - Збір проектів, сторінка 1...
2026-06-26 08:12:41.437 | INFO     | src.scraper.projects_scraper:fetch_hackathon_projects:107 - Сторінка 1: успішно зчитано 23 проектів.
2026-06-26 08:12:43.437 | INFO     | src.scraper.projects_scraper:fetch_hackathon_projects:35 - Збір проектів, сторінка 2...
2026-06-26 08:12:44.375 | INFO     | src.scraper.projects_scraper:fetch_hackathon_projects:107 - Сторінка 2: успішно зчитано 9 проектів.
2026-06-26 08:12:46.376 | INFO     | src.scraper.projects_scraper:fetch_hackathon_projects:35 - Збір проектів, сторінка 3...
2026-06-26 08:12:47.112 | INFO     | src.scraper.projects_scraper:fetch_hackathon_projects:52 - На сторінці 3 більше немає карток проектів. Завершуємо збір.
2026-06-26 08:12:47.177 | INFO     | __main__:run_restore:47 -   [ОК] Відновлено посилання для хакатону: Hack the Bay Launch 2026
2026-06-26 08:12:48.178 | INFO     | __main__:run_restore:24 - [110/120] Сканування галереї хакатону: MariHacks IX...
2026-06-26 08:12:48.179 | INFO     | src.scraper.projects_scraper:fetch_hackathon_projects:31 - Запуск збору проектів для субдомену: marihacks-ix
2026-06-26 08:12:48.180 | INFO     | src.scraper.projects_scraper:fetch_hackathon_projects:35 - Збір проектів, сторінка 1...
2026-06-26 08:12:49.614 | INFO     | src.scraper.projects_scraper:fetch_hackathon_projects:107 - Сторінка 1: успішно зчитано 24 проектів.
2026-06-26 08:12:51.615 | INFO     | src.scraper.projects_scraper:fetch_hackathon_projects:35 - Збір проектів, сторінка 2...
2026-06-26 08:12:52.457 | INFO     | src.scraper.projects_scraper:fetch_hackathon_projects:107 - Сторінка 2: успішно зчитано 5 проектів.
2026-06-26 08:12:54.460 | INFO     | src.scraper.projects_scraper:fetch_hackathon_projects:35 - Збір проектів, сторінка 3...
2026-06-26 08:12:55.203 | INFO     | src.scraper.projects_scraper:fetch_hackathon_projects:52 - На сторінці 3 більше немає карток проектів. Завершуємо збір.
2026-06-26 08:12:55.274 | INFO     | __main__:run_restore:47 -   [ОК] Відновлено посилання для хакатону: MariHacks IX
2026-06-26 08:12:56.275 | INFO     | __main__:run_restore:24 - [111/120] Сканування галереї хакатону: HackFox...
2026-06-26 08:12:56.276 | INFO     | src.scraper.projects_scraper:fetch_hackathon_projects:31 - Запуск збору проектів для субдомену: hackfox
2026-06-26 08:12:56.276 | INFO     | src.scraper.projects_scraper:fetch_hackathon_projects:35 - Збір проектів, сторінка 1...
2026-06-26 08:12:57.953 | INFO     | src.scraper.projects_scraper:fetch_hackathon_projects:107 - Сторінка 1: успішно зчитано 24 проектів.
2026-06-26 08:12:59.954 | INFO     | src.scraper.projects_scraper:fetch_hackathon_projects:35 - Збір проектів, сторінка 2...
2026-06-26 08:13:00.680 | INFO     | src.scraper.projects_scraper:fetch_hackathon_projects:52 - На сторінці 2 більше немає карток проектів. Завершуємо збір.
2026-06-26 08:13:00.730 | INFO     | __main__:run_restore:47 -   [ОК] Відновлено посилання для хакатону: HackFox
2026-06-26 08:13:01.731 | INFO     | __main__:run_restore:24 - [112/120] Сканування галереї хакатону: Build for the Border - Immigrant Hackathon NYC...
2026-06-26 08:13:01.732 | INFO     | src.scraper.projects_scraper:fetch_hackathon_projects:31 - Запуск збору проектів для субдомену: immigrant-hack-nyc
2026-06-26 08:13:01.733 | INFO     | src.scraper.projects_scraper:fetch_hackathon_projects:35 - Збір проектів, сторінка 1...
2026-06-26 08:13:02.570 | INFO     | src.scraper.projects_scraper:fetch_hackathon_projects:52 - На сторінці 1 більше немає карток проектів. Завершуємо збір.
2026-06-26 08:13:02.572 | INFO     | __main__:run_restore:47 -   [ОК] Відновлено посилання для хакатону: Build for the Border - Immigrant Hackathon NYC
2026-06-26 08:13:03.573 | INFO     | __main__:run_restore:24 - [113/120] Сканування галереї хакатону: AgentVerse...
2026-06-26 08:13:03.573 | INFO     | src.scraper.projects_scraper:fetch_hackathon_projects:31 - Запуск збору проектів для субдомену: agentversemcp
2026-06-26 08:13:03.574 | INFO     | src.scraper.projects_scraper:fetch_hackathon_projects:35 - Збір проектів, сторінка 1...
2026-06-26 08:13:04.868 | INFO     | src.scraper.projects_scraper:fetch_hackathon_projects:107 - Сторінка 1: успішно зчитано 24 проектів.
2026-06-26 08:13:06.868 | INFO     | src.scraper.projects_scraper:fetch_hackathon_projects:35 - Збір проектів, сторінка 2...
2026-06-26 08:13:07.665 | INFO     | src.scraper.projects_scraper:fetch_hackathon_projects:52 - На сторінці 2 більше немає карток проектів. Завершуємо збір.
2026-06-26 08:13:07.720 | INFO     | __main__:run_restore:47 -   [ОК] Відновлено посилання для хакатону: AgentVerse
2026-06-26 08:13:08.721 | INFO     | __main__:run_restore:24 - [114/120] Сканування галереї хакатону: comma_hack (six)...
2026-06-26 08:13:08.721 | INFO     | src.scraper.projects_scraper:fetch_hackathon_projects:31 - Запуск збору проектів для субдомену: comma-hack-six
2026-06-26 08:13:08.721 | INFO     | src.scraper.projects_scraper:fetch_hackathon_projects:35 - Збір проектів, сторінка 1...
2026-06-26 08:13:09.522 | INFO     | src.scraper.projects_scraper:fetch_hackathon_projects:52 - На сторінці 1 більше немає карток проектів. Завершуємо збір.
2026-06-26 08:13:09.524 | INFO     | __main__:run_restore:47 -   [ОК] Відновлено посилання для хакатону: comma_hack (six)
2026-06-26 08:13:10.524 | INFO     | __main__:run_restore:24 - [115/120] Сканування галереї хакатону: Red Alert | Cybersecurity Hackathon 2026...
2026-06-26 08:13:10.525 | INFO     | src.scraper.projects_scraper:fetch_hackathon_projects:31 - Запуск збору проектів для субдомену: red-alert-hackathon
2026-06-26 08:13:10.525 | INFO     | src.scraper.projects_scraper:fetch_hackathon_projects:35 - Збір проектів, сторінка 1...
2026-06-26 08:13:11.311 | INFO     | src.scraper.projects_scraper:fetch_hackathon_projects:52 - На сторінці 1 більше немає карток проектів. Завершуємо збір.
2026-06-26 08:13:11.312 | INFO     | __main__:run_restore:47 -   [ОК] Відновлено посилання для хакатону: Red Alert | Cybersecurity Hackathon 2026
2026-06-26 08:13:12.312 | INFO     | __main__:run_restore:24 - [116/120] Сканування галереї хакатону: SattamThon...
2026-06-26 08:13:12.313 | INFO     | src.scraper.projects_scraper:fetch_hackathon_projects:31 - Запуск збору проектів для субдомену: sattamthon
2026-06-26 08:13:12.313 | INFO     | src.scraper.projects_scraper:fetch_hackathon_projects:35 - Збір проектів, сторінка 1...
2026-06-26 08:13:13.118 | INFO     | src.scraper.projects_scraper:fetch_hackathon_projects:52 - На сторінці 1 більше немає карток проектів. Завершуємо збір.
2026-06-26 08:13:13.122 | INFO     | __main__:run_restore:47 -   [ОК] Відновлено посилання для хакатону: SattamThon
2026-06-26 08:13:14.122 | INFO     | __main__:run_restore:24 - [117/120] Сканування галереї хакатону: DawsHacks 2026...
2026-06-26 08:13:14.124 | INFO     | src.scraper.projects_scraper:fetch_hackathon_projects:31 - Запуск збору проектів для субдомену: dawshacks2026
2026-06-26 08:13:14.124 | INFO     | src.scraper.projects_scraper:fetch_hackathon_projects:35 - Збір проектів, сторінка 1...
2026-06-26 08:13:15.258 | INFO     | src.scraper.projects_scraper:fetch_hackathon_projects:107 - Сторінка 1: успішно зчитано 19 проектів.
2026-06-26 08:13:17.258 | INFO     | src.scraper.projects_scraper:fetch_hackathon_projects:35 - Збір проектів, сторінка 2...
2026-06-26 08:13:17.965 | INFO     | src.scraper.projects_scraper:fetch_hackathon_projects:52 - На сторінці 2 більше немає карток проектів. Завершуємо збір.
2026-06-26 08:13:18.008 | INFO     | __main__:run_restore:47 -   [ОК] Відновлено посилання для хакатону: DawsHacks 2026
2026-06-26 08:13:19.008 | INFO     | __main__:run_restore:24 - [118/120] Сканування галереї хакатону: Alan x Mistral: AI Health Hack...
2026-06-26 08:13:19.009 | INFO     | src.scraper.projects_scraper:fetch_hackathon_projects:31 - Запуск збору проектів для субдомену: alan-x-mistral-health-hack
2026-06-26 08:13:19.009 | INFO     | src.scraper.projects_scraper:fetch_hackathon_projects:35 - Збір проектів, сторінка 1...
2026-06-26 08:13:20.364 | INFO     | src.scraper.projects_scraper:fetch_hackathon_projects:107 - Сторінка 1: успішно зчитано 24 проектів.
2026-06-26 08:13:22.365 | INFO     | src.scraper.projects_scraper:fetch_hackathon_projects:35 - Збір проектів, сторінка 2...
2026-06-26 08:13:23.066 | INFO     | src.scraper.projects_scraper:fetch_hackathon_projects:52 - На сторінці 2 більше немає карток проектів. Завершуємо збір.
2026-06-26 08:13:23.118 | INFO     | __main__:run_restore:47 -   [ОК] Відновлено посилання для хакатону: Alan x Mistral: AI Health Hack
2026-06-26 08:13:24.118 | INFO     | __main__:run_restore:24 - [119/120] Сканування галереї хакатону: ViTAL Hacks 2026...
2026-06-26 08:13:24.119 | INFO     | src.scraper.projects_scraper:fetch_hackathon_projects:31 - Запуск збору проектів для субдомену: vital-hacks-2026
2026-06-26 08:13:24.120 | INFO     | src.scraper.projects_scraper:fetch_hackathon_projects:35 - Збір проектів, сторінка 1...
2026-06-26 08:13:25.135 | INFO     | src.scraper.projects_scraper:fetch_hackathon_projects:107 - Сторінка 1: успішно зчитано 9 проектів.
2026-06-26 08:13:27.136 | INFO     | src.scraper.projects_scraper:fetch_hackathon_projects:35 - Збір проектів, сторінка 2...
2026-06-26 08:13:27.843 | INFO     | src.scraper.projects_scraper:fetch_hackathon_projects:52 - На сторінці 2 більше немає карток проектів. Завершуємо збір.
2026-06-26 08:13:27.865 | INFO     | __main__:run_restore:47 -   [ОК] Відновлено посилання для хакатону: ViTAL Hacks 2026
2026-06-26 08:13:28.866 | INFO     | __main__:run_restore:24 - [120/120] Сканування галереї хакатону: Claude Builder Hackathon, UG...
2026-06-26 08:13:28.868 | INFO     | src.scraper.projects_scraper:fetch_hackathon_projects:31 - Запуск збору проектів для субдомену: claude-builder-hackathon-ug
2026-06-26 08:13:28.868 | INFO     | src.scraper.projects_scraper:fetch_hackathon_projects:35 - Збір проектів, сторінка 1...
2026-06-26 08:13:30.195 | INFO     | src.scraper.projects_scraper:fetch_hackathon_projects:107 - Сторінка 1: успішно зчитано 24 проектів.
2026-06-26 08:13:32.196 | INFO     | src.scraper.projects_scraper:fetch_hackathon_projects:35 - Збір проектів, сторінка 2...
2026-06-26 08:13:32.924 | INFO     | src.scraper.projects_scraper:fetch_hackathon_projects:52 - На сторінці 2 більше немає карток проектів. Завершуємо збір.
2026-06-26 08:13:32.976 | INFO     | __main__:run_restore:47 -   [ОК] Відновлено посилання для хакатону: Claude Builder Hackathon, UG
2026-06-26 08:13:34.010 | INFO     | __main__:run_restore:57 - 🎉 Процедуру відновлення посилань успішно завершено!
